Latitude,Longitude
12.920882,77.562305
12.970079,77.556174
12.949924,77.587535
12.925127,77.552554
12.969642,77.599689
12.966986,77.549712
12.969251,77.567107
12.977129,77.608559
12.970573,77.563617
12.932459,77.568967
13.021041,77.5599
12.945619,77.595361
12.959969,77.564165
12.984859,77.576177
12.999208,77.562293
12.98889,77.579253
12.983542,77.564819
12.992747,77.582835
12.995667,77.581644
12.96627,77.56843
12.919517,77.579622
12.975635,77.581515
12.944017,77.570072
13.00144,77.601132
12.982105,77.591981
12.954054,77.585051
12.988078,77.589774
12.988967,77.583954
12.955322,77.554372
12.956073,77.589401
12.965315,77.572996
12.971011,77.595276
12.942262,77.527213
12.968112,77.580543
12.929333,77.542629
12.933612,77.566166
12.957793,77.593741
12.930869,77.599768
12.932263,77.562652
12.94448,77.572093
12.967908,77.56192
12.978029,77.569489
12.940674,77.587647
12.94958,77.602617
13.011439,77.587042
12.987329,77.648636
12.977358,77.628768
12.953757,77.597198
12.957935,77.572618
12.988974,77.608384
13.009384,77.553303
12.985092,77.569071
12.989363,77.625078
12.965618,77.557112
12.96787,77.647057
12.942247,77.573215
12.959103,77.630563
12.968487,77.627658
12.958154,77.612845
12.989539,77.57453
12.997371,77.579428
12.948716,77.603624
12.966898,77.640252
12.949522,77.595887
12.94435,77.537443
12.945557,77.601133
12.99638,77.623135
12.951152,77.576364
13.003533,77.654611
12.98308,77.592971
12.934174,77.581939
12.970971,77.625605
12.965148,77.607663
12.921052,77.587
13.001944,77.592814
12.978575,77.568387
13.025945,77.61106
13.009053,77.631253
12.988971,77.639899
12.931442,77.611077
12.982691,77.574679
12.970244,77.576958
12.986563,77.572397
12.977983,77.65336
12.964401,77.563909
12.974404,77.586689
12.980568,77.635096
12.982695,77.591933
12.983103,77.570074
13.014377,77.547069
12.93321,77.575692
12.927974,77.567566
12.969181,77.549028
12.990951,77.587769
12.997432,77.651888
12.993247,77.589789
12.98692,77.579259
12.97189,77.639839
12.945104,77.567644
12.965041,77.582169
12.973933,77.57558
12.973991,77.603232
12.921424,77.546585
12.957484,77.600226
12.957244,77.577461
12.965619,77.551374
12.98177,77.656722
12.980163,77.592327
12.981864,77.627808
12.983103,77.566281
12.934808,77.596257
12.982004,77.64139
12.945154,77.564471
12.970761,77.557297
12.918441,77.583321
12.982603,77.557688
12.993137,77.641696
12.981414,77.569643
12.964907,77.548837
12.94197,77.562546
12.996695,77.547985
12.981572,77.642339
13.008601,77.632463
12.997164,77.646626
12.912017,77.593774
12.943656,77.633487
12.945006,77.573222
12.973288,77.640551
12.968289,77.617439
12.980328,77.58274
12.981132,77.559523
13.001087,77.572682
12.966582,77.647961
12.95237,77.567212
12.960241,77.556201
12.922804,77.559959
12.963117,77.552759
12.981386,77.578683
12.979272,77.643259
12.924304,77.59111
12.910737,77.595503
12.955605,77.570833
12.923489,77.547086
12.979474,77.549617
12.927055,77.584347
12.969717,77.651223
12.98639,77.635029
12.982135,77.613068
12.968495,77.594295
12.966407,77.639034
12.991759,77.570592
12.9414,77.64817
12.988551,77.629932
13.022974,77.597429
12.981205,77.568534
12.996613,77.565007
12.973022,77.55847
12.932152,77.587501
12.983193,77.563261
12.928244,77.549286
12.979392,77.545827
12.997998,77.565819
12.938047,77.581565
13.033759,77.563472
12.977493,77.540003
12.979893,77.649908
12.942551,77.581696
12.918298,77.570468
12.943502,77.555438
12.94399,77.558228
13.013216,77.564856
12.995198,77.586207
12.982545,77.610432
12.984609,77.630618
12.971431,77.565738
12.978557,77.553874
12.950357,77.590246
12.913408,77.590633
12.951189,77.554922
13.007255,77.57913
13.014592,77.58052
13.003473,77.589198
12.928482,77.549804
12.977971,77.63783
12.931067,77.537214
12.959449,77.637813
12.975207,77.569452
12.977408,77.604815
12.968397,77.588799
13.009234,77.57431
12.919353,77.540367
12.991418,77.637513
12.977335,77.621146
12.959431,77.550463
12.941535,77.578852
13.004778,77.586042
12.995138,77.644099
12.957176,77.654986
12.988073,77.557305
12.985601,77.536232
12.946702,77.620048
12.97955,77.624019
12.932143,77.570674
12.963974,77.571271
12.934826,77.614517
12.960149,77.588943
12.968596,77.565921
12.945935,77.591149
12.994338,77.565904
12.980087,77.618322
12.979687,77.593072
12.931156,77.573108
12.946342,77.58155
12.998895,77.641594
12.968175,77.65322
13.01447,77.559733
12.951731,77.565766
12.996115,77.631202
12.924608,77.558443
13.017284,77.58651
12.992042,77.653527
12.980206,77.580985
13.009128,77.614192
12.984726,77.562025
12.976032,77.642637
12.962786,77.575803
12.98406,77.556331
12.974771,77.568592
12.978164,77.582777
12.97449,77.645671
12.975129,77.594864
12.945019,77.567042
12.985212,77.567607
12.97377,77.564099
12.966537,77.638683
12.951152,77.576364
12.962972,77.66003
12.956037,77.560646
12.979891,77.552599
12.962641,77.582663
12.969692,77.562124
12.95101,77.559594
12.994391,77.562534
12.98029,77.593917
12.986262,77.572636
12.984625,77.598117
12.991333,77.560912
12.926417,77.540829
13.001032,77.563655
12.965345,77.567735
12.963593,77.574805
12.931547,77.602218
12.97893,77.574994
12.991481,77.57421
12.911632,77.587285
12.943702,77.630073
13.008928,77.593372
12.995435,77.652832
12.968181,77.573591
12.982284,77.575818
12.952175,77.597233
13.000098,77.641732
12.982346,77.619077
13.012008,77.568864
12.976834,77.579541
12.948309,77.590933
12.970925,77.584546
12.952168,77.609326
12.947076,77.594137
12.983931,77.539595
12.995728,77.591891
12.976854,77.586948
12.9609,77.625454
13.00019,77.557226
12.979374,77.571754
12.940226,77.590365
12.914609,77.563651
12.99091,77.57736
12.983289,77.572328
12.991235,77.575131
13.004148,77.567719
13.016585,77.548275
12.934775,77.560094
12.922017,77.584921
12.970109,77.568691
12.964966,77.587441
13.032983,77.548093
12.913217,77.599833
12.926383,77.568825
12.979533,77.582437
12.953072,77.656604
12.965533,77.667117
12.980054,77.628129
13.016504,77.577291
12.941633,77.639013
12.964298,77.555098
13.007049,77.573046
13.020016,77.632305
13.015377,77.58151
12.991714,77.658008
12.9466,77.614397
12.922325,77.615175
12.922467,77.615787
12.968969,77.636106
12.976146,77.561696
12.955808,77.635902
12.981826,77.635854
12.991323,77.635546
12.995465,77.572892
12.95971,77.641863
12.979464,77.597259
12.997054,77.574589
12.957581,77.557976
12.977606,77.574802
12.985322,77.584015
12.967453,77.581313
13.007427,77.56868
12.961936,77.561976
12.958166,77.620306
12.98238,77.598016
12.991874,77.551802
12.967087,77.570963
12.918837,77.607699
12.979974,77.581369
12.992097,77.622806
12.942433,77.576916
13.009143,77.585723
12.975766,77.563753
12.941026,77.626
12.997812,77.570652
12.97072,77.572963
12.969186,77.57395
12.988192,77.555029
12.931581,77.604446
12.993714,77.549569
13.012256,77.657083
12.979579,77.58624
12.911056,77.566682
12.976006,77.586662
12.973308,77.600613
12.960455,77.644246
13.004401,77.588795
12.96852,77.55428
12.996429,77.584249
13.003342,77.575277
13.007486,77.660795
12.95501,77.547769
12.987746,77.613181
12.980258,77.575421
12.989702,77.630906
12.974184,77.578692
12.964652,77.654324
13.014758,77.583203
12.995293,77.574325
12.999076,77.589367
12.991297,77.615502
12.993781,77.635072
13.002247,77.556445
13.008072,77.615431
12.939791,77.596428
12.977135,77.571917
12.986604,77.666509
12.950409,77.579535
12.978601,77.589924
12.932416,77.591475
12.942894,77.604462
12.977834,77.614737
12.969472,77.656875
12.972514,77.58128
12.966451,77.583159
12.942088,77.557314
13.000273,77.573474
12.972513,77.56528
13.008515,77.557875
12.972276,77.590439
13.010429,77.571157
12.967515,77.57807
13.017609,77.581194
12.981928,77.574389
12.924162,77.602354
12.96841,77.577253
12.96946,77.577723
12.949604,77.587885
12.968225,77.638111
12.934824,77.561903
12.969076,77.657222
12.925148,77.578909
12.981309,77.59218
12.938565,77.637343
12.997271,77.572961
12.994497,77.630147
12.985179,77.574794
13.038156,77.558467
12.968776,77.578704
12.995795,77.573756
12.96374,77.587368
12.979923,77.552879
12.978538,77.648866
12.95351,77.587908
12.963207,77.576944
12.979425,77.592169
12.978397,77.655056
12.991059,77.563656
12.958415,77.583845
12.99287,77.561435
13.030298,77.577371
12.995036,77.571158
13.025819,77.567353
13.033883,77.580832
12.999152,77.628549
12.985666,77.565021
12.96674,77.57718
12.974841,77.593082
12.963061,77.589987
12.981724,77.629932
13.019092,77.589217
12.972169,77.642692
12.977689,77.641993
12.977151,77.626155
12.997471,77.562159
12.99341,77.624263
12.980722,77.577571
12.990237,77.636303
12.995626,77.621518
13.007129,77.621596
12.973938,77.580221
13.00421,77.564065
12.979694,77.634351
12.98954,77.5948
12.959089,77.525726
13.002215,77.588372
12.975521,77.622911
12.967378,77.572238
12.989971,77.6294
12.957192,77.585904
12.989495,77.574332
12.972301,77.59307
12.987614,77.587615
13.026452,77.554507
12.980908,77.565667
12.926781,77.568062
12.966709,77.588403
12.966153,77.637094
13.00701,77.569407
12.995016,77.600653
12.960644,77.59992
13.00538,77.569994
12.990782,77.538307
12.936861,77.586838
12.951567,77.572601
12.997643,77.595348
12.95283,77.590256
12.967404,77.623792
12.930547,77.606448
13.017747,77.555788
12.927361,77.612445
12.97754,77.58462
12.958279,77.604931
13.00289,77.584496
12.93753,77.569828
12.920789,77.565864
12.98691,77.585755
12.980296,77.568161
12.97573,77.568113
12.970655,77.585307
12.970595,77.600518
12.97516,77.566245
12.981944,77.640588
13.003571,77.636344
12.97766,77.631827
12.973982,77.662178
12.933265,77.617046
12.913567,77.587346
13.000588,77.558258
12.969119,77.592513
12.958718,77.574121
12.97054,77.552378
12.955925,77.611268
12.968907,77.570839
12.983365,77.570194
12.968387,77.573705
12.931544,77.54464
12.978943,77.577553
12.963451,77.590482
12.975504,77.595848
12.99664,77.571126
12.940195,77.605642
12.98038,77.572825
12.913884,77.58058
12.972252,77.601649
12.968937,77.570612
12.974736,77.602254
12.97422,77.630561
12.974516,77.555335
12.980694,77.665133
12.910608,77.589029
12.979371,77.578976
13.000467,77.567797
12.993539,77.640449
12.93797,77.548949
12.962141,77.640227
13.001662,77.575888
12.960701,77.567019
12.98271,77.571947
12.991106,77.578124
12.970161,77.648483
12.99655,77.591606
12.945738,77.574547
13.003987,77.54092
12.956594,77.575797
13.004226,77.588261
12.983243,77.561669
12.991681,77.550912
13.000712,77.560315
12.969358,77.618593
12.959102,77.582123
13.000211,77.569741
12.970775,77.653305
12.98129,77.654749
12.969848,77.572316
12.992077,77.60242
12.945947,77.579649
12.968744,77.556246
12.940371,77.576873
12.916052,77.559742
12.959498,77.557632
12.939418,77.596463
12.994707,77.636966
12.950265,77.587686
12.980828,77.546666
12.912263,77.574254
12.990402,77.59779
12.963143,77.567796
12.976806,77.61525
12.98504,77.582556
12.984619,77.540824
12.944469,77.557476
12.918393,77.542161
12.934315,77.591433
12.975871,77.572183
13.007026,77.596572
12.983117,77.588796
12.998238,77.577355
12.974795,77.560989
12.9971,77.643595
12.987477,77.628025
12.913981,77.610576
12.987703,77.581814
12.917171,77.583662
12.963416,77.577876
13.006349,77.584701
12.926277,77.570015
12.924805,77.555401
13.013891,77.567309
12.967354,77.555974
12.985848,77.57247
12.938002,77.60864
12.956499,77.593613
13.016604,77.54858
13.010096,77.543471
12.949059,77.585286
13.008856,77.592288
12.987243,77.646587
12.96026,77.63646
12.961822,77.587766
12.992436,77.571052
12.947954,77.659513
12.980125,77.580947
12.981518,77.565515
12.959102,77.615908
13.020847,77.571436
12.992849,77.654819
12.951295,77.599488
12.998839,77.576101
13.020337,77.580918
12.969339,77.593912
13.005701,77.561415
12.989798,77.633623
12.954665,77.575716
12.994574,77.558312
12.96956,77.633498
12.97472,77.567631
12.97034,77.65553
12.998061,77.56825
12.930876,77.578045
12.971018,77.649989
12.973113,77.55147
12.985519,77.576006
12.990058,77.637366
13.020361,77.590809
12.970013,77.576723
12.948936,77.627673
12.94033,77.585088
12.93536,77.55905
12.966393,77.595893
12.985118,77.564167
12.999198,77.55969
12.977932,77.582408
12.99967,77.570776
12.977241,77.586295
13.010798,77.598848
12.964446,77.577775
12.988465,77.643809
12.934174,77.581939
12.983874,77.581413
12.966113,77.602308
12.990014,77.572428
12.97322,77.539203
12.957655,77.561257
12.955389,77.565956
12.961612,77.580132
12.942396,77.580854
12.953946,77.644384
12.997229,77.567399
12.915902,77.57601
12.985774,77.576094
12.961002,77.577711
12.920032,77.586181
12.971233,77.591094
13.002509,77.570154
12.986884,77.593069
13.005301,77.567004
12.963395,77.553279
12.988834,77.590422
12.99736,77.662436
13.002708,77.554036
12.940497,77.573836
13.010909,77.587635
12.928219,77.563357
12.947744,77.630649
12.999737,77.570275
12.969993,77.584485
12.910402,77.562295
12.988241,77.615044
13.035692,77.573537
12.94056,77.556414
12.983459,77.587307
12.987977,77.565225
12.978777,77.560001
13.015985,77.596426
12.986529,77.557052
12.99193,77.553472
13.000569,77.576186
12.96288,77.581005
12.970544,77.581615
12.975465,77.569733
12.932188,77.582461
12.983091,77.577909
12.92426,77.58499
12.975143,77.58652
13.012622,77.578471
12.981395,77.596706
12.973164,77.629802
13.007664,77.575556
12.992585,77.56121
13.000518,77.571181
12.928704,77.621987
12.979509,77.62376
12.96014,77.558895
12.984034,77.570299
12.96323,77.552104
13.011844,77.556867
12.97585,77.572454
12.914518,77.567743
12.971805,77.639041
12.984926,77.632952
12.984421,77.659951
12.94905,77.555073
13.003668,77.5845
12.988369,77.568704
12.969514,77.569268
12.966996,77.564782
12.950433,77.577468
12.980318,77.622033
12.961224,77.562645
12.98938,77.547352
12.987649,77.578387
12.995199,77.621534
12.997271,77.572961
12.947746,77.555174
12.957227,77.600091
12.993494,77.602378
12.984163,77.640501
12.913092,77.560996
12.951775,77.592788
12.968649,77.624722
12.978839,77.624599
12.939992,77.569216
12.943833,77.578836
12.975632,77.577094
12.959828,77.602465
12.968908,77.679344
13.003541,77.566317
12.932779,77.57951
12.928455,77.560366
12.979375,77.587063
13.016163,77.565514
12.968659,77.577545
12.94173,77.616448
12.974561,77.608209
12.948359,77.596139
13.011439,77.578968
12.916984,77.585068
13.004183,77.556373
12.994623,77.627848
12.978383,77.619214
13.006465,77.580641
12.933395,77.553274
12.974732,77.617961
12.928505,77.593394
12.996575,77.564045
13.002097,77.647898
12.976699,77.573933
12.987646,77.569012
12.911988,77.570794
12.930082,77.58127
12.969141,77.580138
12.953167,77.650207
12.989111,77.560496
12.965563,77.561594
12.996931,77.576717
12.991131,77.568305
12.974444,77.641512
12.970264,77.642596
12.974866,77.574667
12.955432,77.580329
13.0093,77.54965
12.964044,77.582379
12.922121,77.548762
12.969798,77.63852
13.004025,77.567596
12.970128,77.607601
12.983575,77.594269
13.029403,77.57243
12.974303,77.618317
12.952947,77.588733
12.986013,77.564402
12.967258,77.603935
12.999287,77.595299
12.942642,77.595856
12.969356,77.568585
12.965857,77.677108
12.979674,77.585129
12.929185,77.576175
12.950751,77.658453
12.967824,77.548251
12.920061,77.582673
12.983158,77.57756
13.01435,77.57117
12.910546,77.583216
12.93206,77.610125
12.950839,77.58106
12.98968,77.572306
12.973372,77.646281
12.982845,77.584787
12.942098,77.580485
12.943558,77.551495
12.93111,77.579696
12.96262,77.590976
13.009123,77.583986
12.976177,77.555541
12.96146,77.577436
12.95333,77.544252
12.978612,77.605289
12.97967,77.591995
13.006552,77.56291
13.013508,77.593508
12.963961,77.605326
12.979224,77.568151
12.962753,77.568744
12.99852,77.560596
12.9916,77.564241
12.964863,77.632055
12.98557,77.572245
12.970083,77.673114
12.989797,77.641284
12.979286,77.597617
12.988123,77.585034
12.94277,77.589368
12.985789,77.650009
12.951575,77.574279
12.995754,77.580934
12.964322,77.607844
12.936159,77.582736
13.005748,77.591764
12.986664,77.64965
12.920705,77.569567
13.019609,77.587599
12.980515,77.640004
12.985964,77.591725
13.015772,77.571502
12.932581,77.532824
12.980949,77.657577
12.982981,77.562598
12.947808,77.605486
12.972061,77.556917
12.983584,77.653445
12.949789,77.556483
12.948936,77.627673
13.003781,77.568414
13.004224,77.568375
13.003146,77.630163
12.981484,77.563188
12.984094,77.584641
12.996495,77.57732
12.958934,77.640647
12.958065,77.579453
12.964057,77.561289
12.983588,77.56413
12.9492,77.568917
12.972729,77.631795
12.926549,77.585452
12.985478,77.595884
12.981281,77.589475
12.972638,77.58376
12.959672,77.534057
12.998265,77.574545
12.979357,77.6302
13.020001,77.598472
12.96978,77.568121
12.981858,77.598482
12.931707,77.576391
13.000588,77.558258
12.96701,77.588697
12.969269,77.580489
12.991185,77.571564
12.985465,77.558111
12.958913,77.583089
12.922294,77.594875
12.986518,77.577272
12.983231,77.575867
12.985886,77.608571
12.965323,77.57673
12.921758,77.546871
12.964886,77.644723
12.988756,77.641985
12.976015,77.548777
13.005986,77.549824
12.993143,77.591284
13.014425,77.561481
13.00904,77.63207
12.931988,77.579585
12.983811,77.620197
12.952626,77.579335
12.970924,77.650637
12.929274,77.607418
12.969107,77.637169
12.990261,77.605029
12.973265,77.660186
12.978454,77.646564
12.935805,77.577955
13.003828,77.561857
13.015819,77.553881
12.985212,77.572294
12.96602,77.552473
12.947973,77.566705
12.983329,77.556698
13.013871,77.643995
12.949826,77.583043
12.988561,77.561904
12.912984,77.596323
12.916095,77.55048
12.952525,77.563868
12.950127,77.604846
12.942623,77.573378
12.981425,77.568106
12.971361,77.623376
13.006509,77.590066
13.026275,77.570386
12.925921,77.586437
13.017709,77.608422
12.987112,77.593329
12.971265,77.597633
12.97512,77.555049
12.996057,77.556268
12.972879,77.594355
12.984059,77.579205
13.00536,77.562018
12.982764,77.570671
12.971854,77.598259
12.961511,77.584056
12.99015,77.616877
12.979311,77.575691
12.915946,77.56939
12.950491,77.591635
13.004573,77.566063
12.994476,77.595872
12.989483,77.640712
12.986024,77.567423
12.961428,77.563182
12.9243,77.563091
12.988539,77.64805
12.955143,77.570055
12.939538,77.565685
12.973286,77.588104
13.009169,77.570408
12.98925,77.56125
13.005069,77.59026
12.978984,77.624714
12.97623,77.534524
12.960786,77.567542
12.952386,77.615179
12.991144,77.532395
12.962937,77.575603
12.943515,77.59791
12.995897,77.592148
13.022565,77.564284
12.957807,77.634007
13.000061,77.62793
13.00617,77.566518
12.988296,77.557095
12.99598,77.580996
12.921214,77.605372
12.963544,77.587694
12.975734,77.568384
12.985962,77.652609
13.003328,77.626115
13.001103,77.582607
12.990146,77.567219
12.978806,77.583433
13.023629,77.557981
12.990546,77.661253
13.022611,77.566782
12.987988,77.638203
12.981077,77.566326
12.988581,77.606909
12.976411,77.588607
12.978716,77.579672
12.966739,77.551234
12.912067,77.559565
12.91943,77.607549
12.990958,77.640107
12.975862,77.658394
12.979357,77.6302
12.995824,77.597813
12.986097,77.661513
12.969497,77.56729
12.973985,77.655358
12.919081,77.616094
12.97107,77.56023
12.973838,77.640844
12.979744,77.568633
12.978622,77.578396
13.013299,77.595879
12.980944,77.540399
12.956857,77.566437
12.982407,77.626965
12.911681,77.578358
12.927646,77.579486
12.981834,77.546642
12.961908,77.553431
12.974193,77.613761
12.987898,77.590496
12.982664,77.648115
12.976916,77.568993
12.976777,77.562556
12.970651,77.561279
12.986938,77.647304
12.927259,77.552801
12.99327,77.569217
12.967675,77.581468
12.91897,77.611691
12.9331,77.562294
12.929527,77.598843
12.976954,77.580851
12.962637,77.583689
12.968476,77.615838
12.973478,77.575577
13.000225,77.59773
13.01139,77.669707
12.923892,77.599974
12.912128,77.571441
12.998133,77.585661
13.002367,77.580607
12.990423,77.562356
12.933229,77.580886
12.955641,77.607503
13.009209,77.645967
12.949829,77.575596
12.918391,77.567945
12.97932,77.553897
13.003461,77.578557
12.983524,77.581433
12.969444,77.658162
12.988979,77.566136
12.981271,77.659701
12.953515,77.587008
12.996069,77.561754
13.013,77.570919
12.985451,77.626723
12.950466,77.556014
12.969181,77.549028
12.958144,77.644656
12.991624,77.653285
12.997257,77.587415
12.949301,77.59479
12.970696,77.615745
12.955343,77.570592
12.959434,77.57295
12.981593,77.536407
12.955364,77.565828
12.978797,77.568364
12.969315,77.603924
13.017136,77.556541
12.953333,77.570278
12.97341,77.556565
12.983617,77.636939
12.994535,77.571668
12.938749,77.576988
12.994101,77.57541
12.989276,77.623262
13.027381,77.549391
12.993077,77.642179
12.91742,77.595747
12.965062,77.546121
12.980166,77.592654
13.003172,77.548778
13.00733,77.553564
12.93339,77.582559
12.965462,77.587315
12.918026,77.59407
12.91359,77.588731
12.96923,77.624779
13.027032,77.568051
12.985733,77.566052
12.981087,77.675476
12.961553,77.56763
12.990038,77.561231
12.925617,77.577681
12.959991,77.551932
12.980391,77.60556
12.969905,77.571637
12.997925,77.581627
12.960887,77.570198
12.977169,77.570798
12.97145,77.626793
12.950778,77.621049
12.988821,77.576621
12.953545,77.565669
12.992751,77.636989
13.002859,77.575552
13.012303,77.577493
12.982384,77.633119
13.016871,77.575145
12.964662,77.564922
12.931844,77.608005
12.92328,77.582602
12.970689,77.576649
12.924232,77.567986
12.957104,77.563065
12.977345,77.60121
12.957477,77.581954
12.921227,77.589813
13.02873,77.637042
13.019695,77.581286
13.010104,77.561855
13.004873,77.588403
13.024145,77.592968
13.000835,77.577408
13.018492,77.55225
12.970079,77.556174
12.97752,77.633277
12.959069,77.576032
12.995556,77.631257
12.958934,77.578422
12.989861,77.53383
12.9976,77.584288
12.916719,77.605443
12.968755,77.56946
12.991549,77.621919
12.959496,77.563218
12.99195,77.5887
12.938323,77.570301
12.981785,77.623628
12.972533,77.595102
12.964349,77.56159
12.970396,77.577732
12.950821,77.581384
12.991708,77.668821
12.973123,77.645324
12.913989,77.598774
12.978286,77.569851
12.959482,77.575967
12.941282,77.602845
12.937941,77.604126
12.990397,77.590949
12.995405,77.630252
13.004818,77.547294
12.967439,77.562992
12.975984,77.580588
12.960955,77.626998
13.013406,77.572909
12.974378,77.559005
12.976024,77.590887
12.983468,77.567338
12.960146,77.575022
12.965273,77.616146
12.96416,77.560098
12.996031,77.598549
12.975965,77.654771
12.992671,77.647465
12.981888,77.623432
12.968289,77.617439
13.009791,77.556506
12.994278,77.596114
12.973556,77.650031
12.942318,77.560024
12.997962,77.563844
12.946996,77.532259
12.941961,77.59615
12.979044,77.607715
12.964329,77.636977
12.963179,77.626696
12.961582,77.557978
13.005038,77.564944
12.965257,77.574128
13.002251,77.539125
12.922296,77.626198
12.992843,77.66534
12.946957,77.596564
12.942732,77.650412
12.995769,77.580926
12.958668,77.552806
12.999433,77.575114
12.934961,77.589365
12.984766,77.641656
12.967542,77.602279
13.024568,77.583206
12.947002,77.602355
12.956176,77.556792
12.977193,77.633253
12.990831,77.558153
12.945184,77.590253
12.991692,77.622346
12.981447,77.575334
13.002802,77.575762
12.959374,77.6008
12.952933,77.55651
12.944687,77.577556
12.987563,77.638338
12.950247,77.648091
12.989017,77.556892
12.976567,77.576062
12.970383,77.573005
12.990833,77.546779
12.979524,77.564716
12.965431,77.554403
12.968728,77.551019
12.98055,77.664037
12.974494,77.583955
12.946837,77.565525
12.960836,77.634516
12.953999,77.55637
12.969513,77.574722
12.959153,77.57986
12.939263,77.587481
12.956275,77.558738
13.013961,77.581734
12.975377,77.578683
12.99903,77.63758
12.973352,77.660291
12.978864,77.590752
12.930525,77.61144
13.032435,77.585658
12.920228,77.588861
12.920241,77.602322
12.979124,77.564598
12.979163,77.65957
12.911079,77.545699
12.935638,77.588721
13.007029,77.586068
12.922081,77.57228
12.962897,77.670563
12.92859,77.59697
12.962339,77.637685
13.028658,77.556966
12.925775,77.595084
12.976523,77.663667
12.971387,77.597923
12.977885,77.575421
13.010162,77.599252
12.98584,77.65114
12.994763,77.670617
12.999938,77.633823
12.974297,77.643249
12.92791,77.593818
12.978136,77.652506
12.984914,77.566548
13.001038,77.57707
12.975373,77.582598
12.990638,77.584717
13.020489,77.550993
12.995123,77.580264
12.970227,77.655435
12.979299,77.649807
12.965737,77.602335
12.947488,77.541446
12.997952,77.573578
12.991469,77.639931
12.986718,77.62984
12.959013,77.561897
12.967079,77.579157
12.964346,77.556181
12.94582,77.602245
12.993491,77.584199
12.999596,77.561098
12.988344,77.555585
12.963698,77.648761
12.978297,77.582957
12.988521,77.566434
12.958627,77.577452
13.004894,77.579367
12.91859,77.581441
13.003875,77.62291
12.956253,77.57853
12.975795,77.575155
12.934815,77.57724
12.99519,77.56848
12.973588,77.63331
13.004498,77.577672
12.961688,77.610784
12.957222,77.635594
12.920085,77.593451
12.949977,77.534392
13.005909,77.570574
12.993759,77.558051
12.97043,77.585218
12.983327,77.606924
12.995779,77.575543
12.960531,77.563361
12.97611,77.642935
12.9672,77.617218
12.995355,77.586594
12.967645,77.628931
12.954487,77.552135
12.997139,77.591165
12.982941,77.567967
12.971492,77.569432
12.978798,77.569489
12.999571,77.558585
12.973812,77.632357
12.982854,77.590671
12.97343,77.584406
12.930791,77.572402
12.91051,77.601741
12.978161,77.590473
12.988553,77.566457
12.974456,77.549859
12.951849,77.605426
12.987779,77.648236
12.920746,77.583262
13.005959,77.574163
12.928533,77.593095
12.983614,77.630728
13.022974,77.597429
12.960205,77.567114
13.00862,77.648946
12.993748,77.65105
12.973228,77.636178
12.963141,77.563686
13.024742,77.571688
13.001719,77.577114
12.923984,77.58578
12.95473,77.583378
13.023072,77.598198
13.010509,77.594506
12.926552,77.533448
12.989219,77.631044
12.968341,77.579516
12.923592,77.544576
13.002375,77.591525
12.984014,77.548879
13.027213,77.568083
12.955367,77.548067
12.9789,77.663928
12.942652,77.554513
12.958824,77.593449
12.986947,77.561861
12.97554,77.578832
12.959049,77.581625
13.003495,77.563875
12.986166,77.588527
12.92448,77.573582
12.979932,77.56088
12.973921,77.590034
12.932538,77.590081
12.988566,77.597702
12.987311,77.589561
12.973587,77.568394
12.968421,77.567693
13.026972,77.592438
13.011348,77.549125
12.992838,77.573447
12.990299,77.635365
12.999013,77.566146
12.9398,77.643954
12.974719,77.571653
12.971459,77.640919
12.997019,77.600705
12.944512,77.571054
12.949062,77.668722
12.97677,77.610757
12.980021,77.559083
12.91045,77.590751
12.918394,77.590671
12.922061,77.587202
12.974293,77.538317
12.980707,77.565347
13.007363,77.558331
12.983457,77.576699
12.989199,77.607367
12.993721,77.569401
12.941633,77.639013
12.943443,77.566656
13.012485,77.567502
12.973027,77.659385
13.014667,77.6452
12.963008,77.560253
12.997415,77.567517
12.967662,77.632044
12.981156,77.56036
12.928713,77.55083
12.970754,77.611797
12.939876,77.583314
12.928112,77.595499
12.950786,77.534602
12.977116,77.675522
12.985923,77.6281
12.964674,77.573508
12.912176,77.567156
12.988148,77.583725
13.012373,77.562364
12.959002,77.591718
12.99174,77.641311
13.023574,77.603025
12.971426,77.58901
12.998273,77.607563
12.97766,77.650982
12.981176,77.591065
12.959861,77.569432
12.979522,77.546536
12.997655,77.559862
12.965557,77.580749
12.960501,77.5794
12.965212,77.577554
12.9962,77.614134
12.930628,77.559348
12.950902,77.572996
12.996481,77.633389
12.954451,77.62583
13.009122,77.581643
12.973795,77.578063
13.021277,77.524517
12.98622,77.600797
12.952962,77.550207
12.979395,77.643866
12.924786,77.570958
12.981949,77.643085
12.925647,77.564934
12.981401,77.581499
12.973401,77.636739
12.940424,77.562949
12.968301,77.631137
12.966498,77.662926
12.919599,77.595962
12.997979,77.645649
12.924303,77.573069
12.944639,77.564284
13.016953,77.557428
12.988511,77.65453
12.974778,77.564914
13.011779,77.585289
12.981619,77.571784
12.9941,77.62288
12.98356,77.603552
12.929982,77.596846
12.988158,77.606485
12.987707,77.614804
12.986238,77.572395
12.990757,77.58171
12.997307,77.641364
12.97091,77.610395
12.992775,77.579663
12.978787,77.562891
12.960981,77.665475
12.990129,77.646747
12.928318,77.595027
13.003102,77.616692
12.911913,77.563291
13.03478,77.574077
12.957512,77.587584
12.992229,77.564315
12.981231,77.659718
13.005717,77.580768
12.978196,77.586155
12.978753,77.605439
13.009221,77.582656
13.034744,77.567204
12.966147,77.581252
12.958951,77.567641
12.94091,77.556904
12.925894,77.598572
12.966584,77.577989
12.943653,77.571385
12.978072,77.537389
12.973886,77.574416
12.93619,77.572887
13.016543,77.587781
12.930587,77.610279
12.946273,77.558835
12.934632,77.566675
12.975708,77.579789
12.953219,77.597253
12.979649,77.660383
12.970052,77.649335
12.998169,77.580112
12.976419,77.631513
13.006615,77.565762
12.945207,77.586429
12.984024,77.585056
12.942727,77.602384
13.015424,77.563117
12.992018,77.578244
12.919917,77.599206
12.990727,77.598021
12.988264,77.638536
12.992391,77.556277
13.004655,77.621251
12.994356,77.583665
12.946227,77.550037
12.990888,77.564563
12.923879,77.594613
12.981179,77.655969
12.964842,77.624057
12.983071,77.562874
12.988358,77.659256
12.999292,77.569452
13.009355,77.554826
12.929355,77.624638
12.937467,77.576956
13.017609,77.581194
13.005624,77.585517
12.987116,77.644359
12.985925,77.566137
12.984371,77.605682
13.011149,77.623093
13.002343,77.631592
12.97976,77.631391
12.972846,77.5873
12.978222,77.586999
13.004904,77.574043
12.977829,77.561354
12.9717,77.574892
12.969859,77.576078
12.969036,77.650948
12.973625,77.636706
12.96788,77.544492
13.009774,77.56777
12.97443,77.644396
12.968173,77.553055
12.972203,77.575061
12.93731,77.591719
12.995718,77.638655
12.965823,77.531258
12.970649,77.579694
12.967509,77.585773
12.961092,77.578219
12.917714,77.561833
13.000185,77.579782
12.973664,77.631107
12.954678,77.61429
13.0083,77.567087
12.962752,77.57198
13.005547,77.57119
12.926456,77.572022
12.998252,77.56135
12.982664,77.573853
12.914208,77.567359
12.991814,77.585639
12.925985,77.580922
13.005191,77.565339
12.992432,77.558389
12.9621,77.584006
12.997177,77.568593
12.95777,77.617947
13.003985,77.667222
12.915925,77.579297
12.962302,77.653155
12.982778,77.555262
12.938387,77.568174
12.969852,77.573755
12.960889,77.646677
12.914945,77.567423
12.970978,77.57455
12.986338,77.59618
12.928482,77.531875
12.997368,77.5778
12.96103,77.580245
13.004107,77.546861
12.967976,77.629364
13.009583,77.59077
12.979109,77.654324
12.943827,77.574344
12.991864,77.575427
12.979347,77.59169
12.979992,77.642529
12.970129,77.635662
12.970551,77.580341
12.968493,77.579153
12.96266,77.582351
12.947399,77.570336
12.996468,77.568079
12.973062,77.564786
12.95934,77.625869
12.989067,77.659099
13.033211,77.572948
12.962357,77.597532
12.987965,77.56884
12.989451,77.650904
12.973783,77.589638
12.983852,77.562447
12.957231,77.649828
13.009588,77.57568
12.971013,77.579678
12.969127,77.590541
12.948831,77.599061
13.000206,77.564656
12.979604,77.580323
12.954274,77.576746
12.955888,77.596641
12.992264,77.579324
12.922867,77.591341
12.988764,77.539144
12.989352,77.616152
12.977484,77.632389
13.018204,77.555651
13.019441,77.554656
12.978195,77.655696
12.976175,77.582176
12.975181,77.576561
12.945472,77.614494
12.959701,77.577811
12.99268,77.550132
12.940718,77.579631
12.91494,77.560336
13.00209,77.60292
13.007255,77.582335
12.956982,77.627224
12.943078,77.596192
12.972863,77.639603
12.98129,77.654749
12.983218,77.610432
12.968965,77.564706
12.995578,77.648161
12.945253,77.554227
13.011214,77.586011
12.965122,77.588186
12.940742,77.591179
12.987409,77.544318
12.954429,77.645708
12.972919,77.624542
13.007823,77.580689
12.956168,77.581071
12.98613,77.543733
12.980447,77.586487
12.99517,77.62275
12.999286,77.56605
12.963986,77.564097
12.977163,77.580516
12.97585,77.572454
12.961188,77.557756
13.012375,77.578718
12.962263,77.593427
12.96819,77.583137
12.950189,77.643699
12.986347,77.651867
12.95321,77.594104
12.934995,77.573546
12.951189,77.533177
12.981676,77.59096
12.979238,77.603468
12.977837,77.578418
12.987583,77.596641
12.984134,77.538594
12.938343,77.609439
12.942133,77.581523
13.020399,77.550525
12.98512,77.570393
12.97365,77.61936
12.974019,77.566969
12.956691,77.595819
12.937037,77.586173
12.981564,77.578348
12.965963,77.555041
12.94441,77.593198
12.94154,77.572957
12.969212,77.653029
12.993024,77.581263
12.960281,77.660903
12.982352,77.614216
12.968913,77.587583
12.959322,77.575949
13.01686,77.549773
12.991957,77.552668
13.000863,77.550811
12.960897,77.56425
12.931664,77.590947
12.998356,77.585972
12.984365,77.556919
13.020798,77.584974
12.922125,77.598228
12.969424,77.567073
13.003094,77.589715
12.98534,77.589637
12.991424,77.599393
12.980222,77.593133
13.016416,77.593109
12.963074,77.576276
12.977075,77.644974
12.984113,77.579777
13.008286,77.555415
13.00372,77.526166
12.965425,77.572669
13.000145,77.561145
12.951324,77.560011
12.987738,77.669941
12.987606,77.562482
12.964797,77.636726
12.923172,77.592948
12.967507,77.579226
12.968625,77.592629
12.972123,77.580745
12.964739,77.573907
12.969248,77.56108
12.977919,77.56921
12.987753,77.5918
12.967329,77.605672
12.988399,77.580065
12.97341,77.556565
12.958813,77.599554
12.919467,77.561688
12.962976,77.636992
13.008068,77.655913
12.955989,77.609435
12.958838,77.569119
12.955118,77.543976
12.926755,77.592376
12.986709,77.544795
12.997242,77.590524
12.996887,77.627892
12.977093,77.588034
12.99274,77.583415
12.99149,77.661301
12.994562,77.577141
12.953682,77.55177
12.98767,77.6393
12.999791,77.608001
12.994058,77.57646
12.917763,77.550472
12.990666,77.57223
13.01403,77.594617
12.922061,77.587202
12.97888,77.58513
12.975666,77.58119
12.933822,77.542767
12.972094,77.647721
12.994849,77.56106
12.961576,77.621596
12.919914,77.559755
12.976741,77.635186
12.94786,77.595677
12.96581,77.5741
12.921854,77.587693
12.954886,77.577957
12.979257,77.63714
12.967404,77.550461
12.912676,77.562116
12.987921,77.663519
12.922838,77.616311
12.984526,77.597763
12.980401,77.560294
12.970732,77.650278
12.972657,77.566691
12.912737,77.573176
12.93112,77.606961
12.96585,77.592104
12.996272,77.565449
12.935575,77.575909
13.01826,77.526464
12.960721,77.602405
12.982403,77.574423
12.92145,77.615021
13.001126,77.568299
12.965272,77.590533
12.98391,77.581605
13.00041,77.568762
13.001099,77.572632
12.97932,77.553897
12.997756,77.586005
13.004718,77.659423
12.989863,77.569954
12.993126,77.635602
12.990828,77.587716
12.980086,77.572319
12.977423,77.572588
12.978837,77.661803
12.984948,77.641212
12.985746,77.670752
12.993418,77.565443
12.982804,77.584028
13.004483,77.621269
12.986884,77.593069
12.987097,77.600677
12.974942,77.642852
12.984929,77.582835
12.965912,77.6244
12.96561,77.576458
12.951135,77.577529
12.930635,77.596836
12.98223,77.604072
12.973049,77.560625
12.951756,77.551633
12.982527,77.660318
12.983913,77.580007
12.917387,77.564619
12.969689,77.588834
12.921824,77.564938
12.9717,77.639198
13.011007,77.558171
12.982884,77.583991
13.008804,77.563757
12.921539,77.59425
12.987405,77.56933
12.967205,77.57368
12.998504,77.578298
12.976785,77.561202
12.962636,77.540548
12.977216,77.552082
13.000899,77.636046
12.957334,77.601174
13.036548,77.560818
12.995337,77.644481
12.963653,77.654853
12.980081,77.632888
12.965487,77.612561
12.957255,77.631522
12.989498,77.630639
12.954289,77.581613
12.93361,77.593611
12.98422,77.561245
13.008164,77.578105
13.006785,77.596724
12.948046,77.586568
12.968755,77.56946
12.91192,77.593553
12.970678,77.586496
12.964456,77.627254
12.9872,77.569
12.94898,77.55188
12.91863,77.606469
12.979096,77.605243
12.929312,77.599192
12.968476,77.615838
12.999704,77.577706
12.99124,77.64007
12.920156,77.569862
12.991575,77.574099
12.987331,77.639995
12.941032,77.570524
12.959052,77.523292
12.987528,77.567058
12.976542,77.582819
12.91942,77.581014
12.957877,77.563848
12.950528,77.601426
12.960662,77.57637
12.997549,77.559625
12.970027,77.568646
12.975074,77.647678
12.971992,77.56609
12.934559,77.587696
12.960157,77.573646
13.000616,77.583725
12.962628,77.578713
12.957534,77.590766
12.997994,77.579185
12.966042,77.577545
12.917783,77.600797
12.941533,77.566405
12.974103,77.568379
12.973887,77.548326
12.938358,77.593128
12.98519,77.582433
12.965573,77.647939
12.981467,77.580713
12.977178,77.56842
12.920854,77.588703
12.976955,77.589482
12.986449,77.558883
12.910703,77.629513
13.024071,77.575069
12.954073,77.564851
12.985405,77.636102
12.970787,77.602234
12.991284,77.572719
12.972992,77.642446
12.979214,77.580869
13.036031,77.552061
12.951644,77.568592
13.027107,77.569921
12.998542,77.662597
12.991442,77.59557
12.985104,77.632822
12.967961,77.578431
12.927723,77.598499
12.920684,77.562942
12.991095,77.645464
12.916358,77.591559
12.962525,77.600982
13.011132,77.583256
13.007188,77.561119
13.011719,77.548293
12.960262,77.649798
12.960896,77.579528
12.997912,77.650437
12.938677,77.586881
12.979547,77.628497
13.007374,77.55991
12.955799,77.577768
13.006558,77.577114
12.985084,77.664002
12.917969,77.560584
12.958951,77.567641
12.985183,77.578783
12.932553,77.595681
13.006886,77.576901
12.988855,77.593949
12.997343,77.608613
12.977614,77.595172
12.971263,77.62914
12.969734,77.64009
12.993616,77.583268
12.955711,77.595584
12.992075,77.570048
12.990038,77.635398
12.934642,77.581347
12.982207,77.638139
12.942262,77.527213
13.018268,77.570789
12.976119,77.569454
12.975367,77.584913
12.995698,77.561386
12.983097,77.659125
12.979323,77.570274
12.948267,77.578433
12.973757,77.564736
12.963443,77.576591
12.944961,77.58421
12.967354,77.555974
12.965914,77.576786
12.976653,77.615004
12.999324,77.577147
13.004975,77.567049
13.006323,77.614076
12.925366,77.569867
12.915425,77.529717
12.986595,77.565548
13.0058,77.619348
13.006888,77.532907
12.983867,77.593681
12.960966,77.578078
12.982953,77.622844
13.005046,77.633473
13.004912,77.587434
12.978301,77.671922
12.9865,77.550924
12.979235,77.636009
12.95828,77.572712
12.972648,77.573174
12.96838,77.656272
13.004105,77.581952
12.955656,77.571027
12.99158,77.560715
12.923254,77.605634
12.923984,77.608638
13.008998,77.563394
12.986507,77.640192
12.939992,77.569216
12.970651,77.554509
12.98099,77.626791
13.02466,77.617543
12.970031,77.552813
12.915727,77.590252
12.982965,77.558616
12.997667,77.566782
12.938476,77.552464
12.910329,77.575076
12.99794,77.575738
12.960808,77.582683
12.977178,77.65669
12.960756,77.57494
12.920388,77.576744
12.931121,77.577836
12.991235,77.575131
12.963929,77.640476
13.002389,77.574608
13.009291,77.642575
12.988855,77.593949
12.969596,77.647332
13.01012,77.579075
12.956624,77.550769
12.956138,77.572583
12.974894,77.576429
12.98967,77.566802
13.020302,77.591693
12.968327,77.604944
12.978408,77.563763
12.927375,77.594007
12.913869,77.56413
12.961742,77.558906
12.97957,77.592227
12.969278,77.595314
12.988348,77.58657
12.979538,77.539112
13.011503,77.561921
13.000866,77.558795
13.003876,77.551813
12.939248,77.575427
12.984084,77.570165
12.98599,77.590373
12.920326,77.596714
12.983264,77.620552
12.949071,77.591075
12.932362,77.571999
12.967636,77.607597
13.000587,77.581054
12.997816,77.599264
12.961347,77.575574
12.988232,77.563262
12.959927,77.643627
12.981846,77.591971
12.945523,77.573571
12.987984,77.60373
12.930278,77.574432
12.997698,77.607668
12.940369,77.608878
12.933711,77.586527
12.982732,77.597273
12.976353,77.561866
12.9769,77.551488
12.979026,77.656044
13.023089,77.587794
12.993444,77.634459
12.964982,77.572161
12.93456,77.59365
13.000329,77.639242
12.998358,77.579679
13.004001,77.582804
12.970785,77.64645
12.957694,77.576542
13.003221,77.559433
12.962648,77.586271
12.980213,77.641936
12.995355,77.586594
12.929763,77.58251
12.980405,77.573128
12.987928,77.585273
12.949764,77.566952
12.956635,77.660165
12.969109,77.568973
12.995045,77.577858
12.959295,77.586123
13.002454,77.589671
12.99381,77.568861
13.021407,77.561221
12.971407,77.588904
12.980647,77.568904
12.992484,77.637853
12.949156,77.599227
12.988464,77.663013
12.958375,77.66852
12.975812,77.582545
12.990986,77.557713
12.996579,77.660413
12.956879,77.632246
12.968953,77.569074
12.980514,77.558983
13.00553,77.577071
12.937544,77.568191
12.981179,77.655969
12.979772,77.585333
12.98925,77.569016
12.997277,77.549806
13.034083,77.579173
12.967748,77.585341
12.97091,77.569511
12.924267,77.576048
12.966423,77.588972
13.006201,77.571617
12.994094,77.627235
12.918274,77.632657
12.963916,77.567049
13.004592,77.589526
12.975551,77.565985
12.97001,77.597812
13.000686,77.627218
12.995465,77.584227
12.927975,77.553602
12.948831,77.563383
12.99261,77.583343
12.978329,77.626266
12.957882,77.592187
12.990966,77.652037
12.952192,77.60193
12.984998,77.656802
12.926676,77.552479
12.954534,77.592416
13.011928,77.567304
12.918731,77.578975
12.968445,77.631274
12.97713,77.665774
12.981435,77.576487
12.9598,77.569878
12.974861,77.599737
12.984762,77.57162
12.963206,77.56305
12.962236,77.644346
12.966951,77.584128
12.9766,77.558374
12.973752,77.580709
12.967148,77.569732
13.014653,77.581781
12.979982,77.579207
12.967984,77.622253
12.931768,77.566933
12.959783,77.567033
12.993079,77.568097
12.958829,77.599309
12.991259,77.628187
12.969142,77.575156
12.933679,77.570882
12.92138,77.584225
12.962129,77.572505
12.988421,77.649767
12.971844,77.634341
12.964652,77.654324
12.980969,77.649272
12.931812,77.577313
12.954066,77.58295
12.946046,77.635174
12.911459,77.589723
12.978775,77.637723
12.927102,77.598542
12.985086,77.566237
12.990048,77.574079
12.97397,77.607457
12.988417,77.605297
12.998991,77.579082
12.957269,77.644941
12.970314,77.649118
12.980735,77.569843
12.957353,77.591173
12.974968,77.592689
12.990012,77.573389
12.970296,77.573358
12.957601,77.5754
12.922961,77.572055
12.922061,77.573538
12.972065,77.628361
12.96611,77.626704
13.028065,77.56218
12.9663,77.596957
12.927218,77.570746
12.965633,77.637124
12.949011,77.634496
12.94135,77.580193
12.99113,77.589915
12.995501,77.579532
12.981836,77.594506
12.975509,77.57012
12.952238,77.5868
12.989623,77.576472
12.922013,77.616569
12.964182,77.574104
12.944396,77.605008
12.990986,77.610479
12.91899,77.606064
12.935939,77.596074
12.945594,77.603868
12.974456,77.547004
12.982105,77.561001
12.990554,77.645846
12.963325,77.587242
12.97876,77.645551
13.005717,77.580768
12.988242,77.573124
12.970261,77.653816
12.971212,77.573126
12.942234,77.655323
12.967526,77.579703
12.929945,77.590658
12.935592,77.633211
12.930198,77.580102
12.961893,77.620377
12.98319,77.580034
12.923061,77.572901
12.964079,77.569192
12.977255,77.588193
12.967244,77.577336
13.012165,77.564609
12.975768,77.618331
13.008054,77.54983
12.96211,77.643854
12.983239,77.599365
12.913032,77.582319
12.971791,77.58602
12.941028,77.589699
12.97635,77.575433
12.988513,77.594587
12.969149,77.629963
13.004915,77.588347
12.968666,77.571017
12.983954,77.572735
13.007386,77.660462
12.956801,77.574076
12.97631,77.567219
12.969734,77.584758
12.982563,77.566636
12.978332,77.666876
12.944222,77.584882
12.934254,77.562568
12.984712,77.573054
12.96386,77.661635
12.951077,77.557652
12.973004,77.551443
12.987442,77.572205
12.960016,77.605245
12.954871,77.597354
12.993088,77.572559
12.964803,77.638402
12.980558,77.58288
12.996342,77.575585
12.953767,77.582943
12.983593,77.583113
12.96357,77.601113
12.969678,77.588447
12.965555,77.591902
12.986404,77.583096
12.995907,77.652941
12.992018,77.578244
12.977223,77.575976
12.960785,77.566721
12.96332,77.573795
12.953138,77.583419
12.963181,77.581267
12.936077,77.568447
12.939601,77.602348
12.92883,77.565127
12.995005,77.584426
13.00511,77.554807
12.993161,77.596256
12.959929,77.588765
12.944243,77.59132
13.004124,77.565439
13.003979,77.597622
12.931988,77.58801
12.981462,77.577411
12.920887,77.60047
12.974052,77.61782
12.993389,77.590447
12.974931,77.575942
12.974297,77.567539
12.987082,77.635222
12.973515,77.572128
13.001388,77.556791
12.95237,77.567212
12.923466,77.578112
12.928357,77.580058
12.968655,77.549871
13.006036,77.56109
12.995482,77.577875
12.953417,77.567169
12.993441,77.55956
12.995743,77.564285
12.973877,77.581924
13.019585,77.582531
12.929859,77.584198
12.983662,77.540146
12.914722,77.558169
12.964551,77.567543
12.978655,77.584988
12.966361,77.605519
12.976867,77.55396
12.976939,77.563473
12.960729,77.657519
12.994035,77.568225
12.977386,77.601044
12.964786,77.639887
13.014694,77.546258
12.971403,77.605494
12.987339,77.565699
12.990038,77.574057
12.988583,77.639655
12.997573,77.582484
12.981382,77.599364
12.98154,77.588541
13.011317,77.600678
12.989593,77.659203
12.949738,77.594642
12.938232,77.591451
12.99126,77.652375
12.991073,77.574592
12.993705,77.598491
12.997563,77.586878
12.967495,77.537512
12.947329,77.560141
12.947301,77.579011
12.913436,77.600662
12.932573,77.577348
12.959403,77.629281
12.944582,77.599945
12.962916,77.570714
12.963354,77.590421
12.983368,77.628635
12.969755,77.653522
12.975323,77.581923
12.994031,77.642656
12.969028,77.556521
13.004313,77.561015
12.967344,77.58735
12.949062,77.583145
12.977167,77.565907
12.94678,77.567514
13.023501,77.569387
12.984341,77.578552
12.922526,77.583922
12.992233,77.582022
12.970882,77.570502
12.964408,77.600157
12.959516,77.556219
12.988292,77.578256
12.996429,77.56503
12.970059,77.570237
13.007483,77.563838
12.935666,77.605028
12.988378,77.634849
12.994977,77.598773
12.980707,77.639127
12.936712,77.584046
12.95789,77.544108
12.960951,77.562093
12.986675,77.589396
12.928241,77.570979
12.976052,77.595359
12.91706,77.598189
12.980373,77.613451
12.97842,77.579099
13.000293,77.570134
12.981915,77.580227
12.936295,77.55155
12.931103,77.612951
12.966164,77.566783
12.987798,77.580074
12.954467,77.654118
12.958787,77.57632
13.024311,77.560075
12.965523,77.583713
12.984042,77.570795
13.004767,77.546023
12.910255,77.582192
12.976693,77.580938
12.967881,77.645419
12.987222,77.63139
12.978936,77.596652
12.960258,77.574153
12.96862,77.592443
12.953261,77.560144
12.931075,77.59599
12.987556,77.650903
12.967771,77.557632
12.96946,77.577723
12.959023,77.571103
12.975655,77.588456
12.947975,77.575816
13.003234,77.575776
12.999335,77.570416
12.992671,77.576239
12.984059,77.579657
12.966841,77.598844
12.996649,77.576788
12.98754,77.557028
12.948267,77.578433
12.979902,77.584439
12.997511,77.569885
13.01901,77.583093
12.992716,77.549675
12.968575,77.589889
12.997034,77.671593
12.959239,77.574547
12.985249,77.571721
12.970325,77.593425
13.002376,77.579183
12.994387,77.562504
12.984636,77.551826
12.958516,77.561245
13.006803,77.564934
12.965715,77.644702
12.980496,77.612489
13.015944,77.538171
12.989025,77.570582
12.973965,77.561417
12.972929,77.638507
13.001524,77.54754
12.967897,77.584646
12.964726,77.56544
13.013088,77.646436
12.995246,77.606269
12.985489,77.565529
12.975393,77.579924
12.994866,77.666577
12.981925,77.576189
12.947775,77.588705
12.964247,77.58286
13.003827,77.570179
12.975536,77.59114
12.985322,77.584015
12.969614,77.622986
12.969413,77.582251
12.953084,77.566679
12.955708,77.603965
12.931757,77.571551
12.925509,77.572723
12.96202,77.565369
12.982102,77.639569
12.97461,77.625403
12.986166,77.660783
12.989474,77.558329
12.970911,77.58199
13.008678,77.588579
12.963417,77.564505
13.017488,77.554472
12.964578,77.609893
12.954846,77.554426
12.986034,77.578609
12.974239,77.635209
12.963586,77.563652
13.014566,77.570205
12.989491,77.638134
12.962664,77.647441
12.962181,77.560942
13.020303,77.579619
12.987686,77.647423
12.934718,77.589639
12.936285,77.61152
12.914837,77.584359
12.987734,77.581112
12.984002,77.649722
12.992691,77.622464
12.959949,77.607556
13.009338,77.571648
12.967376,77.566151
12.975908,77.577877
12.945502,77.585011
12.996348,77.578305
12.959733,77.625195
13.028869,77.55988
13.021091,77.55343
12.96745,77.628433
13.005749,77.559359
12.989577,77.569227
12.937133,77.597137
12.986666,77.545688
12.972127,77.56695
12.962606,77.665757
12.966364,77.627169
12.973701,77.557114
13.011212,77.592646
12.942247,77.573215
12.994263,77.579231
12.953951,77.560887
12.974073,77.639061
12.919693,77.589555
12.992574,77.591281
13.005668,77.586935
12.992002,77.583145
12.969475,77.592639
12.95686,77.560909
13.007143,77.59779
12.964576,77.555659
12.976353,77.634628
12.991725,77.606643
12.961677,77.569321
12.918396,77.569447
12.960473,77.563574
12.975133,77.546973
12.98615,77.570399
12.973783,77.589638
12.973176,77.626916
12.971622,77.569466
12.974511,77.562159
12.996446,77.66569
12.994622,77.582234
12.976187,77.560415
12.992901,77.611174
12.96771,77.559214
12.951828,77.580774
12.967442,77.54759
12.959107,77.588562
12.946939,77.571359
12.924841,77.58409
12.98368,77.583608
12.911888,77.58521
12.982578,77.649357
12.91533,77.614401
13.002639,77.558262
12.979072,77.646846
12.998743,77.669912
12.938616,77.574344
12.966444,77.553571
12.969156,77.569442
12.981151,77.567528
12.968046,77.66903
13.003099,77.611975
12.993997,77.567454
12.977678,77.601131
13.015864,77.565658
12.991031,77.56917
12.969507,77.550471
12.944816,77.571245
12.978619,77.627467
12.986161,77.577359
12.979026,77.656044
12.997099,77.574988
12.991364,77.573395
12.988188,77.567187
12.98284,77.577059
12.960415,77.590822
12.938564,77.616455
12.974566,77.575304
12.970252,77.645725
12.975111,77.634038
12.960371,77.586368
12.91761,77.604435
12.967739,77.63638
12.968431,77.578197
12.929713,77.586008
12.954644,77.581407
12.969154,77.571552
12.978615,77.581269
12.969603,77.656377
12.942905,77.648621
13.037559,77.575913
12.985251,77.593659
12.963983,77.600705
12.94565,77.554278
13.00568,77.564315
13.004914,77.580877
12.994738,77.53853
12.921586,77.576508
12.923892,77.599974
12.942313,77.588695
12.939776,77.595173
12.982096,77.622728
12.950526,77.578179
12.969667,77.56692
12.95131,77.598094
12.949759,77.557115
12.926711,77.563928
12.963644,77.547401
12.932639,77.547917
12.983821,77.626184
12.969874,77.578011
13.001753,77.593272
12.988987,77.592347
12.981972,77.577727
12.973713,77.642804
12.959737,77.557502
12.996031,77.598549
12.948713,77.634042
12.924589,77.575251
13.001825,77.574709
12.978844,77.584402
12.972473,77.595208
12.93619,77.572887
12.933792,77.589607
12.985177,77.560025
12.920114,77.563578
12.979687,77.606462
12.91157,77.602123
12.984579,77.563094
12.916008,77.570133
13.008199,77.59976
12.922943,77.583687
12.947604,77.579287
12.991343,77.590126
12.973618,77.639422
12.982569,77.648773
12.983317,77.573685
12.976656,77.588622
12.967722,77.58851
12.993123,77.591539
12.987134,77.565132
13.024812,77.548067
13.004262,77.665842
12.965378,77.612796
12.96855,77.575138
12.919418,77.587984
12.957088,77.582651
12.981883,77.633801
12.957353,77.591173
13.004105,77.581952
12.983808,77.5845
12.980252,77.554879
12.978748,77.560434
12.963216,77.581333
12.986151,77.639627
12.990182,77.56886
12.997264,77.651846
12.980101,77.644519
12.928741,77.560158
12.989363,77.598096
12.943161,77.552722
13.019455,77.570021
12.981077,77.578595
12.963907,77.586908
12.92766,77.575803
12.961313,77.603311
12.916955,77.593237
12.981132,77.587564
12.971287,77.589278
12.987203,77.584424
12.977728,77.582728
12.961994,77.546433
13.02096,77.573777
13.026321,77.550768
12.989837,77.589003
12.929966,77.562573
12.916362,77.586461
12.969018,77.574881
12.998584,77.603053
12.982439,77.62134
12.959898,77.603405
12.958519,77.596052
12.937247,77.615294
12.99511,77.572256
12.970413,77.641425
12.916261,77.557126
12.94231,77.576106
12.935591,77.552509
12.978664,77.561022
12.996678,77.582818
12.959961,77.55937
12.973964,77.568988
12.939565,77.613091
12.935688,77.59185
12.989766,77.53038
12.997432,77.651888
12.974686,77.632779
13.011425,77.564583
12.966691,77.560937
12.935847,77.589013
12.992644,77.566687
12.97528,77.570525
12.928482,77.531875
12.981318,77.576734
12.971126,77.5721
12.926432,77.54299
12.957638,77.569062
13.005003,77.540112
12.976059,77.567202
12.972004,77.564984
12.967489,77.626703
12.948728,77.592163
12.992137,77.576004
12.974145,77.597612
12.967453,77.581313
12.928945,77.585182
12.976542,77.582819
12.962451,77.584476
12.913289,77.560714
12.980089,77.64452
12.96615,77.619827
12.952782,77.557866
12.984455,77.63574
12.940924,77.6201
12.987915,77.618436
12.981553,77.587612
12.96749,77.60064
13.008522,77.575171
13.004573,77.566063
12.914922,77.585061
12.979023,77.58949
12.963566,77.573658
12.95398,77.567347
13.005833,77.630853
12.963518,77.584693
13.007685,77.569159
13.008657,77.579113
12.965193,77.629262
13.007773,77.551718
12.972732,77.639574
12.954129,77.583994
12.934704,77.611393
13.008609,77.557016
12.954991,77.597492
12.964753,77.590052
12.926299,77.584818
12.937417,77.573885
12.991127,77.635974
12.985326,77.580237
13.007499,77.573608
12.991142,77.561774
12.966306,77.582641
12.973568,77.565451
12.967602,77.57166
12.9613,77.552204
12.960543,77.603911
12.931059,77.601734
12.977263,77.555252
13.00538,77.569994
12.990423,77.562356
12.974716,77.647226
12.978099,77.64579
12.997341,77.597049
12.92361,77.614101
12.981129,77.553803
12.968673,77.585677
12.965996,77.572913
12.958014,77.659623
12.929776,77.603761
12.986468,77.63053
12.975209,77.582474
12.926986,77.541993
12.994251,77.564557
13.020303,77.579619
12.970495,77.632649
12.973168,77.577373
13.030598,77.582018
12.946044,77.592424
13.00043,77.576667
12.971047,77.609707
12.957629,77.566228
12.958995,77.561948
13.034994,77.558794
13.017944,77.557849
12.997809,77.590117
12.987759,77.643715
13.019196,77.595585
12.919683,77.57668
12.988735,77.538147
13.001644,77.56759
12.993502,77.57175
12.936922,77.570111
12.946062,77.5971
12.986435,77.557977
12.984685,77.590278
12.985678,77.575041
12.922706,77.588329
13.003219,77.647556
12.992823,77.627884
13.015892,77.573874
12.974641,77.587776
12.962694,77.609196
12.979977,77.565099
12.979727,77.660855
12.968724,77.589804
12.982972,77.58015
12.917202,77.617311
12.996778,77.553003
12.999783,77.645282
12.919278,77.554205
12.918084,77.560289
12.981391,77.555385
12.974154,77.632554
13.01143,77.576846
12.959737,77.575698
12.98575,77.575517
12.98554,77.586324
12.980834,77.573836
12.915313,77.572838
12.954965,77.577089
13.023072,77.598198
12.985766,77.574378
13.013027,77.578252
12.950557,77.630945
12.978397,77.571271
12.933804,77.549694
12.988597,77.651243
12.97479,77.652676
12.968253,77.562864
12.990842,77.637671
12.977544,77.632169
13.011044,77.56125
12.969819,77.570922
12.994284,77.648342
13.002191,77.641513
13.005572,77.555293
12.933293,77.559551
12.984308,77.58674
12.912853,77.561544
12.990312,77.572357
12.956757,77.55821
12.994332,77.574428
12.978143,77.652599
12.974636,77.558805
12.936503,77.605711
12.997533,77.587832
12.968176,77.668173
12.944677,77.58671
13.02119,77.575929
12.988838,77.55906
12.937842,77.558785
12.961915,77.580172
12.924733,77.576089
12.983202,77.640101
12.973996,77.556966
12.938747,77.618019
12.992853,77.560855
13.00605,77.610219
12.983087,77.560031
12.957539,77.575537
12.982655,77.591473
12.976606,77.577892
12.973305,77.554572
13.017835,77.547458
12.968099,77.569105
12.937729,77.604657
12.946677,77.586962
12.956961,77.562589
12.913587,77.602782
12.973921,77.636945
12.955546,77.595328
12.966631,77.554093
12.970935,77.593488
12.990784,77.572821
12.946925,77.5755
13.018178,77.550934
12.982477,77.641032
12.954351,77.572383
12.978307,77.57431
12.934974,77.601881
13.023402,77.567393
12.999429,77.589526
12.967791,77.587321
12.976137,77.654859
12.926187,77.606892
13.00514,77.578293
12.930944,77.586086
12.98073,77.575615
12.981483,77.659043
12.973024,77.584401
12.97309,77.580584
13.006382,77.584225
12.979727,77.640881
12.98496,77.563935
12.969932,77.567977
12.996004,77.565418
12.944478,77.559496
12.976942,77.571099
12.9817,77.578443
12.989601,77.667982
12.992807,77.563256
12.94725,77.594534
12.967562,77.560985
12.958155,77.63001
12.93308,77.566799
12.985406,77.649954
13.001892,77.575415
12.955091,77.59612
12.959155,77.571655
12.925894,77.598572
12.912091,77.577846
12.953804,77.604842
12.92837,77.582554
12.983915,77.637041
12.972538,77.544688
12.97582,77.587973
12.990918,77.602556
12.939747,77.603322
12.978547,77.650861
12.963458,77.630484
12.951516,77.540145
12.985125,77.662225
12.96651,77.585655
12.984166,77.58913
12.928335,77.587585
12.939563,77.539878
12.95805,77.548078
12.975017,77.578679
12.99026,77.543829
13.014622,77.562653
12.921978,77.580084
12.967235,77.549976
12.983015,77.584672
12.989541,77.563544
13.005803,77.652903
12.987431,77.579723
12.971511,77.60524
13.031961,77.574962
12.969017,77.662409
12.980538,77.557409
12.969672,77.645621
12.976577,77.637115
12.997889,77.566081
12.990714,77.583486
12.997852,77.57011
12.964044,77.546305
12.985745,77.572829
12.976139,77.562812
12.978646,77.573734
12.99522,77.634868
12.994507,77.585249
12.983366,77.569383
12.978803,77.571248
12.967668,77.626641
13.007195,77.56866
12.931135,77.588231
12.992019,77.662635
12.967871,77.558496
12.952694,77.557394
12.963223,77.641897
12.954522,77.582907
12.955324,77.562846
12.984587,77.571088
12.988289,77.589983
13.007364,77.561849
12.942456,77.5575
12.989036,77.556589
12.984573,77.630531
12.964829,77.636771
12.918208,77.57329
12.981642,77.591185
12.961557,77.610684
12.955857,77.582703
12.974621,77.605184
12.97009,77.571664
12.971033,77.558969
12.97604,77.625748
12.946677,77.586962
12.991047,77.645256
12.957934,77.578805
13.011918,77.577014
12.949536,77.583646
12.966199,77.604992
12.973349,77.581764
12.972441,77.648012
13.020048,77.571488
12.990992,77.573222
12.954532,77.582445
12.972683,77.563426
12.969615,77.629191
12.992552,77.619615
12.924042,77.586392
12.97875,77.581718
12.969848,77.579301
12.989614,77.592202
12.935263,77.590854
13.039016,77.563204
12.94514,77.587091
12.97711,77.57778
13.005591,77.581634
12.94159,77.613546
12.941499,77.576398
12.95408,77.581439
12.959309,77.604537
12.965345,77.559087
12.971616,77.656201
12.974038,77.605711
12.918836,77.598893
12.970527,77.640331
12.937598,77.563907
12.987728,77.588255
12.978271,77.567535
12.97595,77.563835
12.986133,77.56371
13.014324,77.577309
12.923869,77.56765
12.963714,77.658433
12.918291,77.583712
12.977877,77.653765
12.996888,77.580344
12.957089,77.577897
12.936712,77.584046
12.969348,77.570244
12.920045,77.584561
13.010942,77.5489
12.991019,77.565335
12.991144,77.58949
12.981213,77.577756
12.977257,77.568562
12.971054,77.648781
13.031857,77.568977
12.991969,77.557949
12.957551,77.592884
12.982232,77.640156
12.972609,77.572167
13.005502,77.633203
12.982795,77.664531
12.987953,77.656454
12.961594,77.579313
12.97901,77.643622
12.911458,77.586457
13.015664,77.590473
12.960766,77.574436
13.020199,77.58375
12.971184,77.555056
12.924301,77.553207
12.99926,77.546342
12.959114,77.642047
13.027223,77.547224
12.993635,77.557399
12.989873,77.568006
12.990423,77.562356
12.93378,77.597315
12.91151,77.528237
12.99749,77.575308
12.975059,77.577938
12.974207,77.60679
12.964359,77.573181
12.973379,77.625376
12.927423,77.589522
12.995609,77.633194
12.977312,77.554528
12.966458,77.599485
12.955458,77.646592
12.966028,77.573549
12.916338,77.593585
12.984977,77.57728
12.912394,77.563581
12.977596,77.574797
12.989438,77.61483
12.976695,77.629906
12.946142,77.62462
12.941002,77.630254
13.000568,77.569578
12.990093,77.649057
12.98415,77.608825
13.014308,77.563091
12.966406,77.541758
12.98612,77.583538
13.002444,77.587486
12.960717,77.569689
12.969709,77.650936
12.983942,77.579434
12.987916,77.57421
12.987239,77.643891
12.993107,77.562865
12.98217,77.589521
12.994165,77.632205
13.010162,77.599252
12.942225,77.581979
12.936488,77.588202
12.979223,77.636782
13.003459,77.567261
12.955612,77.603017
12.961625,77.568383
12.979905,77.587505
12.914981,77.573638
12.948933,77.556387
12.967182,77.5717
12.98557,77.572245
12.946957,77.596564
12.942463,77.570201
12.970241,77.640396
12.957694,77.576542
12.974154,77.632554
12.930309,77.570039
12.937867,77.59732
12.978048,77.622883
12.936353,77.598282
12.955448,77.653268
12.989851,77.578957
13.008874,77.566403
12.951523,77.625311
12.97337,77.634827
12.93451,77.579042
12.983455,77.563341
12.928982,77.596082
12.94959,77.582073
12.927873,77.603949
12.987665,77.565921
12.91689,77.554726
12.988775,77.557973
12.978639,77.633646
12.973641,77.557623
12.977509,77.562672
12.974003,77.57258
12.955685,77.590991
13.00417,77.576412
12.993485,77.588291
12.944615,77.6418
13.027769,77.585853
12.92138,77.584225
12.988734,77.58301
12.954795,77.556737
12.977353,77.548549
12.985518,77.562807
12.973386,77.585537
12.966306,77.613299
12.959815,77.550175
12.951783,77.572268
12.917682,77.580634
12.996651,77.56796
12.945664,77.593746
12.968579,77.546055
12.941803,77.593058
13.010428,77.565576
12.965717,77.579187
12.955968,77.579083
12.955232,77.631366
12.969218,77.574403
12.965406,77.571511
12.989457,77.548503
12.981768,77.622182
13.029958,77.582745
12.997289,77.569652
12.913914,77.571762
12.94832,77.580161
12.998844,77.570447
12.996411,77.635466
13.006194,77.586721
12.9872,77.569
12.920745,77.544846
12.955348,77.590924
12.997825,77.561277
12.948595,77.573444
12.985074,77.62388
13.005128,77.580269
12.960641,77.578782
12.913919,77.553221
12.957281,77.581977
12.947922,77.617186
12.969717,77.573418
12.987899,77.569812
12.995717,77.581844
12.972164,77.586042
12.967874,77.643615
12.974679,77.586432
12.92657,77.609305
12.99274,77.594989
12.93524,77.565494
12.982111,77.63158
12.96371,77.580273
13.015287,77.580726
12.937232,77.606138
12.94945,77.567257
12.995935,77.575043
12.951937,77.55589
12.958137,77.590619
12.967509,77.566436
12.967183,77.529816
12.977479,77.55389
12.953777,77.572285
12.917661,77.588351
12.983744,77.650363
12.962678,77.61059
12.943193,77.601169
12.917412,77.590314
12.988883,77.556402
12.981536,77.578449
12.967379,77.564137
12.992087,77.58044
12.980262,77.635767
13.011414,77.589203
12.952154,77.565771
13.012577,77.577297
13.00105,77.577313
12.98864,77.628566
13.018427,77.535431
12.948961,77.56253
12.995256,77.573191
12.979323,77.633844
12.987344,77.639298
12.928689,77.566049
12.979372,77.630511
13.000155,77.570025
12.967598,77.620895
12.969707,77.589696
12.994984,77.642863
12.978604,77.568806
13.002209,77.652671
12.972638,77.58376
12.933672,77.598055
12.95217,77.556689
12.983802,77.589507
13.013363,77.594734
13.000389,77.552843
12.982029,77.637114
12.923197,77.576703
13.010706,77.563148
12.973456,77.562077
12.964292,77.583604
13.018627,77.580879
12.923041,77.577645
12.972755,77.630964
12.957151,77.545497
12.997682,77.582643
12.927624,77.595023
12.975347,77.565235
12.966129,77.577278
13.001186,77.579632
13.01027,77.572532
13.007916,77.544509
12.970431,77.546795
13.023099,77.567835
12.951205,77.580197
12.979273,77.60194
12.946179,77.558878
12.963326,77.631334
12.949678,77.566934
12.976466,77.569851
12.995863,77.636105
12.969879,77.590452
12.977067,77.564559
12.959404,77.580842
12.964953,77.561881
12.943495,77.586641
12.967883,77.594183
12.99145,77.583567
12.984717,77.586581
12.931578,77.583731
12.917362,77.580665
12.98411,77.582207
12.931626,77.568864
13.008135,77.657081
12.981697,77.573069
12.945376,77.553751
12.981127,77.628486
12.963871,77.574406
13.007065,77.642808
12.943107,77.58532
12.962669,77.562993
12.962856,77.570075
12.988291,77.56722
12.991464,77.562254
12.926115,77.567286
12.962662,77.579137
12.96577,77.6145
12.978553,77.668321
12.981293,77.594539
12.941973,77.642814
12.931535,77.571032
12.964489,77.590471
12.952272,77.579523
12.959271,77.561461
12.93291,77.58507
12.985311,77.594065
12.948052,77.59409
12.981317,77.560813
12.977136,77.676862
12.990047,77.61769
12.911244,77.597605
12.973339,77.554899
12.981136,77.568926
12.97944,77.603415
12.992073,77.641295
12.96398,77.615029
13.002697,77.577643
12.985621,77.616514
12.984899,77.543336
12.990551,77.646497
12.963891,77.650217
12.989509,77.614641
12.957252,77.602232
12.931264,77.581654
12.977225,77.640429
12.969508,77.578631
12.99343,77.561396
12.960044,77.583457
12.984473,77.564347
12.983666,77.652628
12.982594,77.563455
12.975051,77.5776
13.032082,77.587722
12.976903,77.583442
12.952335,77.648416
12.952574,77.575403
12.982469,77.593009
12.973874,77.614789
12.93247,77.600224
12.961205,77.557772
12.962321,77.581285
12.955982,77.554752
12.944942,77.659098
12.941282,77.602845
12.965413,77.663575
12.914146,77.597898
12.940613,77.581424
12.987222,77.63139
12.995756,77.584536
12.982763,77.635195
12.993469,77.670073
13.019459,77.560758
12.922007,77.571639
12.973114,77.639249
12.969113,77.60993
12.928241,77.570979
12.992392,77.623084
12.986314,77.650213
12.931095,77.546774
13.008356,77.65739
12.980223,77.5738
12.987384,77.642296
12.962183,77.569354
12.911173,77.573073
12.911913,77.563291
12.986239,77.591366
12.962873,77.617735
12.978864,77.544499
13.008338,77.559337
12.956063,77.571797
12.997665,77.589361
13.00552,77.57334
13.001806,77.599287
13.008112,77.574369
12.950392,77.577949
12.988801,77.561865
12.912442,77.568745
13.002617,77.661751
12.970417,77.589326
12.934624,77.550413
12.96418,77.588784
12.986189,77.550717
12.971552,77.632284
12.970548,77.56886
12.977256,77.651529
12.980708,77.64427
12.940173,77.557502
12.924273,77.563041
12.981017,77.652372
12.992569,77.652959
12.965608,77.670014
12.991145,77.593877
12.996304,77.570277
12.982479,77.609916
12.972115,77.640443
13.009408,77.568038
12.965943,77.60269
12.98312,77.62465
12.991744,77.579309
12.987967,77.570582
12.976195,77.572238
13.028741,77.601953
12.972533,77.595102
12.983328,77.650826
12.959106,77.590466
13.000814,77.567188
12.937269,77.605971
12.960494,77.604103
12.954056,77.615735
12.942544,77.584218
12.978934,77.544292
12.951088,77.556023
13.00794,77.58277
12.957952,77.647212
12.98998,77.571313
12.982266,77.563348
12.954805,77.574159
12.959658,77.566763
12.965429,77.582222
12.988792,77.570055
12.97091,77.569511
12.983652,77.545653
12.989921,77.62748
13.000938,77.58844
12.99287,77.578843
12.975624,77.578076
12.985611,77.584774
12.979303,77.589439
12.979326,77.623139
12.995688,77.59119
12.967509,77.569756
12.935687,77.623169
12.961313,77.603311
12.92516,77.597707
13.015112,77.548601
12.950654,77.569198
12.923438,77.591756
12.954815,77.663392
12.992742,77.659142
12.968475,77.568474
12.98482,77.582052
13.009512,77.567475
12.95881,77.588094
12.978797,77.568364
12.977737,77.593182
12.979261,77.566386
12.983436,77.650643
12.928341,77.61284
12.915069,77.571407
13.005148,77.552685
12.978087,77.558046
12.983661,77.551889
12.990123,77.567753
12.963687,77.571056
12.943879,77.557565
13.01155,77.582684
12.98999,77.603106
12.996366,77.528171
12.922075,77.580852
12.920731,77.566003
12.978948,77.586024
13.000415,77.54402
12.98967,77.566802
12.961747,77.580579
12.999662,77.579484
13.017049,77.563526
12.965563,77.561594
12.978717,77.565167
12.969299,77.580025
12.968442,77.584921
13.018435,77.573907
12.980935,77.57873
13.006579,77.566263
12.979024,77.595274
12.982407,77.626965
12.943342,77.600686
13.017057,77.547401
12.955821,77.584047
12.990706,77.582817
12.973854,77.632804
13.01603,77.552897
12.917147,77.582752
13.012253,77.643735
12.978912,77.644343
12.979725,77.581982
12.990815,77.567083
13.016037,77.592171
12.950106,77.56934
12.949756,77.573411
13.01888,77.557826
12.980772,77.61506
12.913902,77.575326
13.011388,77.558382
13.005982,77.569639
12.982927,77.57853
12.978141,77.654816
12.959008,77.572809
12.925204,77.573197
12.965604,77.563643
12.980676,77.585068
12.98015,77.630142
12.965431,77.554403
12.966691,77.56565
12.925214,77.608985
12.966058,77.566543
12.936529,77.608432
13.027967,77.538264
12.995298,77.595347
12.979305,77.616135
12.978377,77.584145
12.982042,77.651058
13.014103,77.573017
12.999482,77.588271
12.992215,77.590652
12.972855,77.633125
12.972297,77.646994
12.997905,77.561994
13.007464,77.574869
12.968439,77.580059
12.969296,77.564234
12.971547,77.607541
12.938699,77.536581
12.983935,77.664399
12.967615,77.561871
12.947049,77.547178
12.995155,77.638591
12.913206,77.546862
12.99245,77.635801
13.007051,77.595563
12.978362,77.619091
12.96016,77.57175
12.991688,77.638198
12.983406,77.623343
12.976769,77.578143
12.986126,77.553125
13.023979,77.541846
12.99064,77.564631
12.953799,77.562725
12.993687,77.562548
12.929616,77.582239
12.985739,77.558312
12.988903,77.572742
12.926447,77.58992
12.953708,77.581629
12.970176,77.628411
12.967283,77.579813
12.961093,77.592024
12.953349,77.572096
12.967304,77.622457
12.914237,77.592343
12.980011,77.569575
12.978195,77.580487
12.94764,77.590423
12.977324,77.652327
12.961428,77.598779
12.963948,77.584632
12.94146,77.556612
12.99027,77.565083
12.919542,77.544619
12.991171,77.574219
12.968514,77.642001
12.991363,77.558288
12.979623,77.623483
13.000337,77.567272
12.938892,77.595205
12.936083,77.626917
12.928217,77.613685
12.947685,77.591048
12.975404,77.549114
13.001774,77.573237
12.972334,77.560584
12.948934,77.604889
12.974368,77.566317
12.986236,77.585538
12.983181,77.560653
12.991524,77.578303
12.995391,77.561866
12.991769,77.584226
12.979912,77.58255
12.979476,77.563509
12.952811,77.618665
12.975898,77.566299
12.92495,77.550079
12.971815,77.565272
12.917658,77.565348
12.952909,77.533296
12.966113,77.649068
12.989344,77.583773
12.96868,77.605777
12.984337,77.565347
12.910976,77.571062
12.965632,77.568221
12.971089,77.57868
12.980267,77.642223
12.94326,77.58993
13.000652,77.569683
12.932626,77.55953
12.977797,77.557173
12.934809,77.585238
12.982421,77.572319
12.984472,77.543422
13.009474,77.598522
13.000369,77.590644
13.016475,77.623933
12.935312,77.592903
13.017057,77.576693
12.966697,77.575209
12.978125,77.56972
12.982764,77.569026
13.002208,77.583284
12.956922,77.561535
12.99045,77.577184
12.940822,77.599912
13.027782,77.568395
12.985875,77.625153
13.00708,77.561606
12.921564,77.602883
12.971007,77.571691
12.973015,77.625577
12.98154,77.548208
12.991311,77.6034
12.979386,77.636049
12.924444,77.551195
12.935762,77.565364
13.011511,77.589139
12.976563,77.559939
12.991097,77.579543
12.974891,77.575032
12.930228,77.606223
12.957696,77.652562
12.986233,77.569904
12.974266,77.583107
13.025299,77.570833
12.914296,77.628271
12.981914,77.57637
12.959479,77.603061
12.961892,77.640095
12.985062,77.583324
12.958901,77.593219
12.966738,77.574053
12.991951,77.660848
12.985382,77.555443
12.979578,77.568224
12.990671,77.64376
12.980959,77.65852
12.937845,77.574358
13.013486,77.546279
12.958223,77.596089
12.991647,77.658255
12.992415,77.527678
12.97443,77.644396
12.971569,77.61558
12.95646,77.591795
12.930606,77.568375
12.994731,77.571561
12.961228,77.631197
13.001858,77.671297
12.982303,77.611707
12.943726,77.574026
12.97408,77.565551
12.967907,77.583488
12.976793,77.65279
13.000188,77.622931
12.971027,77.630028
12.982152,77.559199
12.934624,77.550413
12.987849,77.56014
13.011503,77.573982
12.927207,77.623065
12.972069,77.587189
12.945338,77.584564
12.970044,77.577535
12.977825,77.607116
12.941763,77.57739
12.965091,77.602024
12.946254,77.5799
12.995884,77.56204
13.002665,77.564416
12.950789,77.583788
12.948716,77.603624
12.910031,77.557027
12.977641,77.648698
12.989367,77.63067
12.986299,77.634411
12.984729,77.570004
12.941909,77.591472
12.946349,77.646722
13.023759,77.544699
12.961691,77.631678
12.973027,77.659385
12.93993,77.56353
12.979,77.564873
12.934812,77.607813
12.968745,77.572524
12.96242,77.571731
12.963298,77.655739
12.948077,77.585174
13.002161,77.565197
12.95787,77.583632
12.9973,77.567596
12.969616,77.637042
12.962916,77.570714
12.981624,77.587694
13.034984,77.59595
12.957048,77.641108
12.926519,77.552984
12.97238,77.660777
12.971596,77.535929
12.978155,77.654339
13.000142,77.538664
12.982788,77.577078
12.956822,77.569135
12.921215,77.590696
13.015252,77.572647
12.970503,77.582306
12.980682,77.581786
13.014659,77.578929
12.969843,77.556279
12.982656,77.571619
12.960689,77.618149
12.988129,77.594818
12.962929,77.582494
12.983225,77.653533
12.944612,77.615193
12.978005,77.597819
12.92397,77.585242
12.9622,77.60142
12.941088,77.608443
12.979086,77.614251
12.971808,77.631223
12.964385,77.588044
12.940404,77.598085
13.011693,77.569079
12.967466,77.588465
12.965514,77.646354
12.927679,77.610279
12.98084,77.590928
12.973585,77.599525
12.974055,77.586072
12.948445,77.572876
12.948936,77.627673
12.953546,77.578218
13.010224,77.557758
12.976034,77.629449
12.983146,77.571354
13.0156,77.592955
12.995871,77.564702
12.958072,77.567514
12.917528,77.57467
12.944325,77.560673
12.986221,77.63033
13.031482,77.583497
12.945607,77.565777
12.956672,77.590577
12.991736,77.651667
12.913086,77.577185
12.959695,77.631037
13.015061,77.583612
13.027017,77.561383
12.994227,77.604116
12.97876,77.645551
12.96699,77.55754
12.987309,77.659294
12.968275,77.577512
12.931962,77.567171
12.979681,77.572014
12.969396,77.570145
12.979189,77.568598
12.990941,77.583722
12.983205,77.577287
13.006441,77.570359
12.986869,77.613876
12.981634,77.540468
12.990698,77.619507
12.994532,77.544474
12.987929,77.545755
12.991424,77.636556
12.990276,77.584296
12.994511,77.572104
12.968712,77.572335
12.970195,77.669425
12.945979,77.634047
12.984703,77.654815
12.990935,77.555325
12.975175,77.602718
12.940352,77.624412
12.966849,77.587622
12.983917,77.632284
12.950738,77.591665
12.956038,77.583775
12.985589,77.580402
12.953193,77.564932
12.953628,77.63192
13.00436,77.577509
12.930099,77.588833
12.974976,77.564375
12.976521,77.599195
12.910474,77.595494
13.002097,77.55173
12.934778,77.58416
12.977579,77.598731
12.943827,77.574344
12.986688,77.651181
12.964731,77.635472
12.982565,77.559116
12.989873,77.557446
12.988175,77.638509
12.992087,77.58044
12.928597,77.61049
12.979601,77.562045
12.98089,77.603574
12.977619,77.568484
12.947046,77.627685
13.020048,77.571488
12.983707,77.575149
12.964517,77.578693
12.958995,77.561948
12.963328,77.589932
12.976563,77.611385
12.994263,77.573239
12.970749,77.56182
12.980285,77.566828
12.972719,77.585198
13.015346,77.563992
12.964292,77.62345
12.986409,77.571138
13.009367,77.567287
12.994891,77.57019
12.934634,77.55352
12.970362,77.675751
12.985919,77.555016
12.963734,77.587322
12.973736,77.547491
12.950816,77.573037
12.961157,77.631883
12.981708,77.634532
13.009977,77.569011
12.971267,77.571621
12.989783,77.652842
12.990777,77.577022
13.036516,77.560226
12.986586,77.543927
12.912568,77.591579
12.926474,77.584176
12.949197,77.574331
12.983875,77.584002
13.000806,77.570307
12.959947,77.560793
12.912067,77.559565
12.976449,77.604277
13.013147,77.588709
12.920231,77.594299
12.950052,77.636127
12.980691,77.554737
12.974876,77.589187
12.941281,77.587066
12.967368,77.570806
12.947933,77.594453
12.98547,77.581785
12.983906,77.55949
12.924248,77.588299
12.971436,77.572561
12.954158,77.600154
12.998454,77.545699
13.012223,77.563037
12.972561,77.571027
12.958446,77.653635
13.026193,77.577439
13.023607,77.546693
13.007523,77.555202
12.964914,77.635886
12.966482,77.564795
12.970978,77.57455
12.982175,77.616465
12.975857,77.56937
12.964968,77.652839
12.970045,77.597202
12.994804,77.570372
12.923821,77.600653
12.96938,77.582216
12.978012,77.564873
12.944568,77.59794
12.988711,77.548625
12.987771,77.573319
13.005554,77.572659
12.980381,77.561534
12.964073,77.643265
12.985636,77.596192
12.99821,77.629119
12.949042,77.577073
12.978403,77.580743
12.923946,77.593855
12.947727,77.595441
12.998213,77.641413
12.928388,77.578723
12.956363,77.642582
12.943495,77.586641
12.991919,77.546453
13.00734,77.566961
12.996428,77.56479
12.975424,77.645622
12.959644,77.579008
12.989378,77.568574
12.989015,77.590228
12.986676,77.597797
12.99981,77.560601
12.979044,77.607715
12.98638,77.567617
12.992676,77.522939
12.973371,77.55004
12.970149,77.636329
12.933979,77.593412
12.979572,77.549051
12.941373,77.572086
12.963978,77.570942
12.9727,77.55243
12.937527,77.62076
12.927384,77.553935
13.010013,77.541605
12.997578,77.567279
12.931507,77.579785
12.978183,77.581049
12.982266,77.563348
12.999173,77.585194
12.979875,77.550598
12.96731,77.626949
12.996864,77.593641
12.923787,77.567554
13.015389,77.619015
13.028933,77.565759
13.016299,77.565616
12.962197,77.570927
12.974058,77.640894
12.999438,77.58424
12.99298,77.55464
12.991801,77.585939
12.963471,77.591049
12.950614,77.605539
12.966538,77.637102
12.919365,77.580147
12.965367,77.64091
12.966905,77.582911
12.985686,77.579293
12.984524,77.582937
12.974229,77.643071
12.995515,77.620446
12.920388,77.576744
12.94473,77.566945
12.990176,77.586637
12.920994,77.622346
12.919448,77.56748
12.98954,77.588176
12.990139,77.602406
12.984538,77.577716
12.97319,77.65309
12.98206,77.628316
12.981693,77.645034
12.974754,77.639901
12.952922,77.598715
12.982525,77.629505
12.995871,77.576246
12.995776,77.641333
12.987862,77.651303
12.996404,77.5676
13.007403,77.56965
12.962551,77.556886
12.967537,77.65941
12.976711,77.557034
13.00392,77.659606
12.922175,77.569204
12.955846,77.56559
12.994828,77.580914
13.012672,77.562214
13.020001,77.598472
12.988876,77.608104
12.97137,77.550126
12.940341,77.554577
12.969182,77.568947
13.009061,77.578603
12.99821,77.629119
12.993994,77.572993
12.932819,77.566288
12.976289,77.605639
12.975788,77.640207
12.958507,77.560781
12.962897,77.58057
12.953128,77.55588
12.978286,77.553833
12.992055,77.572915
12.981538,77.61388
12.973744,77.581374
12.963745,77.63757
12.972084,77.610217
12.988291,77.56722
12.977002,77.571162
12.937456,77.607451
12.953622,77.585586
12.944976,77.63955
12.937545,77.571186
12.939565,77.56732
12.976475,77.554245
12.960596,77.564991
12.992247,77.671742
12.976999,77.554106
12.969225,77.562591
12.934604,77.602984
12.967677,77.583314
12.985035,77.581309
12.982141,77.64133
12.997693,77.580496
13.009181,77.55436
12.966476,77.659627
12.961105,77.572509
12.929049,77.595996
13.009397,77.574033
12.977407,77.553724
12.947632,77.565308
12.976892,77.597598
12.922723,77.552272
12.927102,77.598542
12.915198,77.588131
12.961822,77.587766
12.998646,77.556069
12.910962,77.543623
12.932913,77.605303
13.008599,77.56484
12.95457,77.569075
12.999002,77.577043
12.954137,77.549053
12.96272,77.572494
12.993913,77.623223
12.977458,77.55393
12.981485,77.544584
12.999609,77.544001
13.03819,77.561439
12.963077,77.587519
12.972428,77.582477
12.954857,77.593066
12.991895,77.580045
12.976916,77.571327
12.960707,77.597884
12.969419,77.635832
12.977124,77.630427
12.91458,77.574269
12.990946,77.631163
12.964319,77.587742
13.01192,77.576905
13.000504,77.574871
13.027517,77.558472
13.000994,77.576534
12.988192,77.555029
12.977679,77.649732
13.004301,77.538898
13.026452,77.539595
12.956654,77.593121
12.966072,77.591029
12.997261,77.647645
13.004466,77.577302
13.007789,77.583418
12.979772,77.585333
12.923106,77.572129
12.969075,77.551649
12.959623,77.568591
12.96998,77.646574
12.993202,77.561708
12.927652,77.581625
13.025895,77.586884
12.960271,77.617605
12.941668,77.564358
13.0143,77.56608
12.927453,77.591126
12.970901,77.590932
12.985176,77.580372
12.924975,77.557591
12.993203,77.652394
12.938677,77.586881
12.968058,77.584601
12.959852,77.643198
12.993115,77.645741
12.98714,77.588661
13.007575,77.617807
12.967121,77.56525
12.962847,77.602359
13.009541,77.586817
13.000344,77.640873
12.989843,77.632358
12.993856,77.570676
12.975132,77.554629
13.004446,77.577228
12.925643,77.57668
12.935035,77.569677
12.967516,77.667225
12.975425,77.579996
12.934361,77.577196
12.98273,77.596639
12.960197,77.570644
12.990944,77.577058
12.971695,77.56222
13.008286,77.555415
12.96856,77.644644
12.918753,77.578429
12.951198,77.567953
12.939601,77.602348
12.999149,77.584755
12.984897,77.563951
12.971899,77.586387
12.97635,77.573997
12.948826,77.596731
12.96561,77.576458
12.94678,77.558957
12.944232,77.650118
12.978209,77.649214
12.916921,77.595297
12.963847,77.607886
12.987254,77.619406
12.970591,77.661222
12.983839,77.634524
13.024032,77.57227
12.993821,77.568506
12.986425,77.583388
13.021306,77.587617
12.97251,77.578392
12.974925,77.650921
12.986831,77.560116
12.995889,77.561005
13.005524,77.558646
12.967879,77.570461
12.970716,77.634195
12.974608,77.572014
12.930833,77.605958
12.992305,77.5618
12.98063,77.576924
12.971923,77.53939
12.972577,77.564007
12.977472,77.549357
12.997026,77.567333
12.948782,77.596025
12.946466,77.580727
12.971786,77.573391
12.980519,77.584494
12.96828,77.561864
12.931652,77.570805
12.979594,77.576539
12.990757,77.571016
12.988149,77.566539
12.99286,77.641147
12.982682,77.568079
12.91733,77.587054
12.957577,77.576143
12.973257,77.575795
12.999069,77.605093
12.988925,77.538235
12.990281,77.58896
12.969811,77.564936
12.998812,77.590204
12.969136,77.638764
12.923564,77.599958
12.964488,77.557742
12.911585,77.570828
12.986167,77.583478
12.975501,77.579016
12.976139,77.576728
12.979515,77.596786
12.924558,77.595563
12.996989,77.585094
12.982415,77.611837
13.000383,77.568906
12.940804,77.587607
13.008112,77.574369
12.986983,77.575397
12.971647,77.654545
12.977263,77.555252
12.923718,77.575936
12.983926,77.563666
12.984857,77.563681
12.948104,77.630927
12.994555,77.583663
12.980346,77.607826
12.955528,77.623902
12.996754,77.560902
12.986622,77.563659
12.982868,77.575957
12.986718,77.571226
12.966402,77.589986
13.005011,77.646906
12.948782,77.572166
12.959772,77.574133
12.973664,77.631107
12.995325,77.58722
12.990722,77.643259
12.98931,77.597809
12.982255,77.598806
12.990411,77.57647
12.954069,77.578707
12.964348,77.671586
12.925744,77.562554
12.965963,77.555041
12.999667,77.562721
12.992729,77.558968
12.974184,77.578692
12.911125,77.644511
13.017692,77.57689
12.995626,77.621518
12.973649,77.641648
12.992879,77.5565
12.938277,77.585312
12.982266,77.573622
12.959541,77.589398
12.923187,77.575938
12.983814,77.551241
12.972227,77.550109
12.982279,77.572738
12.979451,77.57911
13.00795,77.557376
12.964945,77.580221
12.977268,77.568947
12.972338,77.589661
12.993691,77.566108
13.014207,77.583765
12.999355,77.575788
13.036176,77.558805
12.971699,77.648457
13.000255,77.565889
12.962976,77.588724
12.958971,77.56261
12.975541,77.593948
12.98231,77.582467
13.009164,77.568955
12.934044,77.560922
12.911135,77.573096
12.920201,77.580958
12.949762,77.629326
12.994297,77.559978
13.025141,77.557333
12.959035,77.585261
12.924729,77.584867
12.960029,77.566115
13.008749,77.56046
12.967347,77.576379
12.920988,77.588124
12.995995,77.644576
12.953713,77.592426
12.916483,77.55863
12.986484,77.571916
12.974875,77.648597
12.974799,77.610465
12.983167,77.584167
12.970491,77.541112
12.948928,77.586833
12.976025,77.588451
12.919081,77.616094
12.983333,77.572923
13.00734,77.566961
12.973608,77.591459
12.974755,77.619892
12.912984,77.596323
12.944395,77.560716
12.981964,77.555407
12.966311,77.589387
12.945618,77.582917
12.975602,77.569958
12.962122,77.567289
12.988654,77.643948
12.912045,77.598214
12.945064,77.634442
12.966069,77.563514
12.983218,77.610432
13.009372,77.653179
12.996868,77.559507
12.936129,77.578816
12.999788,77.554575
12.938679,77.561403
12.921889,77.543309
12.933319,77.577414
12.962435,77.577468
13.008362,77.626787
12.966392,77.573566
12.985212,77.587346
12.979325,77.626243
12.996871,77.578939
12.956233,77.561532
13.007708,77.555392
12.977303,77.65412
12.962886,77.561356
12.946313,77.577852
12.992224,77.583203
12.927532,77.579971
12.916914,77.572697
12.919541,77.568554
12.995489,77.594528
12.974125,77.589709
12.973783,77.589638
12.982775,77.593405
12.982488,77.619849
13.000545,77.64489
12.984243,77.567538
12.954755,77.563265
12.922684,77.600093
12.938945,77.589604
12.95969,77.573245
13.000091,77.584259
12.965943,77.60269
12.978772,77.576602
12.952888,77.579271
12.946177,77.570258
12.926089,77.594989
12.986262,77.551239
12.933339,77.602685
12.987709,77.627171
12.967394,77.626964
12.976077,77.578303
12.958424,77.560414
13.001276,77.560159
12.985558,77.564719
13.004842,77.582498
12.953787,77.644875
12.993408,77.631578
12.978278,77.573959
12.984191,77.617795
12.970454,77.537229
12.987234,77.574002
12.959124,77.568811
12.989606,77.556719
12.988724,77.603111
12.947884,77.580844
12.978051,77.626469
12.918378,77.561736
13.001665,77.57293
12.98466,77.565158
13.001836,77.560965
12.974456,77.584886
12.995349,77.567342
12.953767,77.582943
12.972786,77.611094
12.972076,77.563951
12.936601,77.582668
12.93512,77.554621
13.000556,77.557232
12.99557,77.576353
12.961525,77.596624
13.000363,77.674753
12.966652,77.591171
12.93604,77.583921
12.983022,77.563491
12.987097,77.599706
13.024143,77.56524
12.970148,77.574508
12.978601,77.589924
12.928305,77.567834
12.973265,77.660186
12.977458,77.587307
13.003444,77.564362
12.958677,77.585431
12.968521,77.573887
12.975213,77.628173
12.97034,77.583793
12.962337,77.573048
12.988149,77.590657
13.006803,77.585073
12.989066,77.608062
12.937116,77.577777
12.947535,77.575862
12.97205,77.643103
12.973205,77.559406
12.975414,77.594862
12.998864,77.553691
12.961049,77.637089
12.961574,77.553544
12.938629,77.572185
12.952509,77.575593
12.982725,77.57028
12.98337,77.564541
13.005802,77.579497
12.928969,77.571708
12.972282,77.555991
12.98094,77.539773
12.97429,77.535916
12.954263,77.586047
12.913092,77.560996
12.920771,77.598516
12.953264,77.661499
12.96989,77.572094
12.981783,77.594244
12.982499,77.566071
12.953221,77.567838
13.00057,77.560832
12.979421,77.572324
12.994326,77.585015
12.935477,77.5659
12.997939,77.578448
12.978706,77.582019
12.933607,77.590373
12.981086,77.569379
12.974526,77.582969
12.972383,77.580632
12.972022,77.620189
12.933475,77.570856
13.01193,77.55769
12.977076,77.581175
12.992417,77.634091
13.008536,77.56541
12.99313,77.556718
12.982267,77.660327
12.97915,77.574441
12.981121,77.544
13.007955,77.574116
12.991486,77.58195
13.002727,77.571619
12.950746,77.595831
12.995453,77.570981
13.015564,77.559075
12.991403,77.601594
12.97396,77.650943
12.977283,77.574582
12.966857,77.578459
12.917573,77.602824
12.94489,77.642382
12.978055,77.583451
13.00071,77.588321
12.972985,77.639277
12.976688,77.587961
12.986365,77.65292
12.99211,77.546843
12.984908,77.652772
12.972672,77.599994
12.995302,77.556532
12.914603,77.601046
12.915417,77.556868
12.967152,77.560828
12.967947,77.620946
13.005994,77.546523
12.94232,77.571062
12.981897,77.580255
12.981223,77.65349
12.959876,77.578533
12.925641,77.587329
12.957604,77.585784
12.972864,77.578044
12.972469,77.586148
12.977163,77.585543
12.940112,77.59224
12.970755,77.633365
12.992815,77.593839
12.922361,77.580922
12.988619,77.57149
12.985539,77.592067
12.929301,77.567377
12.951707,77.564314
13.006558,77.611859
12.975312,77.656537
12.978152,77.577079
12.992267,77.590522
12.972526,77.656421
13.004381,77.579408
13.001897,77.663653
12.961428,77.598779
12.951089,77.565774
12.974343,77.643724
12.955658,77.586818
12.919214,77.599188
12.93248,77.600333
12.924767,77.632767
12.929607,77.579361
13.001472,77.550849
12.974027,77.564968
12.942634,77.607863
12.923193,77.57911
12.964125,77.571045
12.950244,77.583439
12.988476,77.633217
12.964782,77.564861
12.966715,77.572703
12.973493,77.643931
12.923519,77.607102
12.948578,77.55719
12.925319,77.609209
12.913758,77.613617
12.95912,77.583767
12.980176,77.569685
12.969652,77.657818
12.990233,77.585746
12.981678,77.605451
13.008418,77.560263
12.983463,77.563972
12.938315,77.54077
12.972226,77.560675
12.961201,77.652332
12.977327,77.584572
12.938956,77.570565
12.971363,77.593673
12.954052,77.573972
12.95736,77.648464
12.915409,77.569572
13.009699,77.580681
12.98961,77.630223
12.974358,77.639737
12.969936,77.579842
12.913198,77.589062
12.996713,77.56488
12.953633,77.567391
12.942076,77.644411
12.997572,77.567353
12.990146,77.545157
12.975749,77.598753
13.009566,77.56298
13.011693,77.569079
12.964463,77.579557
12.944637,77.565638
12.964353,77.557676
12.985545,77.644558
12.980341,77.617567
12.999814,77.58299
12.937652,77.597104
12.978488,77.578983
12.981141,77.649133
12.92531,77.564109
12.964277,77.589267
12.998244,77.593761
12.980083,77.628501
13.016282,77.566874
12.971565,77.634244
12.971796,77.559177
12.951986,77.561614
12.911706,77.617167
12.9684,77.550187
13.007486,77.660795
13.012375,77.578718
12.958232,77.554546
12.984313,77.60641
12.987873,77.570486
13.005547,77.575028
12.990748,77.554788
12.976494,77.557388
12.923846,77.559839
12.981718,77.575916
12.994764,77.588032
12.946268,77.557501
12.951715,77.554943
12.989539,77.612354
13.015502,77.579908
12.993785,77.570389
12.98434,77.577156
12.98766,77.635079
13.012632,77.566265
12.935746,77.624151
13.007738,77.591083
12.987372,77.568131
12.988007,77.604105
13.013798,77.554504
12.990223,77.578638
12.926908,77.601819
12.983231,77.575867
12.928732,77.580054
12.994628,77.587626
12.978311,77.584609
12.954573,77.629452
12.969269,77.57442
12.994251,77.564557
12.94232,77.571062
12.98282,77.594684
13.016672,77.563348
12.966298,77.650355
12.981194,77.635588
12.954934,77.55737
12.944826,77.591005
12.981516,77.556665
12.973017,77.574846
12.999754,77.544806
12.96957,77.5589
12.922493,77.587961
13.007532,77.584089
12.946163,77.571702
13.015533,77.566645
12.927344,77.607597
12.995298,77.595347
12.980936,77.676332
12.981579,77.571822
12.92485,77.573115
12.968968,77.6456
12.984669,77.564717
12.954726,77.57006
12.940374,77.635615
12.982933,77.576838
12.966504,77.55942
12.939439,77.581979
12.967565,77.579774
12.989268,77.584437
12.958552,77.594325
12.947711,77.659571
12.991263,77.655161
12.969193,77.60445
12.976246,77.569743
13.029993,77.56343
13.005923,77.554168
12.924152,77.572561
12.990304,77.577096
12.948708,77.571484
12.983624,77.644683
12.96369,77.586229
12.985534,77.582738
12.968088,77.577688
12.980587,77.585347
12.935778,77.577686
12.972196,77.579038
12.988658,77.571826
13.002822,77.603314
12.98306,77.578772
12.976021,77.57403
13.01943,77.589352
12.981998,77.632864
12.939442,77.578634
12.952541,77.556531
12.917662,77.584819
12.914764,77.579427
12.949925,77.576241
12.981769,77.550226
12.996329,77.586449
12.960959,77.602331
12.956934,77.642821
13.002948,77.5827
12.955977,77.533561
12.966944,77.586694
12.930277,77.588876
12.989624,77.589135
12.999627,77.653765
13.013139,77.567242
12.959951,77.563864
13.003487,77.621551
12.975739,77.609632
12.968299,77.590985
12.996012,77.579413
12.964909,77.585362
13.003544,77.558146
12.955658,77.572664
12.968887,77.66396
12.984325,77.591446
12.991951,77.65474
12.973412,77.559353
12.982187,77.566354
12.979323,77.570274
12.998587,77.576205
12.955228,77.640136
12.963892,77.541895
12.966829,77.569692
12.951018,77.590381
12.985696,77.594369
12.963887,77.603286
12.93779,77.603719
12.969866,77.566208
13.010132,77.63634
12.946103,77.564393
12.922315,77.573039
12.974095,77.591046
12.994924,77.573949
12.94117,77.601549
12.980407,77.5672
12.956189,77.6044
12.942904,77.558194
12.981626,77.557146
12.988453,77.581597
12.960276,77.583614
12.976362,77.573009
12.920847,77.580757
12.922048,77.603905
13.001602,77.555632
12.943633,77.594163
12.920166,77.566151
12.982174,77.646111
12.942905,77.648621
12.976564,77.581767
12.944871,77.558259
12.974995,77.583043
12.980288,77.647273
12.964173,77.635561
12.994951,77.566345
12.966374,77.561107
13.000311,77.581941
13.003029,77.587745
12.928129,77.595873
12.987389,77.579099
12.986412,77.645089
12.994958,77.58659
13.007874,77.56355
12.966919,77.596879
12.937449,77.579146
12.958529,77.588936
12.947341,77.55497
12.923966,77.545481
12.917999,77.580861
13.00471,77.644632
12.928416,77.579505
12.92796,77.573161
12.966312,77.578408
12.940643,77.552742
12.984277,77.555221
12.998168,77.580073
12.985778,77.57592
12.988526,77.589341
12.995265,77.593927
12.966791,77.601145
12.999971,77.572197
13.010013,77.541605
12.98589,77.568514
12.975426,77.667155
12.912452,77.574018
12.979617,77.665332
12.979255,77.652141
13.005097,77.589531
12.986147,77.559658
12.991541,77.572841
12.920246,77.549883
12.988401,77.581919
13.003094,77.5715
12.952274,77.665137
13.000267,77.575074
12.989216,77.564819
12.936298,77.607467
12.934234,77.567064
12.916771,77.615229
12.939584,77.582784
12.921879,77.595109
12.969198,77.598297
13.018665,77.557541
12.981722,77.628472
12.98339,77.548156
12.970773,77.590562
12.968946,77.635958
12.946024,77.564081
13.023619,77.543041
12.973353,77.571673
12.980435,77.570439
13.014562,77.549771
12.973493,77.572174
12.923688,77.590456
13.001126,77.568299
12.973342,77.64289
12.980538,77.557409
12.971732,77.572945
12.967421,77.601945
12.961303,77.56515
12.965372,77.63737
12.939823,77.574554
12.95575,77.6235
12.992901,77.57875
12.928387,77.555672
13.00807,77.581158
12.944799,77.602881
12.950603,77.544787
12.913482,77.593877
12.939418,77.596463
12.913251,77.589175
12.988621,77.668655
12.962627,77.619315
12.974494,77.540963
13.000108,77.558296
13.026953,77.59138
12.982029,77.645468
12.934705,77.561364
12.995878,77.556042
12.966494,77.581728
13.006302,77.565245
12.970783,77.564616
12.959743,77.559276
12.944565,77.573696
12.916665,77.566981
12.951198,77.567953
12.993015,77.580273
12.957986,77.592814
12.995434,77.646114
13.02308,77.558891
12.99345,77.626449
13.005298,77.559631
12.986539,77.672731
12.926342,77.593726
12.969687,77.662137
12.993561,77.547049
12.967966,77.595033
13.016814,77.570734
12.98906,77.569847
13.002324,77.580969
12.960689,77.618149
13.017192,77.559328
12.984019,77.589664
12.951247,77.570919
12.972212,77.575045
12.942962,77.574093
12.952109,77.56349
13.014502,77.570412
12.947652,77.600822
12.997994,77.637982
12.939218,77.592105
12.978175,77.594917
12.922951,77.570664
12.972489,77.568617
12.957558,77.574155
12.978366,77.57769
12.975433,77.563676
12.977917,77.580777
12.958584,77.5665
12.910074,77.575862
12.984869,77.582027
12.912411,77.574405
12.924427,77.579843
12.957333,77.556243
12.938796,77.573056
12.973462,77.566832
12.936004,77.578163
12.992391,77.572589
12.960359,77.598411
12.969391,77.617951
12.954167,77.623699
12.967631,77.57085
12.971611,77.559014
12.972305,77.577564
12.999555,77.564278
12.974166,77.584482
12.914042,77.562808
12.981469,77.600977
12.974417,77.642485
12.952955,77.557847
12.968515,77.623617
12.979713,77.550417
12.973768,77.55542
12.944246,77.568522
12.978676,77.654612
12.988641,77.582906
12.991458,77.639951
12.96584,77.591821
12.990008,77.584497
13.008674,77.560453
12.933498,77.533332
12.99104,77.55342
12.952967,77.598719
12.926244,77.564497
13.00042,77.641279
12.976094,77.578621
13.003241,77.565543
12.931596,77.588451
12.987232,77.641971
12.933446,77.61664
12.935657,77.670268
12.989322,77.606034
12.976637,77.62238
12.96598,77.64124
13.01486,77.573161
12.978714,77.652025
12.974007,77.64183
12.9445,77.586754
12.963064,77.634752
12.951698,77.558935
12.982719,77.656234
12.964844,77.582206
12.985261,77.64169
12.990796,77.601105
13.00201,77.594708
12.951173,77.582281
12.914518,77.558553
12.99242,77.55519
12.923334,77.57183
12.976963,77.572039
12.974577,77.619912
12.946079,77.571469
13.007543,77.568886
12.979945,77.666303
12.978553,77.668321
12.99507,77.544261
12.997253,77.555778
12.947425,77.576966
13.016593,77.564434
12.925381,77.598024
12.981861,77.575552
12.967804,77.594646
12.979369,77.579844
12.970743,77.58418
12.929098,77.604652
12.955924,77.585253
12.986894,77.610782
13.011248,77.587439
12.916955,77.593237
12.951133,77.578116
12.95001,77.608896
12.962845,77.647106
12.967901,77.571398
12.965115,77.564784
12.961624,77.56321
12.978121,77.575533
12.973599,77.584485
12.979733,77.639736
12.995372,77.651007
12.950244,77.583439
12.960662,77.57637
12.984284,77.558816
12.936546,77.559825
12.984541,77.560544
12.921211,77.552637
12.957971,77.576324
12.930235,77.568827
12.9919,77.564031
12.982,77.568571
12.97517,77.589502
12.941973,77.589781
12.962982,77.556808
12.97607,77.584959
12.942952,77.570643
12.962817,77.579596
12.961987,77.562468
12.955193,77.583771
12.936892,77.607756
12.934056,77.588329
12.951707,77.564314
12.958558,77.541434
12.966642,77.604949
12.978836,77.613764
12.965965,77.589908
13.027061,77.569499
12.965156,77.624993
12.978148,77.620917
12.933037,77.573744
13.014522,77.549207
13.005923,77.551386
12.92536,77.592037
13.035375,77.57192
12.922863,77.558555
12.986571,77.586652
12.966732,77.567255
12.951717,77.592537
12.945664,77.593746
12.94522,77.544978
12.975052,77.578393
12.984669,77.562371
12.978295,77.637574
12.994971,77.580442
12.980322,77.630979
13.024581,77.576297
12.950598,77.590351
12.971537,77.588064
12.951324,77.560011
12.99953,77.568128
12.951677,77.573686
13.009988,77.549074
12.933303,77.562518
12.966995,77.646367
12.975794,77.634226
12.958212,77.597095
12.975679,77.580423
12.988231,77.647167
12.967522,77.588017
13.022134,77.600883
12.934817,77.576678
12.976312,77.629915
12.975594,77.590516
12.931954,77.544971
12.973834,77.644556
12.916053,77.588368
13.011501,77.573834
12.969561,77.589241
12.948056,77.54855
12.969734,77.64009
12.983791,77.567374
12.962708,77.575703
12.980315,77.571894
12.956785,77.567536
12.944438,77.606809
12.947915,77.594029
12.992648,77.584124
12.97024,77.580421
12.975378,77.564179
12.983859,77.640046
12.958901,77.560542
12.9632,77.592411
12.952254,77.608838
12.99476,77.568823
12.941957,77.574921
12.946267,77.557889
12.981924,77.651124
12.925153,77.57461
13.000255,77.574505
12.97227,77.579284
12.973453,77.564447
12.993868,77.58211
12.99992,77.584277
12.941923,77.550215
12.962566,77.601359
12.97923,77.642916
12.997129,77.571509
12.985603,77.558002
12.929778,77.602802
12.941498,77.599826
12.926237,77.577577
12.936922,77.570111
12.978545,77.583215
12.934392,77.584312
12.98779,77.66134
12.976001,77.594319
12.987674,77.64777
12.964236,77.557163
12.949062,77.583145
12.937109,77.571538
12.986751,77.568005
12.998538,77.560253
12.962075,77.569927
12.977408,77.651532
12.978083,77.577462
12.948821,77.678645
12.990571,77.566526
12.91367,77.56602
12.980257,77.583463
12.963282,77.568272
12.986154,77.636209
12.98056,77.636572
12.96938,77.576991
13.005216,77.549376
12.967552,77.574118
12.925389,77.581096
12.961629,77.638283
12.971587,77.562822
12.968085,77.589855
12.993005,77.567062
12.984121,77.577632
12.988955,77.550687
12.999864,77.580858
12.968571,77.591736
12.976507,77.591746
12.993872,77.604948
12.988999,77.61367
12.975804,77.575938
12.946518,77.596328
12.972127,77.567864
12.961511,77.584056
12.996864,77.570226
12.991951,77.660848
12.974096,77.647983
12.977302,77.65217
13.016042,77.569904
12.968907,77.570839
12.983381,77.573042
12.998968,77.586504
12.953953,77.545335
12.979361,77.564512
12.946392,77.569153
12.994673,77.561694
12.962655,77.642108
12.981676,77.646688
12.922546,77.602432
12.930786,77.56823
13.018193,77.57496
12.930056,77.571457
13.017183,77.545619
12.969076,77.662509
12.98061,77.582073
12.987991,77.584316
12.946901,77.544118
12.975263,77.584549
13.017989,77.567241
13.015465,77.571554
12.975367,77.571901
12.937717,77.585652
12.98971,77.652654
13.006826,77.66265
12.994488,77.569225
13.013488,77.569787
12.964254,77.56062
12.961628,77.570923
12.979538,77.539112
12.956574,77.579463
12.990707,77.608981
12.958647,77.583325
12.977876,77.623671
12.925085,77.568105
12.992274,77.63964
12.986511,77.602205
13.013871,77.589436
12.984322,77.641221
12.968188,77.56956
12.988664,77.581024
12.976596,77.594885
12.982355,77.621067
12.949789,77.556483
12.961766,77.590013
13.023548,77.587153
12.957518,77.582879
12.971505,77.567735
12.94633,77.591324
12.948758,77.62508
12.993543,77.644768
13.00356,77.562806
12.985017,77.561675
12.98644,77.649435
13.01979,77.588798
12.973348,77.579128
12.9837,77.661903
12.978997,77.582232
12.991222,77.619331
12.964435,77.58605
13.037555,77.579894
12.995146,77.620679
13.010585,77.625793
12.997555,77.554865
12.997747,77.585341
12.99862,77.642386
12.988449,77.561178
12.99195,77.5887
12.958144,77.567555
12.934735,77.542114
12.93587,77.583974
12.954215,77.551892
12.925213,77.5626
12.93637,77.589037
12.935987,77.557612
12.91074,77.61837
12.93211,77.592675
12.973308,77.576171
12.977831,77.579253
12.955512,77.574665
13.033603,77.571957
13.011708,77.557117
12.982485,77.662856
12.92038,77.613865
12.982144,77.635102
12.99147,77.57521
12.930849,77.611117
13.000348,77.627129
12.95881,77.588094
12.982443,77.642953
12.937508,77.599882
12.942414,77.565716
12.972839,77.563411
12.917657,77.591761
12.96416,77.569434
12.96733,77.581196
12.981984,77.621416
12.910876,77.572857
12.99019,77.535077
12.970393,77.660352
12.927814,77.589919
13.000155,77.653517
13.018744,77.612197
13.01022,77.547013
12.972698,77.545129
12.986517,77.538997
12.993109,77.576617
13.001021,77.575518
12.936493,77.601617
12.996356,77.580656
12.973844,77.558111
12.974213,77.576233
13.030174,77.565655
12.98432,77.583628
12.999066,77.575966
12.962178,77.627938
12.937442,77.561754
12.980189,77.583348
12.977322,77.631807
12.965393,77.682888
13.006685,77.558028
13.011303,77.565307
12.976317,77.578134
12.928572,77.599823
12.952656,77.550053
12.94345,77.550147
12.949456,77.592322
13.003549,77.628733
12.960929,77.549763
12.977777,77.636815
12.973964,77.568988
13.008901,77.574889
12.96667,77.61247
12.930166,77.582096
12.985984,77.569479
12.914237,77.592343
12.972854,77.58377
12.936322,77.576536
12.974222,77.551983
12.965844,77.582097
12.928664,77.582533
12.953564,77.590838
12.982599,77.669036
12.984976,77.556845
12.99119,77.574628
13.011828,77.53555
12.976316,77.617436
12.979816,77.559182
12.962741,77.622702
12.990187,77.60688
12.954537,77.626511
12.966553,77.575678
12.996806,77.657818
12.990402,77.566509
12.953976,77.554805
12.994189,77.644255
12.965193,77.632133
12.946954,77.540297
12.952612,77.639137
12.959932,77.609651
12.966579,77.604449
12.925512,77.577296
12.928112,77.581839
13.011998,77.582076
12.967963,77.574957
12.925731,77.582051
12.973254,77.64108
12.994953,77.597342
12.991929,77.577483
12.967029,77.555871
12.921165,77.573132
12.991566,77.571358
12.965449,77.565673
12.947368,77.604334
13.001417,77.579609
13.015846,77.592934
12.936939,77.573124
12.960985,77.573173
12.978165,77.553109
12.990582,77.573371
12.941323,77.599938
13.006088,77.574339
12.952036,77.624396
12.969536,77.624753
12.941007,77.597502
13.014852,77.582886
12.97832,77.620922
12.980087,77.618322
12.982822,77.562414
13.015856,77.584527
12.984027,77.590515
12.990814,77.574221
12.959809,77.618599
12.97777,77.577567
12.970366,77.5885
13.016448,77.589155
12.936268,77.589359
12.928846,77.570496
12.957034,77.590642
13.026858,77.561172
12.985043,77.595178
12.986338,77.59618
12.920957,77.622322
12.957525,77.596048
12.98198,77.580365
12.964319,77.587742
12.983025,77.571134
13.003454,77.607609
12.915797,77.567367
12.961465,77.632309
12.924113,77.63104
12.930082,77.58127
12.970652,77.584679
12.971185,77.563168
12.947447,77.547506
12.984806,77.561027
12.969686,77.632527
12.937088,77.569124
12.984437,77.635979
12.926064,77.575722
12.985527,77.560619
12.983759,77.542783
12.950611,77.591306
12.920508,77.571464
12.928392,77.589001
12.982129,77.600116
12.919815,77.562309
12.929484,77.584789
12.916493,77.592667
12.981823,77.621159
12.992453,77.590488
12.968665,77.582583
12.96677,77.624221
12.967329,77.605672
12.980471,77.650203
12.973821,77.560746
12.975249,77.636093
13.008434,77.56444
12.991333,77.555248
12.982253,77.594007
13.006305,77.563862
12.986927,77.648246
12.982739,77.555223
12.995107,77.619607
12.966748,77.603551
12.969321,77.639789
12.92082,77.565725
12.938026,77.591696
12.994903,77.582385
12.960966,77.532262
12.998879,77.640279
12.981664,77.563675
12.969607,77.582965
12.97319,77.58429
12.951509,77.580686
12.98922,77.569199
12.981414,77.569643
12.978829,77.590974
12.974767,77.641216
12.978362,77.592282
12.98322,77.574768
12.965479,77.643377
12.990038,77.574057
12.91946,77.597516
12.978416,77.671036
12.961604,77.572548
12.997379,77.602113
12.978278,77.630438
12.988186,77.537514
12.991643,77.564993
12.971233,77.591094
13.00827,77.557275
12.982807,77.554544
13.007781,77.570618
12.990118,77.580932
12.999628,77.577504
12.93662,77.590186
12.991403,77.601594
12.971676,77.631717
12.985422,77.579044
12.985591,77.571318
13.001359,77.643567
12.937818,77.566346
12.977739,77.659383
12.934683,77.558641
12.964791,77.56546
13.013915,77.632374
12.970511,77.559143
12.977692,77.590111
13.00421,77.564065
13.005259,77.547237
12.9686,77.572018
12.928479,77.608829
12.97684,77.55629
12.912442,77.594638
13.013469,77.575352
12.981553,77.589645
12.98302,77.627444
12.932355,77.559322
12.954782,77.596553
12.990004,77.562185
12.913767,77.586976
12.979454,77.581252
12.984792,77.647673
12.978231,77.582811
13.023907,77.575454
13.001441,77.576905
13.027516,77.559631
12.985794,77.573104
13.003602,77.556532
12.973363,77.553238
12.957516,77.645261
12.960386,77.65496
12.937387,77.550461
12.990135,77.550167
13.015541,77.554651
12.923552,77.600334
12.972041,77.615675
12.939236,77.544573
12.988987,77.639313
12.91374,77.554724
12.96244,77.579385
12.933355,77.554523
12.991323,77.641077
12.982303,77.611707
12.962759,77.638472
12.977377,77.599978
12.941027,77.575625
12.976983,77.576826
12.960288,77.57448
13.002167,77.536478
12.957931,77.603134
12.961405,77.607787
12.949405,77.58622
12.986944,77.644733
12.93289,77.582122
12.962582,77.57641
12.926456,77.572022
12.998869,77.591159
12.982664,77.648115
12.985222,77.640031
12.960871,77.58744
12.914485,77.597555
12.947072,77.575346
13.003326,77.566897
12.911579,77.574482
12.968787,77.555152
12.955436,77.595942
12.960895,77.652143
12.955088,77.592668
12.94513,77.555232
12.933672,77.598055
12.986167,77.573887
12.976963,77.548511
12.973721,77.665885
12.972374,77.603146
13.014372,77.588516
12.928905,77.597721
12.98128,77.595543
12.920166,77.566151
12.969374,77.594366
12.971294,77.531557
12.916119,77.554157
12.930276,77.57033
12.982378,77.56808
12.953517,77.58181
12.982147,77.58657
13.003612,77.56984
12.975433,77.563676
13.002063,77.538371
12.97742,77.616764
12.972863,77.556332
12.971362,77.552292
13.010855,77.579654
12.965517,77.574957
12.994314,77.619682
12.968343,77.545918
12.985809,77.559471
12.991322,77.657862
12.94908,77.580213
12.986245,77.598592
12.956049,77.643492
12.978349,77.578894
12.96824,77.567179
12.979615,77.57394
12.978458,77.645427
12.91359,77.588731
12.987162,77.593533
12.944491,77.582361
12.940472,77.571074
12.985345,77.54111
12.984074,77.542748
12.962119,77.550272
13.036516,77.560226
12.999622,77.57556
12.943019,77.590818
12.936608,77.597527
12.991555,77.582576
13.000145,77.649308
12.926832,77.579472
13.019725,77.580929
12.963965,77.584172
12.993592,77.576667
12.971249,77.570969
12.982021,77.587884
12.9551,77.566442
12.920999,77.573773
12.985769,77.625347
12.913902,77.575326
12.949393,77.653335
12.98794,77.656382
12.985954,77.572868
12.970733,77.60639
12.984504,77.587559
12.935435,77.589408
12.912006,77.548354
12.996072,77.578827
12.952352,77.583175
12.978938,77.55671
12.969134,77.632427
12.981207,77.585742
12.957253,77.616257
13.007592,77.57033
12.997468,77.618504
12.997158,77.563273
12.998044,77.574655
13.01364,77.586811
12.970334,77.631668
12.968661,77.639072
12.988085,77.653596
12.981215,77.617924
13.003287,77.54689
13.019609,77.587599
13.007228,77.5633
12.981574,77.638834
12.999865,77.559637
12.971149,77.556544
12.969622,77.56119
12.93124,77.57129
12.93556,77.567671
12.962689,77.589915
12.946517,77.586923
12.999335,77.570416
12.999674,77.59333
12.934825,77.603203
12.956381,77.551752
12.984007,77.556943
12.953855,77.582839
12.989737,77.580516
12.913371,77.589645
12.981542,77.564562
12.974686,77.632779
12.933671,77.58086
12.988973,77.634904
12.911365,77.574245
12.993334,77.567261
12.968951,77.566842
12.921785,77.54249
12.996525,77.644144
12.962975,77.565505
12.984137,77.663999
12.961188,77.57799
13.01209,77.652903
12.968119,77.596666
12.915148,77.568435
12.991556,77.558934
12.980963,77.587963
12.977489,77.567821
12.984661,77.624419
12.982611,77.653079
12.952373,77.557488
12.966297,77.595527
12.991184,77.586472
12.989111,77.560496
12.990222,77.613524
12.972222,77.585142
12.960643,77.565321
12.969814,77.578235
12.982001,77.582046
13.034716,77.543487
12.995893,77.63889
12.953771,77.586462
12.975695,77.596907
12.979935,77.577808
12.965526,77.552591
12.994479,77.569765
12.937886,77.555075
12.975004,77.566716
12.940408,77.557579
12.974591,77.584311
12.979213,77.557376
12.991737,77.568795
12.988963,77.564752
12.940806,77.564387
12.95353,77.645875
12.966527,77.576005
12.983789,77.608531
12.983973,77.579341
12.997496,77.561095
12.980881,77.636487
12.92688,77.562877
12.958409,77.586232
12.965884,77.594159
12.964467,77.627778
12.94369,77.586721
12.976483,77.592338
12.992715,77.552583
12.970782,77.652289
13.005178,77.543178
12.959444,77.598588
12.985449,77.584058
12.963549,77.570942
12.978989,77.591089
12.952987,77.618536
12.912541,77.576372
12.927832,77.567165
12.967183,77.606103
12.961505,77.574245
12.994495,77.606534
12.968108,77.655788
12.976942,77.576276
12.968074,77.554149
12.932963,77.58074
13.013123,77.544795
12.979246,77.580269
12.952987,77.573265
12.996386,77.563126
12.960357,77.629553
12.979345,77.65298
13.011676,77.567523
13.01249,77.571849
12.986636,77.547662
12.997733,77.552979
12.978548,77.610056
12.966821,77.637886
12.996853,77.6038
12.943474,77.589711
12.989818,77.63063
12.969497,77.56729
12.949139,77.563406
12.996598,77.559018
12.985363,77.577189
12.985384,77.579272
12.937894,77.577409
12.924323,77.601781
13.020238,77.558702
12.958223,77.596089
12.978846,77.573081
12.926045,77.616193
13.022872,77.566904
12.98511,77.570356
12.971745,77.559147
12.973104,77.557351
13.001612,77.566167
12.977117,77.568976
12.986359,77.655056
12.98523,77.64833
12.921854,77.587693
12.999797,77.549745
12.995475,77.644823
13.015773,77.576533
12.970161,77.648483
12.959118,77.581748
12.954805,77.574159
13.011782,77.583083
12.958348,77.592254
12.994224,77.573992
12.92736,77.584467
12.92572,77.579301
12.983168,77.583099
12.970389,77.640081
12.93952,77.565871
12.937371,77.571198
12.974058,77.640894
12.923043,77.576671
12.910223,77.578619
12.920674,77.574652
12.9826,77.593039
13.004796,77.571507
12.946163,77.571702
12.976793,77.646333
12.985156,77.551963
12.975661,77.57565
12.979261,77.566386
12.941355,77.584765
13.002598,77.570042
12.969089,77.637443
12.98895,77.613275
12.995626,77.565455
12.967442,77.54759
12.969195,77.557332
12.964288,77.624223
12.913371,77.57488
12.991308,77.59424
12.933287,77.607201
12.929504,77.566417
12.965742,77.565995
12.945848,77.549533
12.969957,77.584607
12.986083,77.577075
12.92746,77.573423
12.960185,77.645044
13.014575,77.573291
12.953689,77.601345
12.943995,77.576644
12.96978,77.568121
12.98053,77.635123
12.991266,77.579997
12.986168,77.605391
12.955132,77.628106
12.927031,77.573645
12.977071,77.576361
12.980335,77.653508
12.990822,77.58108
12.946839,77.542783
12.982984,77.589907
12.991032,77.57052
12.976969,77.632097
12.995798,77.610557
12.979933,77.642407
12.992466,77.641025
12.983684,77.592275
12.95367,77.659024
12.985638,77.638587
12.950179,77.571814
13.003416,77.564842
12.969521,77.585487
12.987637,77.653798
12.938883,77.585787
12.986712,77.576244
13.013053,77.561104
12.975503,77.566121
12.968867,77.610429
13.013759,77.542121
12.966962,77.609121
12.997748,77.55221
12.978541,77.564106
12.985461,77.668689
12.922453,77.587859
12.994236,77.679966
12.935905,77.580146
12.915871,77.569321
12.947514,77.590801
13.015644,77.637721
12.924057,77.585953
12.990827,77.571822
13.021852,77.640518
12.976537,77.600702
12.960891,77.653036
12.978408,77.573523
12.951981,77.647878
12.937658,77.573316
12.980442,77.658322
12.962838,77.551962
12.962095,77.62202
12.983887,77.625787
12.993107,77.553122
12.984787,77.584888
12.96301,77.594261
12.914894,77.552861
12.976921,77.641979
12.964439,77.558067
12.97233,77.551112
12.911908,77.561118
12.942345,77.570552
12.975352,77.63445
12.958312,77.579807
12.972124,77.639184
12.969912,77.590074
12.915112,77.568933
12.944389,77.570278
12.951726,77.605349
12.959239,77.574547
13.013624,77.555307
12.979931,77.569957
12.959544,77.55772
12.998504,77.575723
12.940986,77.593436
13.01966,77.54059
12.9854,77.630359
13.00551,77.640458
13.020156,77.549174
12.996129,77.6605
12.991389,77.585284
12.987794,77.583366
12.973471,77.563444
12.911609,77.522176
12.990945,77.593803
12.973871,77.591417
12.94091,77.556904
12.913591,77.595413
12.949889,77.583513
12.93979,77.57018
12.993223,77.579635
13.005765,77.586612
12.990641,77.583408
12.955424,77.62793
12.975182,77.598465
13.005444,77.574098
12.979601,77.562045
12.958184,77.646436
12.979121,77.565955
12.977437,77.579368
12.976955,77.589482
13.016569,77.58173
12.977477,77.579315
13.001806,77.599287
12.999914,77.570699
12.960712,77.575727
12.988299,77.647434
12.992118,77.59298
12.94496,77.580657
12.972325,77.565733
13.011035,77.599209
12.933911,77.579949
13.021435,77.670573
12.996305,77.547421
12.969425,77.667465
12.960033,77.58199
12.963213,77.55053
12.992423,77.631288
12.961881,77.626684
12.991961,77.568991
12.985426,77.630113
12.964875,77.621537
12.97353,77.581404
12.974027,77.590085
12.937113,77.592583
12.949786,77.579914
12.998173,77.580419
13.02582,77.564724
12.992005,77.665777
12.990652,77.639486
12.956574,77.645811
12.938298,77.580097
12.975196,77.583853
12.940854,77.566787
12.977944,77.588757
12.984437,77.640245
12.984332,77.589647
12.999483,77.55919
12.943614,77.587917
12.997821,77.55542
12.980705,77.580404
12.985587,77.624124
12.994923,77.529112
12.91419,77.57429
12.965594,77.571336
12.92372,77.587278
12.978661,77.628056
12.98751,77.567971
12.974261,77.585736
12.979516,77.63175
12.980684,77.590861
13.011778,77.5616
12.97445,77.574919
13.008511,77.548834
12.973374,77.573257
12.929616,77.582239
12.970056,77.572685
12.943319,77.63933
12.966614,77.575579
13.001822,77.555937
13.016151,77.576005
13.014996,77.571129
12.933539,77.555308
13.020203,77.549478
13.006065,77.564581
12.957333,77.556243
12.988472,77.576017
12.969887,77.581414
12.977006,77.540853
12.967839,77.641679
12.955671,77.657936
12.985955,77.551014
12.975773,77.580098
12.929148,77.591707
12.947602,77.528698
12.972071,77.645116
12.995489,77.556758
13.012726,77.579766
12.975701,77.63145
12.959678,77.561734
12.962809,77.579292
12.971922,77.639002
13.030213,77.567591
12.992961,77.555497
12.919285,77.562619
13.013141,77.567187
12.961347,77.575171
13.018344,77.582975
12.941262,77.575638
12.930219,77.615152
12.913876,77.570688
12.930326,77.533937
12.998187,77.540407
12.986669,77.634718
12.986425,77.563908
12.977048,77.656215
12.961303,77.56515
12.963387,77.605461
12.952643,77.57272
12.947865,77.613312
12.952488,77.561697
12.938888,77.557657
12.981309,77.580966
12.983507,77.555101
12.978655,77.638835
12.954142,77.572471
12.950423,77.562606
12.923523,77.588557
12.975513,77.637321
12.910546,77.583216
12.956738,77.564182
12.993854,77.641966
12.938732,77.602333
12.994541,77.565962
12.965806,77.578978
12.999281,77.568308
12.983605,77.564863
12.973709,77.57061
13.008512,77.585863
13.001867,77.584387
13.010765,77.582004
12.913313,77.57075
12.979287,77.637908
12.936453,77.549664
12.988452,77.651039
12.979492,77.645513
12.910699,77.57938
12.998946,77.533081
13.001896,77.573814
12.968024,77.567643
13.006614,77.560913
12.981977,77.582345
12.948896,77.581881
12.987727,77.559298
12.94941,77.548778
12.983967,77.660786
13.01482,77.649616
12.995233,77.563088
12.977336,77.576289
12.97039,77.654213
12.990945,77.593803
12.965196,77.57886
12.982778,77.578617
12.993337,77.589859
12.994408,77.597961
12.928611,77.573455
12.984871,77.564649
12.968413,77.584607
12.956536,77.559516
13.01312,77.577532
12.939992,77.569216
12.994071,77.587229
12.954892,77.605879
12.98512,77.652473
12.952987,77.618536
12.977936,77.577438
12.961252,77.572318
12.985679,77.597324
12.987389,77.592605
12.989541,77.563544
12.981393,77.562954
12.942396,77.562973
12.940087,77.54479
12.97472,77.567631
12.975867,77.600785
13.002707,77.582278
12.984772,77.631326
12.976331,77.553682
12.949416,77.577235
12.961306,77.610418
12.967286,77.545935
12.943394,77.618816
12.964041,77.588888
12.939947,77.583086
12.975701,77.63145
12.980776,77.642661
12.931472,77.542599
12.977552,77.586703
12.9944,77.628766
12.982064,77.581069
13.012891,77.651311
13.00239,77.577893
12.969993,77.568455
12.920092,77.592129
12.977225,77.640429
13.008812,77.56007
12.985345,77.54111
12.92854,77.594869
13.018178,77.550934
12.929432,77.59298
13.002517,77.610511
12.96689,77.560255
12.927204,77.642313
12.999514,77.586616
12.934842,77.578479
12.922007,77.571639
12.976135,77.548558
12.990865,77.580086
12.972047,77.6394
13.008515,77.583091
12.981352,77.622352
12.965581,77.574652
12.971501,77.586784
12.911546,77.592852
13.003265,77.566889
12.937448,77.554764
12.964032,77.579745
12.998248,77.547284
12.963006,77.587702
12.974588,77.561519
12.943713,77.600855
12.990398,77.596618
12.972535,77.577946
12.984348,77.651318
12.962794,77.58291
12.953946,77.640736
12.981684,77.600009
12.986717,77.570876
13.01143,77.576846
12.95635,77.64328
12.959385,77.544199
12.966108,77.567309
13.002532,77.645764
12.946156,77.572459
12.960536,77.591133
12.982651,77.658284
12.987587,77.565809
12.989332,77.556928
12.957227,77.600091
13.005592,77.65152
12.998947,77.54843
12.993122,77.598146
13.012719,77.559518
12.983706,77.660981
12.917971,77.557268
12.951935,77.556963
12.914918,77.60136
13.001732,77.58095
13.010826,77.561784
12.964278,77.644718
12.929374,77.589944
12.943653,77.571385
12.974168,77.657616
12.973433,77.580209
12.941681,77.573325
12.985609,77.63161
12.967367,77.564727
12.970553,77.66142
12.991769,77.564553
12.988854,77.553713
12.967687,77.579407
12.942727,77.602384
12.964179,77.573844
12.989656,77.611303
12.93364,77.584961
12.941998,77.563461
12.97475,77.540048
12.95683,77.557467
12.998989,77.5616
12.984679,77.546299
13.025034,77.57641
12.961662,77.548096
12.92927,77.574351
12.992656,77.67109
13.00097,77.535568
12.967268,77.626231
12.988266,77.602819
12.98137,77.576477
12.968175,77.65322
12.932362,77.571999
12.962228,77.584666
12.934443,77.557548
12.922457,77.604232
12.987727,77.559298
12.990146,77.545157
13.009181,77.55436
12.980863,77.590645
13.009146,77.560393
12.93124,77.57129
12.982094,77.569269
12.957877,77.563848
12.932328,77.567465
12.984989,77.635489
13.00714,77.574577
12.975983,77.577884
12.923956,77.580081
13.023864,77.560145
12.946265,77.572913
12.975799,77.632092
12.988394,77.610681
12.933504,77.593094
12.970939,77.570396
12.988358,77.638617
12.936575,77.589987
12.968879,77.57125
12.992842,77.627096
12.986212,77.583617
12.927104,77.588492
12.975385,77.610937
12.971333,77.659181
13.011669,77.551125
12.959912,77.582172
12.929764,77.583338
12.934749,77.567072
12.960564,77.546296
12.981976,77.651616
13.019033,77.550508
13.000634,77.583718
12.987606,77.589786
12.923781,77.568199
12.929616,77.582239
12.967994,77.563465
12.952047,77.582224
12.954602,77.591148
12.971436,77.572561
12.971823,77.566566
12.975181,77.625791
13.000518,77.571181
12.948758,77.62508
12.982912,77.569781
12.982599,77.669036
12.922653,77.57651
12.988614,77.552699
12.920426,77.567576
12.993818,77.569899
12.995822,77.575912
12.952536,77.589009
13.03221,77.556358
12.986012,77.585393
12.983383,77.644051
12.978655,77.638835
12.98315,77.624057
12.960849,77.649717
12.993977,77.535155
12.98444,77.575206
13.002921,77.55567
12.924869,77.590359
12.94296,77.56783
12.931832,77.59103
12.964716,77.559185
13.001749,77.581012
12.969017,77.662409
12.94633,77.591324
12.961886,77.55814
12.993862,77.673755
13.015631,77.5791
12.969481,77.557873
12.939716,77.580273
12.968866,77.651939
12.931098,77.561046
12.991307,77.617233
12.994447,77.569994
12.96582,77.561247
12.992114,77.600999
12.969086,77.572741
12.992105,77.583754
12.954123,77.630204
12.981261,77.587594
12.952158,77.589777
12.969879,77.590452
12.916946,77.59736
13.021825,77.57065
12.978644,77.588224
12.981124,77.636038
12.96813,77.644561
12.994452,77.57729
12.935848,77.605273
13.003099,77.611975
12.982191,77.589198
12.999736,77.602955
12.926355,77.561633
12.970384,77.563732
12.988526,77.589341
12.973747,77.571231
12.95817,77.582106
13.005536,77.608902
12.960609,77.576575
12.980028,77.648485
12.993485,77.569047
12.964731,77.590602
12.910803,77.557986
12.972671,77.61233
12.999395,77.564883
12.973684,77.56035
12.950463,77.544226
12.910454,77.575367
12.910188,77.579497
13.004937,77.590789
12.961012,77.633255
12.921371,77.566303
12.929523,77.578749
12.985385,77.66064
12.97377,77.564099
12.964359,77.573181
13.015648,77.548288
12.956049,77.577844
13.004229,77.591564
13.011612,77.576707
12.92603,77.554419
13.015128,77.565568
12.986697,77.560116
12.938117,77.59149
12.973321,77.557239
12.988427,77.636674
13.022572,77.571427
12.995217,77.586395
12.979757,77.650457
12.968904,77.568703
12.969081,77.58049
13.001304,77.568314
12.953162,77.582927
12.924726,77.581756
12.933911,77.578039
12.993717,77.577176
12.963714,77.658433
12.969985,77.561394
12.940804,77.587607
12.92989,77.590416
12.993749,77.592657
13.002531,77.588614
12.915294,77.611147
12.967553,77.578502
12.964471,77.557798
12.972262,77.622993
12.95803,77.579693
12.961189,77.641508
12.963122,77.554799
12.982603,77.557688
12.987929,77.545755
12.919165,77.584506
12.919899,77.583166
12.922743,77.544117
12.997925,77.581627
13.012664,77.629789
12.986425,77.563908
12.968596,77.565921
12.98049,77.594139
12.988044,77.587174
12.990845,77.660546
12.970344,77.584104
12.963539,77.56125
12.964328,77.578437
12.983595,77.634218
12.984016,77.567237
12.927324,77.569655
12.968696,77.585729
12.963233,77.570293
12.940209,77.589541
13.01695,77.596847
12.985085,77.589509
12.964719,77.575699
12.981658,77.654529
12.986266,77.645632
13.030067,77.595909
12.932844,77.591392
12.983672,77.57741
12.989917,77.629768
12.99035,77.637243
13.000357,77.647538
12.995802,77.580298
13.009521,77.540397
13.009546,77.565127
12.916194,77.55968
12.98965,77.573332
12.964953,77.561881
12.929697,77.59046
12.976711,77.557502
12.971566,77.594665
12.939218,77.560134
12.952164,77.567729
12.929643,77.607686
12.990179,77.580768
12.980541,77.573942
12.962337,77.573599
12.987385,77.650893
12.989667,77.620392
12.941439,77.56949
12.921371,77.635331
12.931623,77.605518
12.96057,77.5879
12.968949,77.637776
12.98233,77.581573
12.975792,77.543702
12.926123,77.572995
12.975684,77.565036
12.968572,77.657716
12.994187,77.564925
12.966049,77.568677
12.94519,77.601291
12.975666,77.58119
12.910123,77.571089
12.982341,77.54513
12.964008,77.630796
12.992134,77.645123
12.979302,77.557918
12.968305,77.645712
12.963034,77.648241
13.013591,77.594558
12.964716,77.559185
12.990035,77.641369
12.99979,77.564935
12.968423,77.648135
12.978333,77.576078
12.983673,77.649089
12.939539,77.579945
12.950128,77.564341
12.985909,77.642789
12.982328,77.562795
12.972446,77.58211
12.982707,77.563289
12.99034,77.571148
12.984242,77.591957
12.945427,77.568804
12.960446,77.554757
12.966721,77.57557
12.99815,77.580234
12.958893,77.564771
12.958507,77.651406
12.966848,77.594793
12.914525,77.573172
12.931472,77.542599
13.013813,77.56682
12.965656,77.615608
12.915723,77.576166
12.964596,77.6381
12.96344,77.628358
12.960854,77.57395
12.994983,77.594201
13.00691,77.612054
12.972232,77.674471
12.972238,77.664783
12.935322,77.595128
12.993608,77.594617
12.979011,77.573309
12.955271,77.580155
12.934146,77.576978
12.934826,77.614517
12.958411,77.585217
13.005983,77.58459
12.918708,77.594153
12.958181,77.572295
12.990782,77.5849
12.965522,77.546243
13.007652,77.555534
12.927343,77.561629
12.994026,77.567172
12.962777,77.647538
12.981857,77.645028
12.954714,77.598596
12.959371,77.582676
12.999112,77.580275
12.91318,77.599442
12.96741,77.573843
12.969669,77.628109
12.934123,77.556309
12.958008,77.578336
12.969088,77.653852
12.974187,77.576388
12.983238,77.64639
12.957855,77.575775
12.990379,77.568064
13.021588,77.581919
12.978162,77.577772
12.985922,77.623346
12.967756,77.642093
12.940814,77.572606
12.945891,77.562591
12.99547,77.57187
12.95789,77.660426
12.985292,77.627124
12.980852,77.57061
12.97904,77.636307
12.998812,77.557462
12.985888,77.613015
12.975762,77.65886
12.954854,77.568913
12.972782,77.561897
13.011274,77.584345
13.022443,77.579814
12.988279,77.577485
12.968861,77.620326
12.96938,77.587202
12.972357,77.586366
12.98728,77.555786
12.926568,77.592868
12.968563,77.653539
13.001368,77.586464
12.935535,77.582299
12.987888,77.592671
12.998547,77.572293
12.973603,77.571038
12.923731,77.60987
12.984088,77.579966
13.037621,77.573111
13.00284,77.546123
12.947812,77.56315
12.932518,77.533967
13.003657,77.636036
12.977443,77.642438
12.919368,77.561508
12.970962,77.570247
12.992203,77.65802
12.988893,77.567529
12.967402,77.60338
13.007346,77.572612
12.927956,77.571413
13.006267,77.598041
12.97034,77.65553
12.989619,77.574289
12.991308,77.580779
12.971321,77.575117
12.988112,77.572954
12.984151,77.631134
12.970374,77.549415
12.985353,77.566659
12.955493,77.601506
12.972065,77.628361
12.978131,77.651816
13.00553,77.577071
12.959662,77.570488
12.950412,77.596841
12.929814,77.57758
13.005994,77.546523
12.984194,77.655603
13.019541,77.569935
12.967135,77.63662
12.979257,77.63714
12.966982,77.562987
13.009103,77.569623
12.990744,77.557027
12.998193,77.590678
12.998496,77.596428
12.987133,77.560659
12.948821,77.564375
13.008891,77.555255
12.999335,77.570416
12.979422,77.595712
12.973166,77.572836
12.951736,77.573317
12.967569,77.581652
13.017479,77.565398
12.97022,77.63496
12.977583,77.609048
12.969224,77.587215
12.943055,77.584667
12.995476,77.576076
12.994769,77.582838
12.950481,77.609237
12.9639,77.593739
12.919885,77.573185
12.955066,77.569765
12.957529,77.568677
12.984551,77.641521
13.009455,77.641797
12.98218,77.611632
12.9953,77.58752
12.967295,77.573954
12.980763,77.575989
12.915997,77.577926
12.976044,77.588271
12.963816,77.571847
12.999209,77.577779
12.978575,77.589945
12.944707,77.572111
12.966487,77.648584
12.980791,77.582295
13.014436,77.612525
12.95711,77.546518
13.017328,77.5603
12.971409,77.629513
13.0055,77.568487
12.99172,77.567442
12.975796,77.573545
12.974208,77.633416
12.931087,77.558154
12.967382,77.561385
12.978307,77.57431
12.99604,77.580437
12.965577,77.561025
12.950559,77.575844
12.969196,77.567287
12.972386,77.584596
12.964025,77.644942
12.990633,77.561869
13.038654,77.551516
13.006336,77.572964
12.986641,77.589488
13.002378,77.554489
12.947242,77.550344
12.97299,77.585263
12.973628,77.555913
12.972286,77.582463
12.959078,77.64252
12.9812,77.589749
12.950434,77.667737
13.015223,77.547899
12.977081,77.638711
12.961252,77.588088
12.914993,77.573776
12.960467,77.651865
12.947516,77.568261
12.973999,77.646643
12.969104,77.580406
12.923905,77.564265
12.975562,77.652098
13.006656,77.566137
13.010917,77.560636
12.989122,77.573699
12.992009,77.575792
13.012995,77.594715
13.003798,77.603404
13.005235,77.651431
12.935553,77.578054
12.989732,77.627677
12.997686,77.567253
12.984282,77.583453
13.005061,77.576699
12.980758,77.576853
12.989678,77.581764
12.983954,77.572735
12.970838,77.624056
12.929186,77.629382
12.960236,77.586048
12.971158,77.656349
13.01209,77.652903
13.007998,77.569705
12.972757,77.664466
12.9492,77.568917
12.991589,77.558129
12.940722,77.549073
12.999363,77.646318
13.000383,77.577921
12.95308,77.567431
12.993323,77.633013
12.97415,77.566629
12.952258,77.571703
12.997695,77.660755
12.98137,77.576477
12.982815,77.588981
13.020378,77.570153
12.98605,77.591203
12.978621,77.578721
12.964785,77.595047
13.007131,77.54792
12.994647,77.576581
13.004327,77.578229
12.97684,77.563577
12.98389,77.60607
12.980736,77.635948
12.970839,77.550352
12.958371,77.621153
12.926999,77.541906
12.948433,77.602284
12.959089,77.525726
12.921052,77.577662
12.989438,77.56215
12.962989,77.589004
12.993433,77.576247
12.972071,77.539782
12.96559,77.572983
13.017059,77.536957
12.968381,77.552543
12.985326,77.580112
12.980531,77.660084
12.957622,77.585927
12.977075,77.581511
12.979764,77.586198
12.913493,77.582022
12.951128,77.579634
12.911312,77.603142
12.995243,77.630018
12.998471,77.584294
12.96631,77.582845
12.960945,77.551329
12.990969,77.637741
12.951308,77.585297
12.996241,77.563341
12.951771,77.57171
13.010419,77.568562
12.963967,77.589543
12.920727,77.586591
12.986161,77.597293
12.984938,77.628708
12.944541,77.582887
12.949635,77.564236
12.929426,77.576556
12.914521,77.566629
12.989953,77.551388
12.994676,77.598111
12.947014,77.57434
12.989798,77.565171
12.960083,77.575013
12.952286,77.615158
12.974147,77.582853
12.947953,77.570672
13.02767,77.558012
12.940442,77.593209
12.961582,77.643074
12.974305,77.564465
13.027968,77.561598
12.975013,77.572835
12.996227,77.679423
12.96346,77.580265
13.007099,77.570177
12.978646,77.584066
12.965223,77.636673
12.995409,77.561578
13.021956,77.565778
12.996933,77.636682
12.982673,77.56552
13.004381,77.579408
12.990176,77.586637
12.983036,77.583572
12.986361,77.650059
12.978897,77.554842
12.940502,77.589894
13.00684,77.577386
12.982963,77.560784
12.926609,77.637974
12.969145,77.626765
12.968532,77.597374
12.970681,77.55683
12.96004,77.66649
12.913479,77.571534
12.922203,77.570255
12.995002,77.587744
12.97474,77.574195
13.009176,77.562928
12.91481,77.590042
12.984593,77.556476
12.987319,77.56043
13.008248,77.581746
12.93273,77.568328
12.984194,77.655603
13.010833,77.597253
12.945782,77.59231
12.965135,77.563926
13.006888,77.599197
12.967175,77.569579
12.93627,77.570187
12.979988,77.635194
12.948458,77.623977
12.973313,77.584632
13.017457,77.564135
12.933225,77.568426
12.97042,77.648767
13.019457,77.574389
12.962897,77.670563
12.959114,77.592343
13.017791,77.570739
12.983781,77.63824
13.007682,77.563437
12.963102,77.606597
12.927014,77.567535
12.986455,77.656847
12.956914,77.552125
12.982254,77.562095
12.994917,77.572306
12.968978,77.572489
12.96936,77.634653
12.974213,77.576233
12.965037,77.625141
12.991135,77.593408
12.997031,77.567122
13.002223,77.553871
12.988919,77.568125
12.988727,77.571342
12.976509,77.67184
13.002024,77.572391
12.958322,77.581431
12.964769,77.586791
12.957418,77.574651
12.960602,77.572272
12.960146,77.647217
12.96852,77.634407
12.970146,77.628894
12.94452,77.600098
13.008166,77.57194
12.965745,77.564237
13.010135,77.552828
12.98211,77.580236
12.992738,77.623501
12.911195,77.537453
12.929975,77.606108
12.988336,77.531285
12.950466,77.556014
12.927509,77.584003
12.960665,77.632571
12.967376,77.579442
12.950106,77.55969
12.959064,77.558409
12.978999,77.54664
12.954314,77.55786
12.976906,77.66463
12.981076,77.637027
12.956424,77.586591
12.956231,77.580534
12.982369,77.571827
12.96722,77.674048
12.981424,77.631382
13.00463,77.590967
12.925303,77.569446
12.99959,77.579499
12.980037,77.583708
12.96834,77.561569
12.931451,77.542743
12.957567,77.579765
12.957296,77.580851
13.000394,77.579239
12.984943,77.658944
13.016393,77.581674
12.974689,77.547818
13.002032,77.585317
12.931209,77.556767
12.965498,77.56924
12.914989,77.583439
12.934505,77.53218
12.970527,77.584432
12.935837,77.596732
12.949445,77.601236
12.994055,77.629716
12.975891,77.581496
12.938451,77.572694
12.99231,77.648937
12.982409,77.560292
12.971003,77.62012
12.964028,77.580816
12.982641,77.565789
12.971889,77.625823
12.992115,77.624208
12.966909,77.568857
12.983789,77.644615
12.979789,77.635302
12.925717,77.564096
12.940952,77.607719
12.979513,77.595469
12.972408,77.615448
12.973464,77.581867
12.92797,77.565926
12.968605,77.641692
12.969272,77.583475
12.963608,77.571506
12.972113,77.615378
12.978437,77.587888
12.988977,77.592515
12.980331,77.565984
12.922652,77.576318
12.938182,77.56999
12.978744,77.557075
12.975129,77.588821
12.943703,77.624104
12.910347,77.546536
12.976343,77.635124
12.955893,77.580786
12.983193,77.563261
12.982104,77.594134
12.964094,77.56782
12.987505,77.645906
12.990342,77.592148
12.967213,77.595007
12.980521,77.643505
12.96795,77.58264
13.014081,77.580974
12.980018,77.543816
12.977551,77.62339
12.965867,77.63193
12.986464,77.575192
13.0034,77.570195
12.980124,77.566384
12.96951,77.586958
12.979613,77.625155
12.947424,77.580999
13.028658,77.556966
12.937644,77.586981
12.921763,77.576921
12.987691,77.626315
12.990754,77.570569
13.002387,77.642769
12.960424,77.613247
12.967905,77.644832
13.009844,77.551592
12.991894,77.57495
12.915041,77.583422
12.97635,77.573997
12.969419,77.635832
12.945694,77.544024
13.028356,77.542887
12.964882,77.63086
12.962368,77.674141
12.970187,77.642183
12.949019,77.645435
12.979611,77.565067
12.960501,77.5794
12.96401,77.645721
12.985568,77.556246
12.984275,77.586573
12.923234,77.59783
13.012005,77.566699
13.019457,77.574389
12.94142,77.580935
12.989401,77.651031
12.978897,77.554842
12.960995,77.565362
12.983693,77.579208
12.965432,77.58857
12.957072,77.566153
12.943548,77.594078
12.965935,77.616499
13.007622,77.571123
12.925925,77.548558
12.979293,77.565431
12.951342,77.64872
12.954454,77.585796
12.928732,77.580054
12.960897,77.56425
12.943033,77.573963
12.975807,77.577644
12.973563,77.577134
12.957096,77.561071
12.968961,77.581742
12.981875,77.646675
12.980514,77.558983
12.978428,77.635645
12.954688,77.541623
12.976742,77.578226
12.927737,77.580748
12.983617,77.636939
12.943365,77.589779
12.988008,77.575244
13.024347,77.563607
12.975503,77.566121
12.981997,77.566374
12.9836,77.684866
12.95101,77.573601
12.991769,77.584226
12.990705,77.573543
12.961946,77.654799
13.017468,77.598369
12.97975,77.566042
13.017019,77.577874
12.992005,77.591239
12.966193,77.567727
12.985024,77.610424
12.959014,77.59045
12.988741,77.580731
12.993992,77.5979
12.958693,77.660994
12.959055,77.577025
12.988971,77.583801
12.953209,77.562017
12.952374,77.559952
12.981232,77.579617
12.970389,77.640081
12.983204,77.578563
13.018178,77.550934
12.96857,77.665881
12.9146,77.580621
13.009214,77.550207
13.00385,77.594713
12.998496,77.570167
12.9881,77.646318
13.012482,77.545078
12.968563,77.653539
12.979094,77.567605
12.970519,77.585145
12.962925,77.571752
12.981539,77.643296
12.930408,77.574175
12.957605,77.577537
12.945722,77.628397
12.982096,77.557386
13.00497,77.584609
12.987814,77.63327
12.996962,77.561853
12.950024,77.579689
12.968628,77.5937
12.992952,77.650577
13.007309,77.551988
12.987852,77.664902
12.93424,77.603676
12.990678,77.572045
12.922913,77.588878
12.985762,77.640682
12.970012,77.568173
12.916924,77.585835
13.003892,77.570699
12.979157,77.541412
13.008615,77.664049
13.019395,77.568278
12.932935,77.610403
12.967814,77.582813
12.911632,77.587285
12.975361,77.553466
12.977362,77.557404
12.974367,77.588286
12.967533,77.582091
12.992792,77.590029
12.979175,77.561414
12.958421,77.573439
12.921277,77.569707
12.972396,77.578989
12.973472,77.59921
12.994605,77.549585
12.948267,77.578433
12.935336,77.562109
12.961188,77.57799
12.982066,77.583013
12.940962,77.581609
12.946918,77.575344
12.957899,77.579816
13.000448,77.590076
13.020556,77.566502
12.931786,77.569304
12.917492,77.594731
12.94222,77.597884
12.967832,77.570763
13.014522,77.587528
13.006252,77.594255
12.966221,77.608145
12.964703,77.623372
12.989472,77.553505
12.960429,77.594357
12.978443,77.650249
13.014978,77.55985
12.949522,77.595887
12.913192,77.605634
12.958995,77.567792
12.947295,77.603223
12.951778,77.593826
12.983507,77.636623
12.947165,77.646369
12.928903,77.615516
12.945084,77.57933
13.00538,77.569994
12.98794,77.656382
12.975492,77.661353
12.994715,77.648965
12.980758,77.576853
12.990985,77.599867
12.993966,77.560027
13.005667,77.592002
13.003946,77.656118
12.984138,77.64935
12.984929,77.656881
12.985532,77.554722
12.930322,77.59856
12.965526,77.552591
12.969088,77.605408
12.97399,77.56442
12.957575,77.578356
12.982418,77.63128
12.971429,77.654275
12.962388,77.592518
12.975799,77.566622
12.95484,77.581796
12.983984,77.647883
12.979157,77.561725
12.982988,77.564518
12.995455,77.593443
13.012024,77.58557
12.937565,77.577002
12.990359,77.571045
12.997865,77.583357
12.966767,77.576026
12.978885,77.589348
12.989246,77.574801
12.981025,77.532726
12.92144,77.614375
12.992797,77.558358
12.999477,77.565469
12.925373,77.561652
12.998137,77.655481
12.979522,77.572219
13.001064,77.561996
12.965913,77.628365
12.990661,77.589556
12.985167,77.592258
12.983717,77.571418
12.975476,77.579127
12.962542,77.606099
12.949706,77.559758
12.973293,77.561773
12.947134,77.530715
12.99217,77.596945
12.975037,77.631234
13.018325,77.58048
12.997035,77.568481
12.9558,77.596784
13.016249,77.552478
13.020025,77.597377
12.959808,77.568758
12.993596,77.640393
12.997837,77.580291
12.971103,77.639393
12.965583,77.65094
12.918993,77.579086
12.976231,77.547206
12.967085,77.571568
13.027843,77.570332
12.9823,77.660005
12.967254,77.647949
12.983745,77.592499
12.998218,77.563394
12.968771,77.562059
13.005111,77.542288
12.973703,77.545997
12.959469,77.637152
12.974696,77.588066
12.962844,77.578262
12.978773,77.5677
13.033372,77.566667
12.95928,77.601863
12.98773,77.581903
12.979269,77.645186
12.985458,77.571703
12.981101,77.554533
12.998371,77.553727
12.982622,77.558554
12.948574,77.608769
12.966661,77.681614
13.013788,77.573924
12.964576,77.573758
12.997989,77.597875
12.974635,77.571404
12.975262,77.64398
12.972919,77.624542
12.939245,77.587431
13.013961,77.581734
12.934382,77.582326
12.980581,77.640131
12.978533,77.56909
12.964694,77.571835
12.982214,77.595614
12.995085,77.569764
13.034376,77.522385
12.964445,77.572463
12.913024,77.602787
12.922265,77.549068
12.994941,77.6588
12.979617,77.65555
12.969017,77.613803
12.966899,77.58871
12.9188,77.574264
12.989616,77.609726
12.940563,77.569255
12.976932,77.638076
13.004156,77.560197
12.936712,77.584046
12.995492,77.590473
13.01139,77.638165
12.974287,77.621849
12.995832,77.588937
12.994362,77.660696
13.002466,77.61557
12.995825,77.641197
13.009076,77.578566
12.965029,77.55571
12.9534,77.58942
12.987186,77.57712
12.950375,77.58337
12.99602,77.566096
12.98281,77.578029
12.913636,77.594972
12.976905,77.624993
12.986094,77.548131
12.91471,77.575141
12.949315,77.646473
12.984157,77.563932
12.961104,77.588185
12.951494,77.575067
13.025762,77.549157
12.969295,77.563323
12.934715,77.616348
12.96294,77.596412
12.974323,77.56886
12.997225,77.588618
13.012631,77.564821
12.914815,77.600535
12.967633,77.569369
12.953954,77.557681
12.987419,77.631138
12.999866,77.657742
12.936045,77.586187
12.936856,77.573954
12.938032,77.602767
12.980736,77.578583
13.00529,77.564738
12.989843,77.632358
13.007797,77.560445
12.972607,77.598447
12.988633,77.575577
12.976596,77.641258
12.931877,77.614123
12.922549,77.58267
12.992374,77.566038
12.979306,77.587291
12.94705,77.615077
12.976589,77.671153
12.989436,77.552893
12.999406,77.559652
13.004723,77.596429
12.970105,77.632667
12.979993,77.561835
12.923905,77.564406
12.97454,77.553521
12.957596,77.661267
12.99663,77.587912
12.968008,77.58957
12.985039,77.574719
12.984643,77.564245
12.984969,77.571538
12.964197,77.576757
12.911879,77.594219
12.996424,77.568207
12.96702,77.557673
12.981077,77.566326
12.98002,77.60363
12.96447,77.569837
12.984619,77.540824
13.00172,77.555028
13.008846,77.576635
13.014401,77.579008
12.963689,77.624906
12.995324,77.647483
12.982848,77.55151
12.989045,77.583822
12.979858,77.586633
12.941712,77.565787
12.983779,77.645923
12.973102,77.556257
12.956941,77.558203
13.010376,77.561362
12.973308,77.576171
12.97577,77.6592
12.993909,77.583504
12.979675,77.574721
12.966296,77.648883
12.981126,77.550358
12.973902,77.579196
13.004975,77.567049
12.98971,77.652654
13.001753,77.593272
12.927585,77.563054
12.9629,77.635947
12.977565,77.58351
12.959783,77.567033
13.005153,77.56091
12.969813,77.569535
12.949221,77.573153
12.979349,77.557341
12.971494,77.641378
12.965817,77.614072
12.958984,77.656328
12.925534,77.597049
12.992783,77.577951
12.930291,77.600532
12.925898,77.573565
12.916273,77.552434
12.93156,77.60337
12.969274,77.574781
12.964109,77.588087
12.937231,77.603587
12.943879,77.557565
12.961896,77.574401
12.970638,77.591399
13.002603,77.549066
12.992276,77.585252
12.98034,77.576922
13.011243,77.596278
13.035214,77.560208
12.971359,77.646162
12.910113,77.555025
12.979697,77.561024
12.989322,77.606034
12.978181,77.570355
13.000077,77.619553
12.973649,77.641648
12.983433,77.634303
12.960013,77.591072
12.98654,77.574506
12.987773,77.639185
12.980825,77.636751
12.989051,77.613218
12.952278,77.635421
12.980358,77.643514
13.008446,77.573956
13.000467,77.567797
12.942138,77.595267
12.993108,77.574764
12.987802,77.647092
12.959663,77.584845
12.973185,77.64754
12.937473,77.599695
12.989722,77.542102
12.960866,77.579208
12.994061,77.568008
12.93851,77.54652
12.943232,77.613178
12.966474,77.571192
12.92038,77.600482
12.982269,77.653933
12.945041,77.583541
12.976854,77.577719
12.960946,77.565303
12.948339,77.570492
12.969088,77.605408
12.964412,77.570287
12.991331,77.659692
12.964336,77.665703
12.978157,77.58035
12.921696,77.582016
12.971491,77.588478
12.979148,77.577267
12.971586,77.584203
13.013835,77.586117
12.967205,77.579073
12.946518,77.620646
13.017398,77.592963
12.97904,77.65935
12.991987,77.656196
12.993393,77.578348
12.99126,77.651066
12.969902,77.590392
12.956056,77.659163
12.963483,77.573906
12.973781,77.653641
12.956524,77.580777
12.994944,77.57041
12.968593,77.573206
12.974916,77.590115
12.976569,77.567247
13.013621,77.551246
12.975905,77.595064
12.985546,77.558932
12.966972,77.680002
13.014066,77.555934
12.929098,77.554169
12.99451,77.576271
12.965656,77.585101
12.973928,77.620391
12.997532,77.58241
12.998749,77.573514
12.947179,77.653725
12.975286,77.577561
12.910349,77.582362
12.943143,77.637776
12.987969,77.553492
12.922132,77.552094
12.99948,77.548934
12.942607,77.607691
12.923451,77.601065
12.976488,77.576626
12.964744,77.637044
12.9677,77.588517
13.004446,77.577228
13.004298,77.591841
13.008609,77.557016
12.969452,77.56887
12.952033,77.597016
12.953146,77.635073
12.965943,77.666971
12.916895,77.572918
12.993077,77.572033
12.985274,77.557493
13.028535,77.562416
12.991764,77.582135
12.955821,77.584047
12.975223,77.560882
12.965033,77.583013
13.000204,77.578345
12.915651,77.575376
12.982089,77.544935
12.955698,77.574863
12.967179,77.587739
12.995626,77.54578
12.994507,77.585249
12.981683,77.573254
13.005202,77.579681
12.93128,77.587672
12.956287,77.559184
12.97838,77.554326
13.003988,77.562607
12.932026,77.583807
12.940641,77.647832
12.91098,77.547569
12.925907,77.561263
12.974425,77.597361
12.93273,77.568328
12.998361,77.582614
13.024651,77.576455
12.988333,77.629948
12.951128,77.579634
12.916436,77.566585
12.988348,77.570023
12.971149,77.578087
13.014514,77.586028
12.995392,77.584946
12.959562,77.584869
12.965848,77.558144
12.912352,77.591137
12.988014,77.587157
12.947005,77.552843
12.993581,77.575809
12.919708,77.626669
12.979641,77.617768
12.951139,77.574508
12.926954,77.559874
13.010014,77.556113
12.977484,77.559494
12.940319,77.584716
13.002073,77.655128
12.999912,77.576299
12.935492,77.596172
12.910225,77.555026
12.968948,77.547167
12.969244,77.638231
12.976038,77.6357
12.976502,77.561888
12.975155,77.670552
12.990023,77.58711
12.966426,77.573459
13.022759,77.553382
13.004718,77.659423
12.978397,77.571271
12.98592,77.566105
12.9157,77.568684
12.997221,77.643761
12.978423,77.65083
12.939957,77.583115
12.945407,77.591465
12.99286,77.641147
12.997772,77.58116
12.977213,77.64151
13.018809,77.576392
12.992616,77.558932
13.015465,77.576858
12.93242,77.570126
12.98521,77.572687
12.987356,77.582819
13.012973,77.560207
12.941849,77.60383
12.965289,77.558465
12.973027,77.659385
12.946226,77.63634
12.998356,77.573986
12.973216,77.560813
12.972159,77.526915
13.002978,77.548511
12.972185,77.595798
12.919284,77.570979
12.982203,77.571639
12.986598,77.667765
12.928944,77.588029
12.9373,77.580313
12.975941,77.590302
12.977234,77.580935
12.99209,77.637839
12.994719,77.572188
12.930695,77.543054
12.950347,77.576864
12.977714,77.650424
13.010957,77.560092
12.96402,77.57172
12.924362,77.563674
12.967651,77.575017
12.982043,77.635338
12.985772,77.5639
12.999144,77.582737
13.002161,77.618566
12.964233,77.58098
12.965644,77.589136
12.981956,77.588259
12.963375,77.611989
12.956927,77.594089
12.994814,77.57119
12.928149,77.605446
12.972089,77.546736
12.975013,77.617273
12.993286,77.564421
12.969182,77.568947
12.985172,77.641504
12.952273,77.59194
12.962818,77.632789
12.975599,77.563776
12.995869,77.551874
12.936024,77.577238
12.958846,77.653712
12.971779,77.549295
12.930552,77.552774
13.010208,77.576048
12.984891,77.56498
12.968131,77.624491
12.97264,77.566003
13.002466,77.579312
12.971177,77.652174
12.958895,77.588969
12.955982,77.637069
12.995134,77.58845
13.009546,77.583782
12.985193,77.581702
12.984332,77.589647
12.967442,77.54759
12.965781,77.581198
12.98923,77.624614
12.991225,77.572688
12.988409,77.643704
12.933934,77.587322
12.989409,77.651771
12.932882,77.573857
12.984772,77.563687
12.981458,77.604085
12.980703,77.540344
12.976948,77.661614
12.987632,77.606713
12.995191,77.589251
12.96208,77.609282
12.990756,77.548626
12.952452,77.597781
13.00895,77.544582
12.988921,77.567067
12.975677,77.589521
12.946019,77.561957
12.995873,77.551555
12.980576,77.641962
12.925295,77.556609
13.000273,77.573612
13.016099,77.557356
12.992408,77.581008
12.9634,77.545394
12.958455,77.57168
12.964065,77.569924
12.928354,77.552686
12.9854,77.55755
12.993748,77.65105
12.977626,77.590346
13.011161,77.566482
12.968333,77.562619
12.989907,77.645038
12.977505,77.600146
12.958884,77.58493
12.976634,77.556103
12.986548,77.627975
12.933983,77.575424
12.997873,77.592548
12.942373,77.587776
12.9751,77.655247
12.956358,77.643444
12.991779,77.582136
12.986177,77.54149
12.980786,77.638909
13.004145,77.603484
13.00321,77.569168
12.978539,77.574135
12.995312,77.562912
12.993161,77.589443
12.917181,77.606018
12.960171,77.534241
12.985744,77.63594
12.98229,77.566126
12.973606,77.567571
12.980067,77.595785
12.986552,77.637717
12.994252,77.578847
12.965593,77.54517
12.978746,77.592429
12.947307,77.575102
12.93953,77.558789
12.986718,77.56915
12.957431,77.585627
12.956054,77.587965
12.972344,77.572857
12.986853,77.574813
12.989213,77.625336
12.937303,77.618589
12.991331,77.549628
12.984224,77.575093
12.976408,77.595513
12.920848,77.59566
12.959701,77.577811
12.98401,77.654439
12.986674,77.564519
12.984424,77.584912
12.966334,77.589339
12.988407,77.615032
12.967929,77.5717
12.980405,77.573128
12.968767,77.564675
12.955333,77.578651
12.97087,77.590758
12.961122,77.581702
13.00538,77.588078
12.955305,77.672351
12.992132,77.639587
13.01228,77.577386
13.008511,77.5711
12.985925,77.552415
12.993326,77.575164
12.971273,77.563257
12.985717,77.631322
12.983659,77.57818
12.928069,77.590497
12.952646,77.580397
12.930031,77.564021
13.009243,77.584388
12.935386,77.604833
12.97607,77.577657
12.959473,77.555593
12.925867,77.559483
12.918303,77.591644
12.988401,77.637994
13.000487,77.580208
12.930939,77.565088
12.911594,77.584371
12.92673,77.553708
12.920526,77.588349
12.961129,77.570176
12.970813,77.562139
12.98163,77.593181
12.984806,77.587328
12.966645,77.582731
12.978857,77.592778
12.913524,77.602852
12.974517,77.569127
13.001319,77.561415
12.97736,77.587879
12.985841,77.56221
13.002188,77.654548
12.964801,77.569179
12.942895,77.571472
13.01493,77.568995
12.975377,77.619288
12.990784,77.574956
12.960869,77.556773
12.966574,77.563106
12.976635,77.63612
12.974138,77.629843
12.986851,77.575675
12.948667,77.587408
12.922857,77.56415
12.97461,77.65888
12.910225,77.555026
12.994984,77.642863
12.915081,77.561943
13.011836,77.568026
12.958128,77.579981
12.982961,77.640148
12.980232,77.630426
12.965776,77.663528
12.986738,77.589454
12.951516,77.540145
12.991225,77.572688
12.988415,77.572734
12.980297,77.57083
13.011337,77.567696
13.015713,77.565183
12.994677,77.575475
12.968816,77.572991
13.01109,77.580779
12.933165,77.58743
12.919414,77.569616
13.004143,77.584657
12.986442,77.654617
12.96123,77.559165
12.910978,77.581422
12.980898,77.565369
13.014095,77.565164
13.02942,77.572236
12.991434,77.635061
12.942537,77.589337
12.9464,77.568049
12.938436,77.579233
13.021094,77.564424
12.99829,77.574096
12.984961,77.565511
12.968083,77.585302
12.993796,77.630671
12.973608,77.591459
12.996274,77.559566
12.974838,77.570526
12.928686,77.589272
12.912815,77.600427
12.96049,77.573379
13.022722,77.583313
12.955703,77.587613
12.970295,77.583507
12.923791,77.542956
12.913606,77.57882
13.018367,77.561256
12.995016,77.600331
12.982848,77.559628
12.995827,77.551585
12.973415,77.622861
12.982004,77.64139
12.925286,77.568208
12.971704,77.574319
12.917277,77.567373
13.026896,77.56492
12.992441,77.586394
12.983964,77.658083
13.011432,77.60402
12.979828,77.585477
12.971647,77.654545
12.980259,77.62586
12.969292,77.597578
12.950126,77.583611
12.935839,77.595121
13.014118,77.575488
12.917077,77.564246
12.957063,77.567996
12.994715,77.648965
12.987951,77.647146
12.968101,77.601068
12.973046,77.576184
12.931364,77.580738
12.984988,77.598998
12.912994,77.574245
12.927266,77.595636
12.970284,77.563524
12.972706,77.653903
12.977841,77.596678
12.967185,77.590655
12.971423,77.583645
12.96523,77.585069
12.970279,77.578524
12.924107,77.580859
12.966382,77.585895
12.917154,77.574036
12.976463,77.586127
12.977323,77.56391
12.986599,77.579339
13.002688,77.63697
12.980443,77.647035
12.981768,77.648674
12.975963,77.584071
12.984472,77.658752
13.005099,77.588481
12.971559,77.557939
12.991278,77.637415
12.932226,77.582564
12.921176,77.583194
12.965967,77.573885
12.965057,77.559446
12.967514,77.565884
12.923525,77.590023
12.966772,77.591496
12.971176,77.55209
12.945006,77.573222
12.984265,77.626804
13.023394,77.549522
12.967213,77.595007
12.958648,77.567531
12.994362,77.660696
12.991687,77.558238
12.993763,77.62683
12.955346,77.576596
12.945584,77.585521
12.994916,77.647537
12.982087,77.563109
13.008586,77.581326
12.920112,77.558905
12.979746,77.579457
12.996689,77.581214
12.945086,77.521483
12.996878,77.591763
12.969181,77.580104
12.986929,77.573343
12.917085,77.557258
12.949856,77.570229
12.920236,77.570425
12.949884,77.573961
12.998112,77.607441
12.986825,77.563997
12.96689,77.560255
13.003365,77.597008
12.995694,77.574511
12.957925,77.634089
12.949126,77.572702
12.958986,77.579354
12.95741,77.580953
12.974492,77.566975
12.986596,77.566006
12.949316,77.577993
12.949608,77.602855
12.951016,77.579934
12.966175,77.589443
12.990804,77.575468
12.993376,77.556245
12.953315,77.586703
12.980469,77.559817
12.992124,77.536891
12.966496,77.560613
12.975098,77.568243
12.971677,77.582503
12.968162,77.580061
12.965343,77.579014
12.970643,77.575642
12.961582,77.557978
12.952215,77.634089
12.9839,77.561845
12.934143,77.593095
12.966829,77.610051
12.987738,77.669941
12.974342,77.628352
12.922951,77.570664
12.93825,77.557469
12.938455,77.636315
12.959953,77.589924
12.992115,77.624208
12.973885,77.567981
12.976067,77.582858
12.996312,77.572985
12.993749,77.627462
12.973369,77.577623
12.981052,77.56102
12.967961,77.605014
12.971067,77.630337
13.003301,77.534626
12.935305,77.585923
12.98734,77.634323
12.991411,77.573895
12.996617,77.573483
12.97106,77.636562
13.008558,77.566526
12.935322,77.595128
13.003727,77.553436
12.978084,77.574457
12.933603,77.544324
12.991458,77.583385
12.924235,77.558384
13.001492,77.562749
12.98235,77.568585
12.992012,77.603827
12.991407,77.566219
13.009077,77.55896
12.929367,77.609907
12.996868,77.559507
12.953821,77.587583
12.95474,77.563491
12.957437,77.574528
12.979002,77.577229
12.980058,77.604453
13.008205,77.550393
12.964909,77.585362
12.978684,77.592681
12.960184,77.560535
12.974123,77.571228
12.947255,77.561302
13.007002,77.576864
12.956895,77.625987
12.982129,77.598257
12.912975,77.57672
12.95544,77.590692
12.98318,77.580915
12.971796,77.559177
13.020451,77.57633
13.001102,77.56338
12.960253,77.596212
12.961482,77.613798
13.017594,77.57745
12.98593,77.575443
12.924742,77.58377
12.967712,77.623575
12.970105,77.584034
12.958229,77.579911
12.978914,77.564474
13.001458,77.601949
12.969892,77.573517
12.961964,77.660432
12.928578,77.581088
13.011222,77.596311
12.969402,77.55867
12.950746,77.595831
13.001632,77.578103
12.923713,77.586107
12.992889,77.585779
12.979116,77.57165
12.993291,77.565113
12.963145,77.586896
12.964141,77.562012
12.981556,77.573241
12.975871,77.572183
13.01344,77.573754
12.955462,77.591905
12.994422,77.663142
12.978335,77.628494
12.969227,77.570106
12.980177,77.640978
12.996251,77.572537
12.980431,77.619979
13.006542,77.576776
12.953852,77.599681
12.984915,77.57892
12.925158,77.567679
12.964483,77.579663
12.98944,77.552715
12.951329,77.635426
12.971213,77.581994
12.989028,77.558614
12.918798,77.576318
13.013534,77.605141
12.969823,77.596223
12.97758,77.562774
12.987402,77.557951
12.954452,77.570073
12.975913,77.579414
12.998574,77.579027
12.932861,77.560329
12.975035,77.620226
13.01751,77.567017
12.930843,77.571021
12.977865,77.567561
12.962193,77.562578
12.985945,77.559467
12.97178,77.571866
12.919004,77.59764
13.02405,77.544814
12.954936,77.579773
12.974182,77.591075
13.000644,77.639883
12.980442,77.580471
12.974858,77.596889
12.96061,77.581063
12.980761,77.566143
13.011222,77.596311
12.96971,77.649366
12.959411,77.6189
12.955598,77.566864
13.002474,77.657133
12.974436,77.629229
12.978848,77.626456
12.972598,77.61776
12.946878,77.567887
13.001979,77.561553
12.981658,77.572451
12.967254,77.571261
12.933477,77.610733
12.998234,77.587952
12.959357,77.585439
12.964726,77.582328
12.967376,77.579442
12.953248,77.599567
12.988142,77.591386
12.996548,77.575764
12.987121,77.572208
12.920771,77.598516
12.968992,77.575324
13.003342,77.590605
12.962366,77.555973
13.030208,77.572175
12.956948,77.582339
12.998991,77.579082
12.95967,77.558693
12.998097,77.581735
12.984014,77.548879
12.941539,77.568826
12.914626,77.589385
12.953325,77.593689
12.97798,77.582383
13.002261,77.555451
12.945682,77.580266
12.958919,77.600275
12.93051,77.558082
12.958436,77.661156
12.983547,77.584637
12.974691,77.564704
12.97161,77.655941
12.973924,77.560964
12.942653,77.591361
12.912996,77.589833
12.994531,77.631471
12.928362,77.58974
13.021282,77.571565
12.949975,77.574337
12.985514,77.583682
12.994928,77.644813
12.989096,77.58269
12.958118,77.590011
12.995976,77.582634
12.962129,77.572505
12.964076,77.593551
12.984609,77.630618
12.918123,77.591123
12.955979,77.60517
12.954686,77.598083
12.960097,77.61606
12.98063,77.638552
12.951003,77.56591
12.958128,77.579981
12.938806,77.585228
12.92626,77.580752
12.921608,77.553718
13.013373,77.623553
12.957929,77.549312
12.980398,77.554545
12.981261,77.587594
13.007907,77.575723
12.969017,77.602413
12.986559,77.571483
12.976766,77.560944
13.019583,77.565596
12.972007,77.560983
12.969749,77.640866
12.931957,77.557397
12.980423,77.572489
12.99128,77.600485
12.991798,77.581641
13.010342,77.652578
12.92652,77.615151
12.983008,77.605833
12.972511,77.56039
12.936702,77.575414
12.985811,77.564155
13.022954,77.528931
13.003697,77.57474
12.98825,77.592908
12.99775,77.569409
13.001953,77.54912
12.98437,77.613584
12.953909,77.587602
13.003278,77.575304
12.974698,77.648636
12.969067,77.583895
12.959525,77.563077
12.99151,77.584254
12.989499,77.570191
12.972885,77.576806
12.99175,77.565913
12.936601,77.582668
12.97156,77.625193
12.927943,77.594838
12.96162,77.573187
13.010096,77.551179
12.980934,77.575999
12.939565,77.613091
12.926523,77.56748
12.929722,77.572435
12.98075,77.568345
12.927037,77.563561
12.964461,77.593699
12.94236,77.566772
12.956929,77.637485
12.941216,77.581221
12.961525,77.596624
12.927361,77.614363
12.934482,77.59518
12.981405,77.557581
12.951423,77.588882
12.955546,77.595328
12.989634,77.561485
12.985794,77.573104
12.976867,77.65769
12.995297,77.582081
12.973342,77.580629
12.916927,77.562151
12.982438,77.582219
12.96857,77.568657
13.029723,77.56642
12.940086,77.597857
12.975877,77.587798
12.964432,77.646624
12.957629,77.560392
12.966412,77.571496
12.969323,77.56594
12.993534,77.566542
12.985546,77.558932
12.963662,77.562324
12.969095,77.595706
12.982754,77.560048
12.968476,77.632108
12.940576,77.596585
12.999295,77.573121
12.970884,77.646881
12.980037,77.583708
12.989203,77.6501
12.968863,77.565899
12.989109,77.654685
12.971012,77.576971
12.95891,77.563596
12.976856,77.636484
12.99506,77.623908
12.993396,77.568137
12.992181,77.596617
12.991267,77.568258
12.934983,77.609111
12.962777,77.636281
12.944969,77.587876
12.980074,77.65194
12.957647,77.641984
12.980399,77.590565
12.965211,77.580336
12.950936,77.650563
12.919078,77.581665
12.990714,77.583486
12.988365,77.646651
12.93079,77.544787
12.956344,77.557769
13.037759,77.569205
12.972771,77.602124
12.921379,77.559763
12.937484,77.594726
12.928422,77.572282
12.952498,77.659792
13.034136,77.549558
12.996573,77.579988
12.965929,77.649475
12.975671,77.576427
12.96962,77.576893
12.94661,77.642815
12.978398,77.564189
12.943027,77.564725
13.010118,77.555117
12.97937,77.578454
12.992308,77.568912
13.017183,77.545619
12.991426,77.612163
12.953653,77.623367
12.966433,77.577052
12.96151,77.562879
12.995277,77.570047
12.913173,77.601198
13.019802,77.566192
13.010806,77.569932
12.965272,77.590533
12.931944,77.57771
12.973609,77.589218
12.971839,77.564313
12.940872,77.549028
12.929506,77.55879
12.92647,77.592129
12.918255,77.571068
12.960392,77.566693
12.941059,77.580534
12.991769,77.564553
12.995654,77.55152
12.981624,77.656759
12.969138,77.641629
12.972585,77.556794
12.980369,77.579319
12.964833,77.621726
12.939949,77.58101
12.990449,77.585789
12.94135,77.580193
12.974924,77.553058
12.949083,77.598758
12.938293,77.583957
12.920347,77.605154
12.993602,77.560991
12.972856,77.578896
12.945994,77.583067
12.967649,77.564756
12.92678,77.528347
12.968591,77.64966
12.95931,77.64047
12.934317,77.598596
12.971423,77.571181
12.93961,77.566042
12.956299,77.556378
12.9937,77.566708
12.91941,77.594481
12.968476,77.632108
12.980263,77.56028
13.007796,77.571579
13.014116,77.571714
12.989319,77.627083
12.975011,77.545271
12.998609,77.567062
12.954879,77.654892
12.973936,77.588691
12.990375,77.583288
12.967035,77.632185
12.932834,77.628188
12.980081,77.579844
12.956099,77.557232
12.985711,77.630576
12.973641,77.641331
13.007088,77.572991
12.973541,77.588607
12.994572,77.569484
12.958546,77.562869
12.994945,77.586209
12.957386,77.587245
12.991541,77.644625
12.98659,77.564846
12.972283,77.638804
12.935039,77.571692
12.986606,77.588747
12.950924,77.565368
12.962006,77.576596
13.007376,77.574441
12.975543,77.553223
12.984078,77.568788
12.986571,77.586652
12.941589,77.604717
12.989692,77.57191
12.918271,77.593148
12.950654,77.569198
12.98582,77.547077
12.983673,77.625743
13.000383,77.568906
12.962316,77.589898
12.988705,77.576346
12.911585,77.570828
12.980391,77.60556
12.973677,77.56764
12.974291,77.558997
12.981371,77.556788
12.960262,77.548683
12.976688,77.587961
12.96773,77.57641
12.985183,77.562618
12.957307,77.591248
12.977546,77.593418
12.9625,77.585638
12.971657,77.582874
12.946619,77.585652
12.955692,77.623615
12.965479,77.623654
12.978073,77.561176
13.025113,77.55078
12.930826,77.578855
12.955208,77.592755
13.013641,77.645803
12.94313,77.64753
12.980109,77.568413
12.986916,77.632291
12.980558,77.625549
13.029644,77.564197
12.962759,77.638472
12.914653,77.527763
12.920253,77.603145
12.95386,77.582546
12.962294,77.563872
12.949269,77.541021
12.986266,77.645632
12.923208,77.572305
12.937196,77.581155
12.992286,77.575779
13.014154,77.56888
12.970907,77.592537
12.976785,77.577821
12.978646,77.583221
12.97155,77.555586
12.924047,77.540584
12.989997,77.655362
12.980891,77.550762
12.929952,77.585394
12.961081,77.555019
12.984715,77.58597
12.927207,77.623065
12.956593,77.607344
12.92057,77.583999
12.986115,77.581368
13.003988,77.592868
12.988597,77.651243
12.960203,77.634636
12.96961,77.564849
12.993935,77.565131
12.933053,77.612595
13.000748,77.577879
12.922034,77.569966
12.984086,77.646305
12.996032,77.57764
12.949859,77.605233
12.944848,77.594937
13.005042,77.581062
12.99261,77.583343
12.991782,77.591809
12.970241,77.640396
12.971559,77.580066
12.96023,77.569683
13.023202,77.576129
12.979188,77.56277
13.000718,77.578096
12.981933,77.562308
12.976999,77.631776
13.001066,77.577087
12.958541,77.639502
12.917412,77.590314
12.921257,77.607941
12.95466,77.597808
12.96374,77.587368
12.962948,77.55332
12.971333,77.659181
12.973019,77.660604
12.973909,77.582024
12.954252,77.646026
12.91892,77.551549
13.021576,77.556529
12.986091,77.604813
12.954451,77.62583
12.964882,77.586058
13.022423,77.590952
12.952697,77.57409
12.968424,77.559523
12.980936,77.633746
12.945636,77.60557
12.920766,77.582056
12.989568,77.570207
12.922574,77.566786
12.957367,77.572541
12.98068,77.594944
12.967266,77.571713
12.996828,77.574806
12.955498,77.56015
13.028933,77.565759
12.968619,77.637103
12.993778,77.630054
12.980147,77.564654
12.978996,77.555842
12.981516,77.570274
12.932166,77.590545
12.94924,77.596815
12.970232,77.647087
12.98468,77.656159
12.979264,77.556714
13.014035,77.583776
13.003772,77.590414
12.950209,77.597532
13.005707,77.557134
13.009806,77.548586
12.953219,77.597253
12.987725,77.55786
13.03283,77.58513
12.994172,77.580952
12.958132,77.660429
12.999871,77.563767
12.964483,77.579663
12.969457,77.584577
12.923829,77.565457
12.977025,77.645716
12.927212,77.582479
12.965715,77.581117
12.965352,77.571269
12.978123,77.55608
12.927607,77.584316
12.975721,77.58837
12.970595,77.635626
12.933603,77.592414
13.00862,77.648946
12.970109,77.578821
12.985255,77.582165
12.991162,77.569003
12.932656,77.56595
12.956593,77.607344
12.966882,77.656242
12.989438,77.594378
13.02472,77.559232
12.959261,77.64224
13.005311,77.57001
12.958832,77.646197
12.968913,77.587583
12.986558,77.56361
13.011298,77.564338
12.968881,77.636892
12.982219,77.580014
13.026192,77.576684
12.959498,77.557632
12.973886,77.581484
12.993018,77.563338
12.952803,77.583712
12.921178,77.567648
12.935668,77.597663
12.961104,77.588185
13.00018,77.63025
12.956355,77.579062
12.968233,77.57564
12.948305,77.565891
12.98724,77.593405
12.937318,77.57168
12.987069,77.583801
12.983451,77.576512
12.983115,77.638015
12.959449,77.550317
13.009848,77.587636
12.938343,77.609439
12.964121,77.57448
12.969832,77.558905
12.970824,77.651605
12.984026,77.650009
12.984998,77.562412
13.017168,77.563855
12.968771,77.562059
12.992609,77.557169
12.946023,77.606681
13.010467,77.55988
12.989642,77.573485
12.964967,77.585794
12.975221,77.572975
12.930143,77.56205
12.956661,77.643042
12.991656,77.662286
12.940408,77.557579
12.968493,77.57418
12.934114,77.596879
12.988749,77.580731
12.986023,77.571862
12.985056,77.58955
12.970393,77.660352
12.933518,77.588723
12.992779,77.576151
12.985328,77.551357
12.98151,77.638137
12.955669,77.644569
13.006422,77.581621
12.93175,77.576667
12.978861,77.561558
12.96513,77.564999
12.962605,77.601218
12.957684,77.652743
12.978028,77.618195
12.93728,77.61005
12.983403,77.641645
12.93285,77.557474
13.004215,77.565145
12.966021,77.628599
12.952671,77.573659
12.962328,77.580377
12.91518,77.582325
12.972607,77.588464
12.978522,77.632792
12.983064,77.629018
12.955331,77.560208
12.956801,77.575217
12.957408,77.578217
12.942447,77.570607
12.989193,77.564447
12.978324,77.642661
12.983592,77.561963
12.98004,77.583794
12.989628,77.56498
12.927405,77.578602
12.982757,77.641157
12.999317,77.64337
12.976729,77.649897
12.989267,77.559178
13.00118,77.550227
12.981161,77.615486
13.012612,77.569468
12.980748,77.580604
12.95801,77.657458
12.970153,77.566289
12.926841,77.59239
12.990933,77.583414
12.980612,77.636463
12.997135,77.569768
12.969089,77.637443
12.96045,77.569053
12.972501,77.563673
12.950133,77.566499
12.989166,77.63491
12.958989,77.591024
12.967657,77.570637
12.979802,77.653454
12.949881,77.631623
12.968084,77.588674
12.968769,77.565603
12.917327,77.532676
13.010846,77.651208
12.949572,77.586976
13.018665,77.557541
12.972183,77.562084
12.98325,77.578128
12.996929,77.553351
12.979611,77.548326
12.986178,77.646933
12.975234,77.598481
12.975462,77.591763
12.972248,77.580903
12.983914,77.546174
12.944942,77.659098
12.979896,77.574721
12.929105,77.594626
12.960208,77.595097
12.945636,77.60557
12.994132,77.598741
12.940484,77.604596
12.937235,77.539693
12.93725,77.565636
12.97184,77.581691
12.983893,77.560174
13.011305,77.643202
12.944826,77.591005
12.931146,77.568939
12.980568,77.635096
12.988423,77.631399
12.921724,77.56555
12.925214,77.59242
12.913818,77.540819
12.955812,77.638951
12.950802,77.588452
13.006846,77.594445
12.968607,77.577797
12.934744,77.613096
12.942076,77.644411
12.958298,77.570105
12.961764,77.567503
12.981519,77.577645
12.968478,77.634021
12.970272,77.605793
13.010289,77.570387
13.014035,77.555931
12.954581,77.681189
12.989929,77.636603
12.956654,77.593121
12.936432,77.580165
13.030887,77.588507
12.977299,77.555879
12.92467,77.552436
12.999626,77.573342
12.982485,77.552988
12.993633,77.604953
12.9941,77.545069
13.00346,77.56676
12.985093,77.594523
12.920746,77.583262
12.975853,77.576806
12.964009,77.575184
12.985705,77.591019
12.920752,77.567185
12.920579,77.589717
12.991521,77.577819
12.991111,77.584403
12.912541,77.5656
12.980266,77.65729
12.984027,77.590173
12.987244,77.569948
12.978042,77.585418
12.969244,77.638231
12.976616,77.637157
12.992559,77.568145
12.962934,77.596629
12.96236,77.594129
12.981998,77.64656
12.957372,77.650818
12.957998,77.580624
13.010309,77.569928
12.988444,77.619958
13.016262,77.584781
12.965691,77.581991
12.989003,77.612665
12.96503,77.563931
12.917316,77.583095
12.99904,77.597562
12.925828,77.546877
12.997251,77.593802
13.001079,77.541518
12.990698,77.619507
12.988882,77.584145
12.998153,77.578509
13.004865,77.641008
12.979501,77.643213
12.993554,77.644829
13.001836,77.560965
12.929462,77.588667
12.940184,77.584886
13.00028,77.568303
12.919172,77.5475
13.001658,77.574121
12.962406,77.574029
12.98303,77.572377
13.01671,77.575037
12.972847,77.577995
12.974068,77.60001
13.009276,77.564644
12.992496,77.571064
12.995532,77.586251
12.991868,77.626642
12.988428,77.636816
12.977151,77.629692
12.974767,77.588877
12.980081,77.579844
12.994307,77.592781
12.962185,77.564733
12.966201,77.581554
12.96827,77.598626
12.97597,77.661822
12.915208,77.579165
12.921617,77.594033
12.990082,77.587292
12.974646,77.59347
12.984193,77.566297
13.015932,77.584561
12.967405,77.565954
12.981852,77.583688
12.972236,77.555261
12.9613,77.548624
12.982804,77.584028
12.99238,77.559635
12.973702,77.601275
12.985434,77.564163
12.963028,77.572533
12.987272,77.580982
12.989434,77.572032
12.976338,77.547395
13.007932,77.590927
12.987831,77.587153
13.001125,77.573909
12.958606,77.576101
12.970374,77.549415
12.992569,77.637794
12.9717,77.576563
13.014463,77.582276
12.99395,77.608332
13.010764,77.659828
12.998574,77.579027
12.994027,77.556074
12.994973,77.568924
12.966553,77.575678
12.975434,77.643738
12.96979,77.57044
12.999622,77.597873
12.957296,77.580851
12.961944,77.674902
12.954586,77.587764
12.936924,77.601971
12.967881,77.539649
12.984653,77.600604
12.916283,77.560999
13.020562,77.574882
13.01695,77.596847
13.018735,77.580362
12.949611,77.566854
12.964833,77.568085
12.962962,77.580535
13.00752,77.605789
12.933009,77.579614
12.985891,77.631189
12.912658,77.556512
12.997726,77.573733
13.020793,77.556453
13.001271,77.568116
12.964631,77.590544
12.984398,77.575273
12.942179,77.576288
12.972786,77.611094
12.986291,77.573022
12.974051,77.548256
12.979829,77.585362
12.932367,77.610296
12.946449,77.596587
12.923869,77.56765
12.960576,77.639829
12.953564,77.590838
12.987836,77.58416
12.958359,77.587316
12.982675,77.629747
12.958232,77.554546
12.973803,77.59151
12.961746,77.568197
13.006269,77.581914
12.959114,77.592343
12.93974,77.577722
12.926638,77.573296
12.993432,77.567833
12.959747,77.585351
12.980802,77.596531
12.950922,77.566644
12.976315,77.526095
13.024812,77.548067
12.963502,77.637708
12.951156,77.573916
12.982198,77.647788
12.986484,77.556999
12.967644,77.588235
12.990403,77.588147
12.959498,77.557632
12.950979,77.647294
12.977983,77.65001
12.980435,77.625706
12.954256,77.627471
12.955586,77.638872
12.993171,77.590248
12.984057,77.632589
12.954114,77.593053
12.953183,77.593559
12.967198,77.636839
13.008833,77.606011
12.946351,77.550138
12.972058,77.559571
12.990057,77.568908
12.991946,77.602105
13.001749,77.581012
12.984027,77.590173
12.974479,77.555699
12.985746,77.550183
13.000014,77.637519
12.941679,77.565747
12.933403,77.577078
12.969127,77.555387
12.93352,77.603827
12.98251,77.589393
12.981193,77.563994
12.949639,77.585198
12.991649,77.562078
12.989018,77.644236
12.991014,77.558539
12.961402,77.672891
12.979139,77.615106
12.997855,77.589218
12.942712,77.58688
12.950859,77.579533
12.974952,77.572259
12.965156,77.624993
12.993944,77.542395
12.978957,77.59108
12.932893,77.561516
12.962801,77.63055
12.972648,77.656185
12.978823,77.636882
12.973443,77.564314
13.024937,77.571978
12.914363,77.581197
12.968334,77.63088
12.994297,77.623916
12.994591,77.647061
12.980436,77.566143
12.987217,77.564095
12.9817,77.578443
12.984255,77.540411
12.929411,77.585302
12.917985,77.585439
12.969886,77.56254
12.952895,77.641848
12.985253,77.597153
12.970702,77.643723
12.954263,77.586047
12.990393,77.542349
12.965236,77.584482
13.014502,77.570412
12.941605,77.571988
12.977265,77.559274
12.989308,77.566669
12.974105,77.657329
12.962588,77.604363
12.974376,77.564124
12.995338,77.559294
12.996598,77.553189
12.955097,77.570393
12.97754,77.566868
12.99979,77.593163
13.01139,77.669707
12.983538,77.649378
12.941053,77.5783
12.97188,77.568073
12.910476,77.566415
12.960476,77.573634
12.993431,77.58073
12.969985,77.561394
12.925468,77.582301
12.911157,77.552184
13.038278,77.56127
12.919317,77.602879
12.97587,77.654345
12.98819,77.654907
12.994595,77.582472
12.993693,77.636734
12.99236,77.62938
13.003524,77.568429
12.964024,77.634364
12.966635,77.577654
12.986449,77.558883
12.995024,77.586475
12.953693,77.566835
12.963367,77.56065
13.00604,77.589848
12.981051,77.598022
13.033753,77.545638
12.929722,77.572435
12.970695,77.622563
12.970011,77.568153
12.972962,77.603734
12.930454,77.592734
12.993816,77.552849
12.957638,77.569062
12.951191,77.592702
12.927478,77.567075
13.009437,77.644978
13.010668,77.560623
12.968368,77.646856
12.955044,77.570647
12.978211,77.575067
12.9639,77.593739
12.969411,77.573241
12.98168,77.64724
13.011295,77.552454
12.971825,77.585617
12.984984,77.593351
13.027946,77.548567
12.91932,77.622604
12.922914,77.559797
12.972163,77.594813
12.985348,77.58524
12.943068,77.576437
12.972917,77.572861
13.00364,77.556773
12.986958,77.580676
12.94619,77.569091
12.974072,77.58586
12.988422,77.584553
12.965323,77.57673
12.942506,77.588869
12.963341,77.598062
12.970481,77.64783
12.99253,77.593079
12.939603,77.550188
12.986983,77.566099
12.928942,77.560648
12.969538,77.569857
12.995844,77.656168
12.984637,77.653357
13.013859,77.545563
12.968289,77.549668
12.930792,77.585706
13.010752,77.562438
12.998946,77.533081
12.988779,77.569764
12.994373,77.562702
12.965148,77.607663
13.005298,77.559631
12.9664,77.561302
13.022416,77.5642
12.981022,77.554988
12.979796,77.658602
12.969191,77.628538
12.97291,77.588447
12.979354,77.570305
13.004937,77.553509
12.973156,77.585728
13.00531,77.561781
12.967812,77.572797
12.978555,77.625356
12.999615,77.545908
12.919914,77.559755
13.012433,77.567875
12.980678,77.633377
12.990447,77.644405
12.966454,77.551253
12.954794,77.682962
13.03163,77.549678
12.975414,77.54162
12.990941,77.569573
12.950542,77.614148
12.955547,77.589093
12.978883,77.651281
13.02405,77.564646
12.978538,77.61147
12.935668,77.597663
12.981745,77.565164
12.992994,77.577851
13.005434,77.59331
12.937307,77.600435
12.982578,77.562
12.991928,77.627148
12.975342,77.583594
12.981709,77.642284
12.953852,77.599681
12.937318,77.57168
12.934787,77.573376
12.915406,77.588695
12.914491,77.595052
12.926841,77.59239
12.972326,77.578205
12.951819,77.586403
13.011212,77.592646
12.972347,77.574769
12.930074,77.628904
12.980406,77.636402
12.965069,77.580419
12.976192,77.575637
13.004888,77.576878
12.970243,77.566602
12.932018,77.545017
12.977456,77.577451
12.970035,77.578665
12.978857,77.592778
12.988474,77.601984
12.973703,77.646975
12.972058,77.559571
12.974313,77.544747
12.991922,77.647166
12.926685,77.570815
12.988398,77.586645
12.95244,77.583794
12.970892,77.632893
12.980835,77.569828
12.974628,77.621771
12.988619,77.577623
13.011857,77.576211
12.957978,77.584499
13.000085,77.569498
12.947344,77.568279
12.963167,77.568175
12.985138,77.552711
12.97508,77.640066
12.955885,77.636142
12.935799,77.584479
12.965987,77.650875
12.940657,77.568296
12.991173,77.603296
12.991023,77.607938
12.974274,77.623483
12.927659,77.557515
12.976251,77.550482
12.97194,77.638927
12.956427,77.590308
12.98953,77.595563
13.00086,77.541018
12.9777,77.575888
12.971647,77.565139
12.9742,77.582543
12.955454,77.551689
12.994685,77.558031
12.978365,77.553252
12.972666,77.557958
12.969143,77.551636
12.969734,77.584758
12.91824,77.55059
13.010869,77.594769
13.008107,77.574983
13.014566,77.570205
12.999036,77.559858
12.973552,77.63323
12.970386,77.653882
13.011244,77.571563
12.991464,77.562254
12.969699,77.645549
12.967413,77.551394
12.988529,77.602241
12.986518,77.573484
12.921699,77.578682
12.994311,77.587205
12.95197,77.63424
12.979956,77.568859
12.983049,77.657714
12.985717,77.566984
12.952264,77.570364
12.958804,77.57976
12.966957,77.566473
12.984202,77.558527
12.91185,77.607794
12.981801,77.569735
12.98624,77.641572
12.985733,77.566052
12.980012,77.604004
12.936493,77.601617
12.974869,77.581918
12.978714,77.652025
12.962469,77.579638
12.923787,77.567554
12.962917,77.571236
12.935568,77.600657
12.98678,77.560032
12.980386,77.550723
12.977523,77.554364
12.932887,77.575331
12.955593,77.600402
12.978046,77.551576
12.985409,77.581511
12.965942,77.59191
12.967145,77.571434
12.917745,77.569779
12.963007,77.56578
12.934557,77.59309
12.912195,77.571852
12.914532,77.594373
12.996839,77.660478
12.965579,77.648237
12.971485,77.556759
12.998301,77.584121
12.965914,77.576786
12.965738,77.565092
12.994942,77.575054
12.967872,77.555836
12.975097,77.567883
12.97584,77.58136
12.9431,77.60576
12.94666,77.653995
12.986669,77.634718
12.976678,77.586912
12.978489,77.631969
12.98468,77.565007
12.945253,77.554227
12.977546,77.593418
12.989931,77.566257
12.961205,77.557772
12.956816,77.584168
12.973753,77.572024
12.927836,77.588284
12.988186,77.537514
12.960146,77.643512
12.987876,77.551288
13.010517,77.581243
12.916411,77.598356
12.96254,77.651938
12.994766,77.642466
13.003519,77.56879
13.016314,77.588309
12.978917,77.581444
13.012629,77.596535
12.997479,77.576192
12.990998,77.633933
12.965501,77.555138
12.929032,77.584576
12.942373,77.587776
12.930626,77.603564
13.019925,77.63154
12.965029,77.55571
12.961746,77.590467
12.984624,77.623149
12.964359,77.577632
12.955698,77.574863
12.966702,77.652098
12.965059,77.56842
12.934043,77.595709
12.916411,77.598356
12.934089,77.599418
12.97341,77.57573
12.981309,77.639276
12.984444,77.653415
12.979508,77.615844
12.93051,77.550255
13.004099,77.646938
12.948613,77.570036
12.983898,77.587219
12.993942,77.576165
12.992139,77.575066
13.009372,77.653179
12.985106,77.655304
12.918125,77.580618
12.980353,77.56481
12.983614,77.629439
12.98036,77.616006
12.952433,77.569851
12.983481,77.560785
12.97515,77.570139
12.961576,77.621596
12.98684,77.649783
12.989862,77.620227
12.996448,77.575629
12.9697,77.582871
13.002343,77.577609
12.990176,77.55962
12.917138,77.58096
12.967897,77.584646
13.038155,77.588976
12.970398,77.563777
12.96622,77.63702
12.97625,77.566817
12.941668,77.564358
12.918848,77.546985
12.97611,77.642935
12.928409,77.587445
12.926299,77.571241
12.9235,77.552011
12.998757,77.601832
12.97707,77.577471
12.993696,77.593007
12.954483,77.581888
13.002284,77.568742
12.943064,77.627364
12.981049,77.622283
12.982642,77.570238
12.967485,77.586443
12.976245,77.652174
12.982655,77.591473
12.995404,77.562761
12.959482,77.5675
12.965844,77.582097
12.92817,77.581482
12.966398,77.593941
12.978404,77.579404
12.977925,77.63544
12.991961,77.591374
13.009721,77.57392
12.99691,77.566688
12.986187,77.572954
13.002428,77.591664
13.007739,77.580852
12.991323,77.635546
12.960019,77.627135
13.030323,77.564319
12.979681,77.582894
12.980919,77.561518
12.974358,77.64902
12.964587,77.562465
12.989732,77.627677
13.018933,77.555036
12.951536,77.586288
12.966366,77.57613
12.937544,77.586724
12.912748,77.555263
12.956218,77.570562
12.980846,77.556728
12.993284,77.670114
12.97955,77.580425
12.99595,77.562337
12.97873,77.601222
12.945429,77.614887
12.981138,77.579771
12.991892,77.561357
12.964298,77.554882
12.939289,77.583249
12.99471,77.572013
12.997043,77.579283
12.985487,77.531186
12.956997,77.565066
12.949938,77.568521
13.000383,77.571931
12.965633,77.637124
12.990744,77.561262
12.992005,77.665777
12.967614,77.565615
12.989819,77.639481
12.91924,77.575332
12.980378,77.551617
12.992742,77.659142
12.983016,77.580524
13.005437,77.565274
12.978045,77.597816
12.953909,77.587602
12.99665,77.592368
13.012058,77.554321
12.981341,77.625547
12.916744,77.620138
12.942763,77.631554
12.965028,77.592534
12.966229,77.615438
12.995949,77.575825
13.007283,77.569506
13.014924,77.57191
12.996398,77.562302
12.976311,77.644793
12.987409,77.544318
12.980195,77.571463
12.977576,77.553544
12.967828,77.543097
12.970189,77.616422
12.989208,77.578909
12.913525,77.534497
12.944185,77.5569
12.97082,77.621289
12.967394,77.626964
12.914264,77.560777
12.989387,77.575813
12.988271,77.553747
13.024603,77.56636
12.958399,77.566908
12.976658,77.637272
12.999705,77.587684
12.936736,77.602306
12.97049,77.643792
13.015319,77.639581
12.959388,77.598524
12.952966,77.549973
12.981101,77.554533
13.013697,77.591439
12.965562,77.563634
12.981745,77.577411
12.954192,77.551813
12.985861,77.574407
12.989354,77.603979
12.931923,77.612543
12.919022,77.583398
13.023457,77.559362
12.956524,77.596771
12.974534,77.574843
12.969422,77.567789
12.933745,77.580216
13.011593,77.661821
12.954902,77.554156
12.972715,77.637962
12.991549,77.621919
13.001179,77.600676
12.975952,77.638076
12.946284,77.577723
13.00227,77.600523
12.96123,77.640663
12.977375,77.58282
12.980065,77.564981
12.970827,77.610298
12.985938,77.644767
12.928521,77.568135
12.999923,77.662945
12.964603,77.576974
12.977282,77.647497
12.96852,77.566104
12.985499,77.56636
12.959074,77.634975
12.983462,77.599553
12.974252,77.604522
13.004016,77.572248
13.027317,77.567614
12.950157,77.561143
12.942907,77.588416
12.991569,77.563691
12.977489,77.568732
12.950124,77.587225
12.968439,77.575309
12.986785,77.584421
12.930363,77.602523
12.961286,77.678608
12.991046,77.564578
12.928689,77.566049
12.978918,77.552312
12.945638,77.623108
12.987093,77.59153
12.975799,77.632092
12.986012,77.580991
13.016872,77.579997
12.972473,77.595208
12.942703,77.588824
12.935682,77.569333
12.968406,77.567072
13.003838,77.550409
13.019424,77.567014
12.956356,77.552563
12.991641,77.561689
12.97439,77.585465
12.971473,77.584705
12.962971,77.575362
12.985137,77.655216
12.949694,77.585091
12.961075,77.644005
12.985289,77.586645
12.990109,77.559424
13.021027,77.581005
12.934423,77.596575
12.968844,77.593129
12.914521,77.566629
12.955731,77.572588
12.978585,77.584989
12.985616,77.566968
12.993297,77.568041
12.933432,77.580076
12.986848,77.619792
13.006241,77.557253
12.994019,77.563858
12.975567,77.597484
13.006998,77.576581
12.973397,77.645613
12.968949,77.643277
12.978384,77.582124
12.985856,77.589662
13.018719,77.571587
12.965423,77.639646
12.932686,77.582792
12.996413,77.573284
12.990998,77.633933
12.983255,77.604104
12.980049,77.562884
12.961433,77.670816
12.971673,77.570965
12.986211,77.558803
12.927096,77.609686
12.979482,77.564932
12.972744,77.583763
13.00107,77.584047
12.990469,77.594888
12.969134,77.582028
12.974778,77.569614
12.984259,77.57304
12.991607,77.645606
12.980765,77.560554
12.939182,77.555503
12.925981,77.596973
12.975081,77.574147
12.9904,77.596214
12.989457,77.548503
12.942475,77.560203
12.930907,77.624812
12.96388,77.55134
12.939475,77.629253
12.96366,77.656253
12.983879,77.579833
12.983416,77.666161
12.963315,77.56824
12.980014,77.64335
12.962699,77.558026
13.000823,77.568224
12.979012,77.600956
12.999877,77.651156
13.007188,77.554766
12.939051,77.586639
12.994165,77.632205
12.961506,77.585396
12.979234,77.574188
13.013078,77.581342
12.971174,77.6286
12.960381,77.626354
13.003652,77.562056
12.983185,77.554481
12.923713,77.586107
12.995544,77.64912
12.949889,77.573482
12.972263,77.597819
13.022653,77.555488
12.989792,77.650407
12.91478,77.573745
12.9664,77.615375
12.989294,77.597819
12.970714,77.568681
13.009203,77.650199
12.980994,77.587707
12.983699,77.563517
12.98193,77.633852
12.97553,77.629675
12.962347,77.65981
12.967589,77.567625
12.987688,77.638762
12.996926,77.559326
12.997887,77.564141
13.01015,77.555751
12.96681,77.578023
12.991035,77.53176
12.950373,77.670812
12.958446,77.634308
12.974948,77.574261
12.983408,77.623144
12.96687,77.57296
12.963715,77.559279
12.951353,77.559622
12.975374,77.579955
12.953517,77.560397
13.001029,77.66191
12.979802,77.595045
13.000639,77.642408
12.925207,77.585601
12.935037,77.538708
12.941402,77.572235
12.98246,77.584134
13.00894,77.585664
12.974232,77.624904
12.993286,77.636076
12.976153,77.669467
12.9751,77.655247
12.977465,77.641791
12.970293,77.636437
12.989962,77.641358
13.000099,77.563615
13.005448,77.548372
12.989988,77.578816
12.986111,77.572267
12.964774,77.637562
12.967245,77.565463
12.991928,77.627148
12.964308,77.642284
12.925165,77.579422
12.976688,77.565277
12.983163,77.58443
12.943714,77.564632
13.006189,77.542118
12.973104,77.557351
12.95013,77.591866
12.965358,77.547792
12.924731,77.566234
12.915661,77.591932
13.002714,77.581015
12.997532,77.58241
12.962026,77.568511
13.0066,77.558116
12.982269,77.565852
13.010627,77.605039
12.943997,77.654085
12.944367,77.561178
12.981037,77.587828
12.979223,77.636782
12.923936,77.586441
12.922526,77.596454
12.980836,77.583571
12.971227,77.581043
12.961168,77.597643
12.943475,77.646821
12.959631,77.58497
12.980224,77.597587
12.983982,77.653739
12.953415,77.573265
12.951712,77.587354
12.968108,77.597128
12.974421,77.633683
12.96667,77.61247
12.922764,77.622273
12.983307,77.547904
12.922864,77.548851
12.980124,77.566384
12.991186,77.631118
13.002129,77.569972
12.969424,77.628303
12.993259,77.59553
12.911531,77.563935
12.966175,77.568299
12.916992,77.571103
12.989232,77.580485
12.926608,77.552209
13.010259,77.576849
12.937769,77.604838
12.975815,77.634365
12.963258,77.577714
13.002282,77.555844
12.982183,77.625075
12.92822,77.591938
12.978337,77.653337
13.020886,77.584016
12.971185,77.563168
13.00811,77.524389
12.970829,77.662531
12.967346,77.620771
12.979214,77.577743
12.974525,77.581695
12.988097,77.568008
12.930173,77.567757
13.007659,77.559049
13.010432,77.566772
13.002391,77.583355
12.995651,77.542523
12.938076,77.556345
12.96609,77.605379
12.972959,77.655359
12.976491,77.583246
12.913709,77.579668
12.984182,77.585381
12.985808,77.578979
12.973533,77.640323
13.0095,77.568416
12.996665,77.542556
13.014599,77.582437
12.988641,77.567207
12.973339,77.554899
12.982076,77.56169
12.996471,77.567117
13.001031,77.585257
12.939475,77.629253
12.940387,77.565662
12.941153,77.571013
13.027024,77.54401
13.010087,77.573013
12.9893,77.565954
12.95884,77.635278
12.971644,77.630034
12.977612,77.561298
12.975013,77.572835
12.980308,77.613675
12.969376,77.582593
13.014486,77.65048
12.976676,77.590447
12.914363,77.581197
12.973781,77.653641
12.968162,77.580061
12.971492,77.569432
13.029425,77.57175
13.0043,77.57859
12.975907,77.55823
12.95067,77.638231
12.989503,77.66832
12.952391,77.59858
12.922877,77.547505
12.958958,77.550452
12.976075,77.5689
12.968836,77.647127
12.960366,77.603057
13.019985,77.576614
12.984034,77.632919
13.001323,77.563653
12.973921,77.564134
12.971566,77.650136
12.912994,77.574245
12.974153,77.636444
12.923002,77.572506
12.97354,77.583584
12.929076,77.55819
12.982038,77.648497
12.987735,77.578953
12.974607,77.581396
12.917582,77.587028
13.01019,77.57519
12.983592,77.577421
12.97972,77.649137
12.990702,77.646511
12.970575,77.574552
12.965319,77.600952
13.035042,77.542923
12.972698,77.545129
12.924689,77.554039
13.014831,77.588583
12.964403,77.596436
12.985336,77.634297
12.941694,77.609429
12.971311,77.669857
12.931967,77.545667
12.967923,77.595624
12.979631,77.613775
12.98224,77.595423
12.970243,77.573951
12.970746,77.594601
13.00204,77.652345
12.980451,77.564959
12.982286,77.580402
12.943922,77.580087
12.983887,77.625787
12.932687,77.620339
12.980767,77.657699
12.967408,77.659327
13.020971,77.553541
12.969796,77.576097
12.949632,77.549794
12.976209,77.616286
13.009173,77.558047
12.923633,77.587278
12.971316,77.569301
12.992055,77.551009
12.965567,77.541625
12.978388,77.637857
12.927629,77.565739
12.937919,77.576871
12.978311,77.584609
12.991188,77.574539
12.920722,77.589093
12.994926,77.63885
12.957072,77.564867
12.921283,77.591607
12.981617,77.577111
12.957592,77.600832
12.992225,77.567281
12.985776,77.580004
12.985236,77.55249
12.989576,77.560698
13.003404,77.592227
13.001488,77.582332
12.971635,77.566532
12.972044,77.568673
12.993647,77.586673
12.918049,77.604751
12.981467,77.639211
13.004838,77.600928
12.975915,77.585399
12.965171,77.601344
12.991461,77.579724
12.96293,77.586994
12.993247,77.608096
12.931791,77.560267
13.010942,77.5489
12.953484,77.582132
12.987968,77.577701
12.949157,77.554386
12.985595,77.594889
12.950905,77.574956
12.983276,77.640708
12.99346,77.649787
12.957431,77.585627
12.988229,77.558051
12.97916,77.565591
12.99114,77.578536
12.947063,77.593277
13.018277,77.598896
13.006527,77.55314
13.014708,77.579706
12.966826,77.537623
12.939797,77.580106
12.998294,77.56865
12.980198,77.623064
12.957222,77.581865
12.97239,77.633221
12.994591,77.647061
12.993616,77.583268
12.973757,77.564736
12.976995,77.581323
12.967793,77.595093
12.982032,77.579991
12.983979,77.577633
12.931277,77.595368
12.964385,77.632903
12.946343,77.581816
12.957522,77.556619
12.976818,77.597368
12.956235,77.651448
12.994071,77.587229
12.95287,77.579632
12.992971,77.557424
12.976116,77.549278
12.965512,77.579932
12.942805,77.611691
12.958512,77.585941
12.968004,77.568098
12.990112,77.62559
13.003447,77.584891
12.966563,77.639343
12.923106,77.572129
12.968881,77.55306
12.984278,77.552868
12.975953,77.572052
12.964579,77.643814
13.00189,77.564092
12.970265,77.574802
12.988667,77.622861
12.957744,77.575218
12.946657,77.563494
12.947884,77.580844
12.971052,77.58321
12.972058,77.559571
13.000467,77.567797
12.931098,77.552797
12.972629,77.584044
12.993856,77.570676
12.985226,77.585038
12.963579,77.646063
12.928726,77.570269
12.96496,77.602921
12.916291,77.614997
12.952271,77.619002
12.98912,77.587174
13.009047,77.559639
12.999736,77.669896
12.985441,77.578329
12.970921,77.648592
12.997251,77.652947
12.927863,77.602674
12.927289,77.595787
12.975146,77.567458
12.974353,77.630336
13.011047,77.583957
12.986724,77.580295
12.993941,77.573791
12.980213,77.653733
12.981519,77.577645
12.994503,77.587052
12.982419,77.580773
12.976126,77.639934
12.990057,77.571878
12.992483,77.55106
12.945128,77.530138
12.935036,77.571917
12.970933,77.621619
13.001414,77.574929
12.967268,77.626231
12.977799,77.567406
12.964202,77.635403
12.97621,77.548062
12.995416,77.579651
12.986463,77.550196
12.97498,77.596071
12.939469,77.56969
12.972889,77.581108
12.9725,77.55668
12.975079,77.559728
12.926522,77.593639
13.010996,77.577624
12.999427,77.581136
12.97445,77.538709
12.928028,77.605554
12.942966,77.573511
12.979143,77.63812
12.961512,77.566065
12.998908,77.576508
12.98865,77.571081
12.984928,77.652055
12.973799,77.563611
12.977846,77.646834
12.953604,77.563722
12.957239,77.557391
12.969701,77.576314
13.000971,77.618349
12.970819,77.597438
12.996599,77.568274
12.963234,77.588481
12.976538,77.554208
12.993703,77.642047
12.918959,77.590506
12.910735,77.556912
12.971734,77.555369
12.976334,77.64531
13.014225,77.573626
12.92667,77.578905
13.003309,77.635691
12.975381,77.564407
12.992709,77.552417
12.987477,77.63669
12.963034,77.648241
13.02703,77.569459
13.014576,77.5755
12.932829,77.598774
12.966928,77.601355
12.924136,77.578319
12.975435,77.663894
12.978729,77.570921
12.994507,77.585249
13.013469,77.575352
13.003576,77.598174
13.00833,77.592559
12.986942,77.572315
12.978423,77.65083
12.981587,77.666359
12.95671,77.553319
12.964177,77.645328
12.967685,77.634573
13.013237,77.543166
12.998529,77.557622
13.016328,77.566246
12.964436,77.645562
13.008069,77.571714
12.950105,77.567889
12.93936,77.550256
12.972318,77.592278
12.925268,77.55695
12.926754,77.58824
12.929945,77.590658
12.991274,77.639852
13.007516,77.571333
12.956322,77.570519
12.987813,77.573657
12.975305,77.592872
12.926309,77.581988
12.961335,77.574344
13.028299,77.558874
12.989228,77.592961
12.947754,77.559446
12.98177,77.635372
12.987463,77.61921
12.937381,77.615679
12.938186,77.56025
12.97155,77.555586
13.007831,77.578492
12.939113,77.572025
12.961188,77.57799
13.000074,77.621267
12.913289,77.560714
12.982684,77.577566
13.028525,77.562665
13.033239,77.5713
12.92565,77.573439
12.985611,77.584774
12.982765,77.572378
12.972883,77.554125
12.928775,77.586936
13.001719,77.577114
12.967401,77.640098
12.963789,77.580236
12.998827,77.563832
12.988461,77.640187
12.992349,77.57058
12.980526,77.630237
12.981298,77.57923
12.965549,77.579068
12.925427,77.604379
12.965741,77.643392
12.976919,77.641677
12.956941,77.558203
12.99572,77.56398
12.980171,77.56581
12.923208,77.572305
12.993243,77.570712
12.979112,77.559851
12.922549,77.58267
12.96681,77.578023
12.955113,77.588451
12.959325,77.586184
12.981483,77.632857
12.992221,77.570153
13.000944,77.583725
13.013754,77.543608
12.994448,77.573642
12.978068,77.588737
12.964372,77.554733
13.000861,77.561618
13.012863,77.558652
12.971518,77.635173
12.990735,77.57755
12.971021,77.62823
12.989452,77.574059
12.934938,77.579591
12.987567,77.577308
12.954179,77.57493
12.997157,77.641835
13.002084,77.583763
12.957458,77.571989
12.91447,77.578516
12.939053,77.588686
13.000588,77.558258
12.959917,77.590268
12.917808,77.601645
12.994381,77.675156
13.001474,77.570415
12.975462,77.591763
12.910249,77.592789
12.964776,77.590673
12.930237,77.573074
12.990915,77.582856
12.96667,77.636126
12.985265,77.658773
12.971083,77.663671
12.984954,77.577546
12.995002,77.587744
12.977954,77.563757
12.99039,77.584292
13.0071,77.668106
12.982502,77.576402
12.976935,77.641963
12.959103,77.630563
12.953456,77.591484
12.977442,77.632593
12.986818,77.576875
12.92727,77.570656
12.954935,77.573099
12.999342,77.586019
12.913928,77.567487
12.995293,77.576399
12.966312,77.582632
12.987845,77.643997
12.973004,77.625546
12.98537,77.586437
12.943125,77.568844
13.023119,77.571158
12.95931,77.64047
12.956362,77.6134
12.981898,77.577174
12.990704,77.571738
13.021856,77.578996
12.977812,77.59533
12.992795,77.577387
12.988622,77.575159
12.995489,77.594528
12.958586,77.568486
12.974349,77.582028
12.978548,77.610056
12.988091,77.558383
12.968691,77.580261
12.968519,77.65605
13.03518,77.566223
12.986398,77.639129
12.980979,77.572355
13.017412,77.570232
12.927102,77.598542
12.914146,77.597898
13.00025,77.581924
12.965483,77.565854
12.949929,77.602152
12.978545,77.583215
12.994649,77.529728
12.978301,77.671922
12.999569,77.590636
13.001771,77.577159
12.982144,77.578686
12.961224,77.555446
12.921856,77.590003
12.972122,77.578883
12.973396,77.627282
12.983716,77.651195
12.958677,77.585431
12.916058,77.528508
12.967437,77.570097
12.931194,77.599099
13.001746,77.58004
12.989783,77.652842
13.003735,77.56823
12.982922,77.56904
12.913326,77.569037
12.968004,77.568098
12.916218,77.566811
12.9445,77.586754
12.97535,77.595066
12.967419,77.574847
12.949739,77.622092
12.966635,77.577654
13.003502,77.559348
12.963656,77.581135
12.98705,77.618739
12.97922,77.579631
12.990693,77.565045
13.001513,77.553256
12.937831,77.548763
12.973617,77.558468
12.985051,77.65733
12.963433,77.561793
12.932096,77.567583
12.920146,77.539436
12.957334,77.601174
13.017057,77.576693
13.026132,77.577737
12.953281,77.565058
12.928859,77.582413
12.97069,77.65147
12.922826,77.579028
12.932066,77.62052
12.971177,77.568784
12.968486,77.592581
12.9936,77.587241
12.929171,77.576038
12.968242,77.582532
12.952534,77.582295
12.971166,77.599747
12.970953,77.569312
12.994307,77.572505
13.011226,77.588328
12.979303,77.589439
12.944818,77.608738
12.976516,77.588618
12.967191,77.610149
13.005382,77.577517
12.93187,77.594479
12.98593,77.575443
12.915872,77.596023
12.964939,77.574648
12.98177,77.635372
12.982169,77.587166
12.979037,77.559499
13.000806,77.570307
12.985639,77.636658
12.970782,77.652289
13.003877,77.543114
12.973503,77.566259
12.951567,77.572601
12.984039,77.550509
12.977843,77.589428
12.973652,77.558994
12.984921,77.56695
12.966834,77.610932
12.975904,77.617962
12.981396,77.546645
12.982082,77.571893
13.000503,77.565841
12.953953,77.582716
12.972201,77.574402
12.990753,77.617427
12.984352,77.593785
12.933214,77.593832
12.968808,77.573233
12.964565,77.561111
12.94717,77.594054
12.932864,77.575246
12.981346,77.665474
12.93412,77.605373
12.955462,77.591905
12.971035,77.566882
12.974782,77.569856
13.00333,77.639872
12.945376,77.553751
12.966115,77.604585
12.934746,77.61128
12.962748,77.642688
12.935156,77.571126
13.020148,77.582906
12.995629,77.565993
12.952556,77.597691
12.979275,77.576569
12.976296,77.566551
12.995353,77.550512
12.910026,77.577226
13.011527,77.535168
12.958204,77.612659
12.976098,77.64514
12.985272,77.637117
12.972761,77.618214
13.009786,77.580659
12.951776,77.559036
12.967305,77.64932
12.952996,77.600865
12.93483,77.558597
12.924103,77.580911
12.976045,77.559848
12.934468,77.579088
12.983812,77.556267
12.925252,77.564006
12.929941,77.579948
12.961241,77.576434
12.944786,77.541199
12.984358,77.555623
12.988378,77.618721
12.948946,77.61306
12.970504,77.559359
12.989263,77.587085
12.982341,77.59564
12.984056,77.55558
12.942456,77.564925
12.98638,77.635451
12.981388,77.591356
12.939806,77.561347
12.920827,77.573695
12.957279,77.564936
12.920819,77.584175
12.917977,77.580927
12.993137,77.641696
12.98783,77.570937
12.986013,77.57291
12.974551,77.639007
12.967427,77.631454
12.975425,77.579996
12.915546,77.561455
12.973467,77.561294
12.982851,77.569475
13.004875,77.575693
12.97021,77.565689
12.9798,77.645691
12.971966,77.554497
12.976688,77.619941
12.981496,77.544899
12.983693,77.579762
12.948852,77.575729
12.915589,77.542913
12.963475,77.538499
12.985806,77.571941
12.912202,77.575496
13.005501,77.562365
12.996869,77.561275
12.980667,77.544935
12.980656,77.642686
12.963747,77.577827
12.992055,77.639743
12.979611,77.633358
12.937787,77.580556
12.985908,77.576493
12.962111,77.57686
12.959182,77.63528
12.935335,77.578977
13.000117,77.640044
12.999674,77.589384
12.999944,77.548168
12.980061,77.557821
12.980867,77.56534
12.957327,77.58354
12.969246,77.586117
12.952272,77.579523
13.023662,77.556561
12.986944,77.602385
12.977198,77.580864
12.98344,77.560356
12.917404,77.580726
12.970391,77.568609
12.983818,77.587186
12.923566,77.577057
12.982439,77.62134
12.998338,77.566458
12.958594,77.584187
12.931072,77.596974
13.009005,77.639395
12.918198,77.586576
12.973131,77.585819
13.010961,77.64533
12.984316,77.589942
12.973567,77.550111
12.979172,77.586564
12.987194,77.559036
13.003926,77.578574
12.981758,77.584169
12.996969,77.645293
12.976524,77.576479
12.963489,77.557276
12.970551,77.577376
12.975525,77.639198
12.969332,77.632513
12.94611,77.564386
12.969126,77.591139
12.99492,77.648593
12.979438,77.557179
12.975131,77.558619
12.978615,77.578793
12.934714,77.601956
12.959847,77.573723
12.99001,77.562935
12.947954,77.659513
12.992069,77.638348
12.992837,77.649907
12.972236,77.552561
13.009126,77.545673
12.971191,77.552927
12.993437,77.545191
12.959715,77.599872
12.929238,77.570402
12.965429,77.582222
12.967776,77.548923
12.949369,77.605626
13.002279,77.575264
12.974767,77.588877
12.980489,77.607051
12.918409,77.578317
12.966616,77.624511
12.937381,77.615679
12.976125,77.653324
12.911694,77.604931
12.991191,77.651754
12.970775,77.584476
12.997016,77.628839
12.983365,77.570194
12.989858,77.561199
13.02802,77.54639
12.994723,77.569778
12.991,77.556472
13.019287,77.591095
12.979487,77.597893
12.975718,77.575757
12.986986,77.637154
12.965808,77.547106
12.933155,77.610799
12.970027,77.568646
12.959867,77.551885
12.972461,77.603548
12.995066,77.567167
13.018691,77.571667
12.993408,77.615924
12.968322,77.658396
12.991846,77.570929
12.982414,77.573364
12.987002,77.562831
12.974297,77.643249
12.97757,77.584211
12.914178,77.548949
12.952173,77.60171
12.9925,77.559429
12.981937,77.649401
12.973349,77.581764
13.005707,77.557134
12.988976,77.555612
12.959361,77.58486
12.985387,77.564982
12.978067,77.617837
12.949707,77.600768
12.92927,77.574351
12.9204,77.603441
12.964636,77.627057
12.982203,77.571639
13.004796,77.571507
12.954255,77.633272
12.933362,77.617624
12.937483,77.578115
13.014903,77.55696
12.97086,77.595381
12.988705,77.574882
12.957111,77.579252
12.972643,77.635505
12.981609,77.562178
12.942213,77.605691
12.966483,77.582814
12.956014,77.660174
12.978035,77.563985
13.001756,77.571017
12.983706,77.597937
12.916475,77.581871
12.988015,77.58723
12.998292,77.635867
12.977141,77.574328
12.914582,77.550891
12.975342,77.583594
13.010422,77.597752
12.991795,77.531965
12.955296,77.576255
13.003971,77.618847
12.963494,77.626724
12.978416,77.59049
12.993667,77.606053
13.008534,77.581797
12.929271,77.604544
12.95724,77.594482
12.975862,77.599854
12.95253,77.640763
12.993158,77.571114
12.965175,77.62091
12.943492,77.575971
12.916436,77.560653
12.996327,77.581606
12.977946,77.649543
12.990415,77.629293
12.972917,77.625347
12.965607,77.581412
12.966544,77.556676
12.982906,77.584766
12.930525,77.61144
13.014373,77.57648
12.943827,77.574344
12.913319,77.561574
12.974981,77.577318
12.969473,77.57063
13.007232,77.636042
12.985284,77.570125
13.000853,77.54236
13.015217,77.581432
13.009146,77.547687
12.911501,77.605333
12.970032,77.589958
12.923976,77.57443
12.974293,77.538317
12.969755,77.589571
12.929356,77.580318
12.974529,77.585217
12.973348,77.579128
12.991138,77.635023
12.980827,77.645764
13.021814,77.584243
12.961584,77.67566
12.970125,77.562804
13.008599,77.56484
13.004446,77.58971
12.969382,77.591748
12.97984,77.675794
12.965499,77.591364
13.013936,77.550196
12.930123,77.554718
13.003875,77.623761
13.008362,77.626787
12.971624,77.574304
12.933274,77.569385
12.995198,77.586207
12.963158,77.640275
12.920774,77.58926
12.9707,77.553173
12.982688,77.586159
12.990794,77.582852
12.929812,77.595756
13.009221,77.582656
12.983632,77.584281
12.917866,77.576814
12.968558,77.563641
12.95594,77.586311
13.017936,77.550078
12.972473,77.60821
12.983542,77.564819
13.033883,77.580832
12.979759,77.653911
12.989397,77.654602
12.981408,77.576954
13.012117,77.654008
12.912128,77.571441
13.013359,77.56839
13.009575,77.57547
12.91923,77.54101
12.971077,77.582486
13.012878,77.549021
12.975106,77.656319
12.938323,77.570301
12.976905,77.624993
12.952092,77.592882
12.973707,77.63108
12.973676,77.570207
12.987873,77.570486
13.014593,77.547101
12.983596,77.577424
12.974367,77.62792
12.98303,77.572377
12.987318,77.640105
12.987295,77.570993
12.915227,77.585537
12.931957,77.557397
13.030577,77.556263
12.990256,77.635566
12.985167,77.621288
12.982677,77.670477
12.995473,77.625435
12.98251,77.589393
12.955747,77.586085
12.933245,77.624199
12.980879,77.586368
12.989838,77.603739
12.912361,77.563109
12.958041,77.570732
12.970761,77.642288
12.982884,77.55509
12.981995,77.622749
12.967986,77.555353
12.981026,77.595711
12.986842,77.572398
12.963609,77.648477
12.990343,77.617935
12.994115,77.582648
12.968312,77.577578
12.921309,77.567746
12.962907,77.639829
12.975118,77.555623
12.953027,77.583295
12.969413,77.634268
12.998928,77.570667
12.950922,77.653172
12.965759,77.584202
13.037875,77.572567
12.958777,77.581971
12.97185,77.574871
12.996956,77.560877
12.995354,77.569221
13.002353,77.577208
12.974937,77.649949
12.985609,77.63161
12.947623,77.585713
12.956985,77.660949
12.964139,77.653633
12.915083,77.584329
12.995489,77.556758
12.963564,77.584719
13.005807,77.569106
13.003137,77.664447
12.973597,77.579174
12.975029,77.595505
12.934425,77.543009
12.964521,77.586009
12.963832,77.550235
12.97244,77.587846
12.969889,77.625531
12.974408,77.574608
12.990933,77.583414
12.98172,77.644507
12.976438,77.639036
13.000832,77.57757
12.972028,77.558334
12.91716,77.573642
12.979471,77.583354
12.993488,77.558794
12.926638,77.573296
12.981879,77.576372
12.99582,77.551394
12.984621,77.565766
12.941079,77.575555
12.924079,77.582968
12.989877,77.641027
12.961796,77.561913
12.981513,77.629673
12.992432,77.581696
12.998112,77.607441
12.938423,77.594026
12.982518,77.579901
12.962584,77.616263
12.91139,77.573007
12.997473,77.568212
12.972786,77.62503
12.968905,77.651586
12.92741,77.554703
12.962275,77.661746
12.974645,77.592949
12.984181,77.578566
12.91983,77.572189
12.994112,77.580966
13.011542,77.559728
12.973693,77.56131
12.974405,77.582385
13.012758,77.566708
12.95472,77.598609
12.914788,77.568086
12.973871,77.591417
12.95873,77.618324
12.967504,77.579433
12.997794,77.573529
12.969218,77.575914
12.9287,77.605479
12.922918,77.563552
12.97816,77.623733
12.982791,77.577891
12.950221,77.638433
12.989387,77.574728
12.984671,77.570446
12.998102,77.578021
12.961837,77.597539
12.986424,77.569344
12.987131,77.56785
12.987816,77.585143
12.983018,77.620027
12.981861,77.575552
12.972817,77.584123
13.005759,77.532579
12.959786,77.578677
12.96496,77.602921
12.972595,77.646672
12.985877,77.631691
12.949926,77.54485
12.955979,77.60517
12.975799,77.591897
12.97395,77.62654
12.910797,77.58864
12.936953,77.606063
12.914586,77.568231
12.979635,77.586043
12.979782,77.653331
12.915554,77.549241
12.931661,77.558767
12.966023,77.633809
12.962127,77.560067
12.930954,77.573834
12.940349,77.595504
12.969865,77.638516
13.015254,77.564533
12.967552,77.548347
12.968001,77.571854
12.965952,77.61978
12.979695,77.661529
13.000852,77.572163
12.987821,77.584273
12.966472,77.588151
12.972401,77.643442
12.975459,77.592434
13.010971,77.570288
12.96922,77.668404
12.980409,77.590365
12.91144,77.574947
12.967131,77.652509
12.964102,77.577111
12.950069,77.560407
13.002831,77.583108
12.981193,77.557573
13.00675,77.56106
12.930556,77.572703
12.995341,77.63618
12.989635,77.570027
12.995434,77.605986
12.978891,77.575717
12.967714,77.537987
12.967904,77.566679
12.983694,77.575515
12.97328,77.590781
12.973483,77.567192
12.915294,77.611147
12.96758,77.567921
13.008642,77.576597
12.983193,77.563261
12.987739,77.600987
12.963556,77.635657
13.0282,77.561988
12.925946,77.583776
12.973228,77.636178
12.975467,77.616538
12.978346,77.585936
12.91432,77.583903
12.941791,77.582896
12.968873,77.556043
12.978432,77.562335
12.973027,77.634773
12.985255,77.567455
12.97329,77.644187
12.97888,77.568583
12.989387,77.574728
12.971627,77.643023
12.970347,77.643305
13.02709,77.644881
12.961241,77.572185
12.950869,77.584523
12.994447,77.569994
12.939019,77.601247
13.010952,77.566212
12.963194,77.591203
12.964954,77.572439
13.018284,77.562111
12.967671,77.555303
12.979645,77.537249
12.959373,77.575938
12.981424,77.54966
12.977161,77.589996
12.974259,77.621153
12.970183,77.648366
12.976363,77.630773
12.926249,77.593686
12.974552,77.584475
12.945494,77.667146
12.988982,77.556015
12.986281,77.564393
12.984923,77.602333
12.92374,77.603962
12.964305,77.636492
12.916486,77.573794
12.91338,77.577013
12.940598,77.566157
12.964447,77.564528
12.989688,77.588232
12.968283,77.574292
12.99341,77.624263
12.976613,77.584481
12.948528,77.607448
12.968679,77.576001
12.976116,77.549278
12.960852,77.576328
12.969271,77.568793
13.001249,77.579764
12.944454,77.562709
12.925698,77.616943
12.950784,77.593504
12.931434,77.55481
12.988272,77.571547
12.980136,77.624278
12.986504,77.571579
12.982141,77.571653
12.915047,77.56162
13.01016,77.566278
12.977298,77.554502
12.916679,77.590976
12.950423,77.610383
12.955234,77.586799
12.924661,77.576437
12.96311,77.581268
12.956009,77.567129
12.954065,77.536768
12.9667,77.669782
12.974322,77.553224
12.97048,77.587417
12.999191,77.573286
12.984291,77.630897
12.980322,77.57828
12.9865,77.550924
12.986809,77.581745
13.014211,77.622787
12.978854,77.625869
12.952843,77.603074
12.943161,77.552722
12.965843,77.576461
12.964933,77.626755
12.955621,77.592525
13.000726,77.584164
12.966946,77.549548
12.965686,77.642087
12.968504,77.570227
12.976444,77.584931
12.990015,77.591627
12.956179,77.579331
12.991118,77.615512
12.968086,77.587165
12.948547,77.563988
12.918228,77.570953
12.975827,77.613028
13.010581,77.557831
12.997013,77.573004
12.992971,77.569918
12.966714,77.58237
12.961929,77.588195
12.984657,77.580634
12.989443,77.638613
12.955368,77.588472
12.987419,77.631138
13.013484,77.563926
12.985686,77.579293
12.984473,77.591283
12.959541,77.592931
12.975843,77.551009
12.987716,77.58249
12.946959,77.587553
12.969755,77.653522
12.932435,77.620537
12.98264,77.595839
12.981017,77.599991
12.952017,77.553404
12.958602,77.58287
12.943821,77.589219
12.966105,77.552893
12.988995,77.655574
12.928068,77.574638
13.002304,77.572136
12.981834,77.578475
12.967832,77.570763
12.972658,77.629648
12.94805,77.59872
12.96416,77.569434
12.967775,77.590858
12.977384,77.6569
12.959438,77.577035
12.999432,77.57764
13.01237,77.588063
12.959374,77.6008
12.996635,77.643412
12.929104,77.543381
13.003146,77.564938
12.962465,77.564723
12.990727,77.633128
12.977927,77.647562
12.978595,77.59809
12.943852,77.556707
12.969708,77.569137
12.968893,77.590484
12.982578,77.649357
12.946302,77.654409
12.970021,77.585538
12.974236,77.662644
12.934126,77.596064
13.000637,77.569461
12.987535,77.577351
12.943595,77.579105
13.017272,77.577336
13.020248,77.564511
12.995651,77.542523
12.912799,77.623486
12.99931,77.581617
12.958563,77.584804
13.023662,77.556561
12.976317,77.58167
12.967241,77.578781
12.933422,77.567351
13.030097,77.568861
12.969003,77.562219
12.912046,77.599483
13.016729,77.565911
12.927397,77.560271
12.982519,77.574538
12.968849,77.65597
12.992609,77.557169
12.983117,77.588796
12.967588,77.576677
13.016599,77.584922
12.957124,77.65187
12.930849,77.611117
13.007099,77.570177
12.94677,77.564004
12.972235,77.557171
12.974754,77.639901
12.936227,77.588487
12.920526,77.588349
12.985804,77.673607
12.981972,77.577727
12.978934,77.544292
12.956939,77.576847
13.023854,77.591117
12.971333,77.585928
12.991142,77.561774
12.949058,77.641316
12.96852,77.566104
12.98025,77.577677
12.947623,77.585713
12.965061,77.665725
12.958363,77.594774
13.001015,77.565443
12.98498,77.572681
12.991616,77.638225
12.962968,77.577533
13.005416,77.580206
12.970273,77.579493
12.982147,77.645043
12.971572,77.574327
12.953577,77.600043
12.955877,77.554545
12.980816,77.569806
12.974607,77.572809
12.922559,77.550824
12.991381,77.564274
12.984998,77.656802
12.945092,77.595901
13.015856,77.584527
12.980252,77.62645
13.029773,77.572226
12.941297,77.578302
12.965346,77.575214
12.920611,77.591524
12.979396,77.632488
12.971363,77.593673
12.986957,77.645922
12.998195,77.556856
12.977841,77.596678
12.929324,77.587874
12.981718,77.619219
12.971364,77.65625
12.964464,77.642893
13.009887,77.579203
12.916038,77.574191
12.966,77.577539
12.962158,77.580855
12.953243,77.558
12.963603,77.581316
12.95907,77.558711
12.970914,77.626315
13.008539,77.654111
12.975057,77.587081
12.937504,77.570382
12.929489,77.553741
12.945618,77.582917
12.992101,77.610294
12.958436,77.661156
12.953874,77.558181
12.955325,77.581863
13.005218,77.572797
12.972924,77.62968
12.939633,77.58357
12.975217,77.574569
12.964643,77.659967
12.971723,77.551245
12.99136,77.579304
12.999056,77.562574
12.968549,77.552105
13.015966,77.579101
12.966557,77.662994
12.98782,77.639461
12.98865,77.563461
12.972018,77.620221
12.999279,77.554573
12.9768,77.595255
12.987176,77.66117
12.973288,77.589213
12.951146,77.537907
12.985574,77.574389
13.000568,77.569578
12.964882,77.558301
12.980816,77.540437
12.971177,77.652174
12.971456,77.630934
12.987243,77.548953
12.93224,77.559204
12.981586,77.564996
12.934129,77.627548
13.002633,77.551169
12.941918,77.547766
12.9938,77.564113
12.973837,77.559744
12.982914,77.572301
13.012959,77.586387
12.995904,77.630201
12.942768,77.597518
13.004461,77.56108
12.917308,77.583578
13.01972,77.568593
13.018367,77.561256
12.978046,77.551576
13.025242,77.58487
12.969591,77.634196
12.98525,77.573222
12.98001,77.652449
12.961155,77.569188
12.993626,77.556729
12.992505,77.660645
12.914653,77.527763
12.989066,77.608062
12.981929,77.582341
12.969109,77.561247
12.981635,77.666806
12.995575,77.583065
12.930706,77.584789
12.989222,77.577996
12.991793,77.581142
12.971264,77.590473
12.975255,77.640873
12.937884,77.58404
12.921617,77.574891
12.9964,77.591495
12.936884,77.568681
13.004944,77.658598
12.986036,77.633371
13.003312,77.580177
12.980673,77.557459
12.972188,77.65051
13.008182,77.592553
13.001597,77.555111
12.952339,77.58139
12.921929,77.587248
13.009848,77.587636
12.992795,77.556397
12.972819,77.620368
12.93536,77.55905
12.917528,77.57467
12.923705,77.569847
12.962988,77.627443
12.923069,77.58686
12.949666,77.622355
12.989325,77.581968
12.984411,77.582049
12.971957,77.562996
12.99421,77.565407
12.987539,77.606732
12.912055,77.58128
12.958895,77.588969
13.011849,77.572763
13.000367,77.579115
12.966477,77.6585
12.96492,77.583688
13.003365,77.552653
13.017852,77.544143
12.912596,77.545328
12.949405,77.58622
12.936633,77.569268
12.980824,77.573549
12.933759,77.579392
12.996297,77.624268
12.987829,77.582462
12.961108,77.563641
12.999627,77.569414
12.973347,77.601561
12.991866,77.613449
12.947391,77.607967
12.972845,77.58936
12.967611,77.551603
12.967054,77.652011
12.981725,77.537186
13.029265,77.566361
12.978358,77.601807
12.993937,77.546232
12.976979,77.573036
12.965964,77.583123
12.960651,77.640723
12.928217,77.613685
12.998699,77.570057
12.95717,77.596825
12.911387,77.557353
12.968893,77.550408
12.954936,77.579773
12.961967,77.576042
12.964044,77.546305
12.972847,77.598232
12.987997,77.639226
12.984391,77.585426
12.919507,77.57762
12.961439,77.57287
12.942567,77.550959
13.001479,77.572006
12.96681,77.56304
12.970089,77.567158
12.948309,77.573789
12.995681,77.634927
12.981393,77.562954
12.947629,77.571853
12.944929,77.570114
12.958936,77.628978
12.96137,77.590271
13.010218,77.58149
13.00172,77.555028
12.997264,77.592899
12.942469,77.594959
12.995865,77.5788
13.006934,77.569302
12.995028,77.59302
12.975284,77.605597
12.979249,77.579575
12.99532,77.586258
12.99531,77.592029
12.970514,77.638467
12.980427,77.566081
12.977389,77.537192
12.932934,77.56433
12.983487,77.578218
13.000649,77.580009
12.948445,77.572876
12.994306,77.557593
12.98684,77.649783
12.973493,77.643931
12.972592,77.565705
12.935766,77.651507
12.962006,77.576596
12.959889,77.599064
12.97937,77.554272
12.980402,77.553132
13.002019,77.585313
12.975908,77.577877
12.988857,77.564565
12.974049,77.581684
12.941931,77.600607
13.000284,77.585669
12.965614,77.650665
12.98154,77.594593
12.994841,77.565988
12.958175,77.549499
12.913732,77.561988
12.965985,77.588842
12.991003,77.582442
12.983974,77.577541
13.029097,77.566418
13.003041,77.563504
13.009791,77.556506
12.947027,77.569512
12.993636,77.552024
12.964537,77.576415
12.978676,77.654612
12.945468,77.58452
12.918848,77.546985
12.981689,77.613019
12.976302,77.586586
12.977852,77.65524
12.970373,77.617728
12.925213,77.5626
12.980395,77.58256
12.97855,77.564791
12.950654,77.57945
12.978641,77.581819
12.979695,77.661529
13.009791,77.556506
12.968037,77.589625
12.912103,77.592294
13.010621,77.594962
12.964947,77.589258
12.963305,77.551183
12.91318,77.599442
12.950461,77.571626
12.924643,77.581136
12.982307,77.573023
12.920241,77.602322
12.963001,77.634503
12.964849,77.617304
12.98034,77.578536
13.008139,77.564274
12.982659,77.583767
12.948756,77.612162
12.969215,77.649252
12.959513,77.584975
12.969867,77.566019
12.980421,77.666308
12.976204,77.535315
12.939335,77.57952
12.974524,77.571922
12.975348,77.608721
13.014881,77.566412
12.995824,77.597813
13.001164,77.586047
12.919854,77.578738
12.962852,77.58823
12.992945,77.59522
12.914857,77.598434
12.926568,77.592868
12.995976,77.582634
12.997618,77.60547
12.964849,77.617304
12.983737,77.602969
12.987862,77.651303
12.990864,77.613467
12.938385,77.580022
12.991191,77.651754
12.93812,77.540005
12.977249,77.579358
12.941053,77.5783
12.974304,77.649614
12.972795,77.560127
12.970121,77.574568
12.950773,77.647569
12.936575,77.589987
12.981452,77.553757
12.924074,77.568844
12.982668,77.621478
12.984846,77.572632
12.948305,77.565891
13.01494,77.567248
12.910752,77.605818
12.949968,77.571773
12.975737,77.58441
12.981505,77.58785
12.989457,77.548503
12.949889,77.583513
12.973783,77.624381
12.930872,77.583878
12.988411,77.553621
13.016277,77.563939
12.969751,77.63364
12.972496,77.575195
13.011771,77.586911
13.008496,77.590509
12.985617,77.582841
12.971556,77.583962
12.994965,77.551367
13.022713,77.587881
12.939553,77.598323
12.94978,77.591508
12.985733,77.566052
12.982001,77.573992
12.976865,77.54721
12.975313,77.649797
12.968782,77.576166
12.935891,77.579266
12.958393,77.643343
12.974829,77.66016
12.992233,77.564791
12.959193,77.559122
12.964832,77.637313
13.010188,77.5872
12.963487,77.568623
12.952441,77.559648
12.957676,77.570138
12.960157,77.573646
12.97298,77.557279
13.01419,77.581491
12.978614,77.641075
13.002208,77.583284
12.975981,77.657365
12.951349,77.575621
12.943125,77.568844
12.919386,77.597275
12.969373,77.67252
12.920848,77.59566
12.998501,77.56375
13.023062,77.587591
12.974572,77.570207
12.920802,77.582584
12.962615,77.648467
12.996929,77.553351
13.014696,77.588489
12.953871,77.582294
12.997868,77.580775
12.92932,77.569419
12.952258,77.571703
12.9592,77.644649
12.979572,77.585459
12.944508,77.564525
12.969884,77.620013
12.993253,77.624652
12.920494,77.586583
12.9433,77.562373
12.954379,77.651197
13.001474,77.543232
12.921994,77.552645
12.979539,77.648344
12.996533,77.65259
13.002292,77.5868
12.979272,77.585185
12.97439,77.585465
12.966825,77.618433
12.95234,77.649239
12.911173,77.573073
12.969708,77.569137
13.010604,77.634519
12.954012,77.566403
12.944614,77.597307
12.950106,77.55969
12.97425,77.568621
12.995802,77.580298
12.972438,77.655599
12.993699,77.615274
12.985226,77.585038
12.952391,77.569627
12.972232,77.674471
12.953438,77.575447
13.000689,77.578253
12.969561,77.589241
13.004153,77.629401
12.932474,77.589203
12.924975,77.590151
12.997359,77.568766
12.995246,77.606269
12.912514,77.588339
12.912436,77.578136
13.02504,77.558081
12.922781,77.573544
12.985106,77.655304
12.945261,77.607374
12.955075,77.588579
12.98126,77.569916
13.00496,77.58273
12.951121,77.605445
12.990866,77.641509
12.987532,77.579157
12.985286,77.599777
12.931751,77.572896
12.987777,77.582447
12.920532,77.583942
12.951981,77.647878
12.983622,77.576555
12.966557,77.662994
12.942823,77.561819
12.997748,77.55221
12.978474,77.609214
12.967826,77.581635
12.985241,77.567722
13.015319,77.639581
12.969527,77.623978
12.986911,77.568064
13.018913,77.567517
12.976309,77.5513
12.986802,77.647788
13.008992,77.569946
12.960348,77.603829
12.98327,77.571541
12.920635,77.57143
12.950488,77.633094
12.977335,77.596552
12.966949,77.597001
12.990623,77.572136
12.91924,77.575332
12.985927,77.64112
12.964011,77.600827
13.024047,77.543427
13.002464,77.582
12.973712,77.570874
12.97295,77.550151
12.980443,77.647035
12.983228,77.653138
12.971439,77.639533
12.97746,77.600646
13.018906,77.555864
12.985251,77.604523
12.991842,77.638986
12.960788,77.572372
12.938541,77.565231
12.988847,77.591585
12.999913,77.583253
12.924095,77.59912
12.974068,77.577237
12.964958,77.584607
13.020833,77.556161
12.963094,77.615406
12.9953,77.58752
12.981456,77.654062
12.972863,77.571855
12.970652,77.631782
12.976235,77.637236
12.974093,77.575357
13.011209,77.568167
13.007076,77.58197
12.970785,77.661022
12.963489,77.580872
12.934644,77.578507
12.973037,77.573119
12.968286,77.572901
12.912429,77.584849
13.027642,77.561003
12.957619,77.626582
12.944246,77.568522
12.976274,77.585952
12.964292,77.643216
12.98683,77.566758
12.976506,77.558272
12.973316,77.655269
12.948899,77.56074
12.939933,77.630225
12.949585,77.577403
12.978577,77.587758
12.982569,77.648773
12.92125,77.577856
12.965901,77.546149
12.985384,77.579272
12.99364,77.562463
12.94995,77.564853
12.974193,77.571299
12.966521,77.562883
12.987813,77.573657
12.977741,77.629168
12.97571,77.640971
12.950845,77.620261
12.966028,77.573549
12.941324,77.582675
13.005842,77.596222
12.960153,77.559552
12.976811,77.564644
13.013812,77.566662
12.971101,77.580228
12.998751,77.56731
12.981888,77.623432
12.958512,77.585941
12.979653,77.583015
12.993967,77.591167
12.978925,77.623181
12.983101,77.638501
12.970513,77.663963
12.923152,77.570788
12.936237,77.603262
12.94478,77.533711
12.992376,77.564286
12.991866,77.576055
12.972713,77.667689
13.004025,77.573635
13.020681,77.55947
12.915,77.603067
12.924103,77.559674
12.956212,77.64072
12.961433,77.582371
12.989312,77.649368
12.973087,77.638636
12.975149,77.591026
12.922061,77.587202
12.931492,77.586884
12.956801,77.574076
13.008362,77.626787
12.999534,77.563807
12.966741,77.589803
12.985693,77.571711
12.941769,77.563954
12.950529,77.556086
13.007886,77.555143
12.946041,77.573789
12.985579,77.637445
12.96065,77.553758
12.950357,77.590246
13.020295,77.566979
13.005584,77.599534
12.91033,77.588451
12.99943,77.568568
12.944087,77.611626
12.949863,77.608513
12.966306,77.613299
12.982654,77.55434
12.991276,77.58002
12.995529,77.63408
12.929037,77.596208
12.918065,77.609933
12.971233,77.591094
12.955208,77.592755
12.974266,77.554635
12.973205,77.579117
12.999662,77.64845
12.955422,77.603789
12.934411,77.549283
12.994429,77.597743
12.978675,77.55384
12.983815,77.667708
12.94187,77.587029
12.913352,77.583894
12.91789,77.580817
12.959662,77.570488
12.98029,77.58872
12.973902,77.579196
12.933138,77.547071
12.944633,77.585602
12.928471,77.600193
12.998331,77.564542
12.993455,77.58538
12.963046,77.593469
12.989619,77.574289
13.028424,77.567285
12.98271,77.574484
12.989206,77.580097
12.973445,77.589131
12.976173,77.571421
12.975826,77.635985
12.936575,77.62821
13.012448,77.576529
12.960331,77.576257
13.005693,77.598471
12.915727,77.590252
12.976689,77.577086
12.968481,77.560187
13.01533,77.558707
12.972037,77.589532
12.966744,77.571242
12.985206,77.588226
12.972587,77.568464
12.947203,77.576298
13.020036,77.573049
12.965278,77.539436
12.987943,77.574598
12.991341,77.566555
12.96566,77.558104
12.971932,77.557976
12.97892,77.650536
12.976569,77.577701
12.976587,77.627041
12.93345,77.589248
12.972597,77.565564
12.981951,77.555967
12.970538,77.628805
12.940254,77.584339
13.015872,77.580629
12.98939,77.580284
12.958697,77.642933
12.931607,77.571408
12.989069,77.62968
12.965745,77.532437
12.911647,77.622211
12.982703,77.574142
12.971265,77.560623
13.004076,77.578997
12.945432,77.547272
12.910137,77.631621
12.972662,77.58588
12.986677,77.561408
12.982524,77.620775
12.975389,77.580035
12.949002,77.588872
12.96085,77.564877
12.982238,77.548239
12.935766,77.651507
12.966311,77.573765
12.968651,77.55233
13.011047,77.563101
12.965158,77.589879
12.972704,77.61487
13.006062,77.549211
13.006842,77.571853
12.959047,77.619379
12.92519,77.569251
12.99001,77.553641
13.015832,77.574383
12.947389,77.570413
12.980135,77.601867
12.963857,77.672523
12.997138,77.637957
12.987602,77.631783
12.959163,77.556897
13.011343,77.568884
12.970152,77.575957
12.974516,77.56641
12.995468,77.539474
12.983992,77.584489
12.927453,77.580096
12.949287,77.614486
12.987271,77.579123
12.991761,77.55628
12.961066,77.566203
12.928135,77.577532
12.971917,77.640757
12.925767,77.60495
12.980841,77.566742
12.986632,77.538205
13.013386,77.562317
12.950366,77.572536
13.002317,77.572858
12.997355,77.55208
12.988798,77.561968
12.979896,77.575375
12.981617,77.577111
12.999749,77.580094
12.941262,77.588458
12.931192,77.600131
12.998928,77.570667
12.976366,77.586085
13.022892,77.567018
12.961588,77.560847
12.979804,77.595051
13.001515,77.588503
12.958593,77.654757
12.990608,77.573264
12.999563,77.552554
12.972863,77.639603
12.985522,77.580794
12.976564,77.64156
12.979674,77.621907
12.985519,77.60618
12.96922,77.592326
12.979573,77.568704
12.97501,77.6337
12.983871,77.629327
12.992233,77.577088
12.979679,77.565968
12.956014,77.660174
12.991461,77.579724
12.985929,77.571376
12.956713,77.525531
12.982586,77.642879
12.980357,77.555039
12.997069,77.58947
12.970166,77.654579
12.987477,77.628025
12.970249,77.581617
12.961897,77.652474
12.98084,77.578484
12.991555,77.582576
12.984697,77.646286
12.957128,77.637597
12.996649,77.576788
12.966093,77.568307
12.944575,77.641901
12.98008,77.594795
12.996634,77.564661
12.955408,77.577497
12.965282,77.569055
12.978092,77.566297
12.915256,77.548804
12.936002,77.594901
12.976767,77.571381
12.934065,77.600779
12.960233,77.556717
12.944629,77.552251
12.931445,77.552065
12.987237,77.578
12.929738,77.575027
12.981287,77.666589
13.01042,77.543961
12.990835,77.645055
12.98409,77.583725
12.981763,77.57119
12.956001,77.577197
12.966574,77.563106
12.932899,77.585281
12.971231,77.567342
13.007947,77.554362
12.985951,77.615656
12.966274,77.582991
12.987501,77.653733
12.98991,77.624289
13.010859,77.561025
12.981992,77.586546
12.985112,77.568361
13.000734,77.581233
12.951331,77.56968
12.96503,77.564299
12.95813,77.563702
12.992331,77.654125
12.998494,77.580804
12.953799,77.562725
12.982829,77.56251
12.981152,77.556649
12.967958,77.64488
12.965322,77.579624
12.97271,77.569051
13.002258,77.560093
12.983031,77.556287
12.967807,77.568994
12.971648,77.566126
12.922743,77.544117
12.933015,77.576569
12.980944,77.540399
12.964668,77.553254
12.966969,77.576349
13.002488,77.572292
12.968388,77.548848
12.991251,77.59343
12.940236,77.59176
12.937155,77.608631
12.978616,77.564058
12.976504,77.579945
12.983525,77.583835
12.913776,77.590523
12.978174,77.641699
13.010594,77.590844
12.975594,77.590516
12.958552,77.594325
12.923242,77.561767
12.991188,77.641309
12.995674,77.583651
12.996714,77.560028
12.945742,77.591207
13.005128,77.62369
12.948585,77.580952
13.008261,77.558183
12.980341,77.617567
13.000209,77.556872
12.975818,77.576046
12.973399,77.641821
13.011417,77.586503
12.983647,77.647351
12.962345,77.588292
13.000095,77.580231
12.99139,77.629232
12.986804,77.596318
12.973066,77.613834
12.9229,77.585367
12.981343,77.592592
12.972202,77.577414
13.01247,77.562346
12.931107,77.552034
12.972839,77.594747
12.987627,77.569584
12.990966,77.580965
13.035214,77.560208
12.956362,77.561239
12.957622,77.595251
12.987528,77.63328
12.952404,77.578022
12.950302,77.569758
12.981834,77.546642
12.98384,77.596288
12.929032,77.565461
13.020793,77.556453
12.983291,77.565277
12.998323,77.582182
12.977899,77.585954
12.910822,77.587408
13.016695,77.565395
12.987597,77.576692
12.986401,77.542115
12.985353,77.584981
12.917862,77.582125
12.963513,77.652537
12.916252,77.61593
12.976694,77.587179
12.984088,77.579966
12.915154,77.596922
12.99758,77.591214
12.93985,77.565481
12.933618,77.625207
12.932632,77.57039
12.975657,77.549305
12.947675,77.601614
12.985176,77.665537
12.986188,77.593456
12.997937,77.585122
12.959601,77.556933
12.966909,77.577418
12.959605,77.578356
12.964754,77.551967
12.939992,77.60414
12.997422,77.571876
13.006892,77.557971
12.978036,77.57679
12.94776,77.579834
12.952494,77.574176
12.984915,77.551038
12.983459,77.587307
13.027698,77.562305
12.935411,77.592693
12.992596,77.570523
12.990911,77.643424
13.019614,77.557434
12.982509,77.596258
12.987555,77.571688
12.983597,77.587724
12.959937,77.630456
12.993837,77.56426
12.913217,77.599833
12.992125,77.662248
12.972699,77.573394
12.933525,77.565385
13.013213,77.57275
12.976333,77.656688
12.978489,77.559731
12.912045,77.598214
12.946227,77.634892
12.998757,77.601832
12.985057,77.584191
12.990482,77.661958
12.960854,77.578876
13.001122,77.585323
12.985262,77.546572
12.958546,77.563877
13.009498,77.585496
12.965005,77.577732
12.976347,77.601529
12.986883,77.571738
12.954285,77.571981
12.952078,77.634095
12.984297,77.592857
12.981905,77.576103
12.959795,77.635871
12.943942,77.568193
12.977299,77.617747
12.998514,77.552975
13.012795,77.572013
12.97866,77.590004
13.014994,77.577541
12.986398,77.639129
12.971791,77.571387
12.959965,77.564634
12.999262,77.563157
12.972004,77.564984
12.97933,77.587739
12.93887,77.582532
13.029584,77.563332
12.990029,77.632961
12.979421,77.572324
12.914502,77.562626
12.939814,77.587479
12.968375,77.55602
12.967463,77.597175
13.000889,77.594278
12.973453,77.564447
12.983964,77.658083
12.989251,77.567876
13.007775,77.573768
12.994297,77.55838
12.957307,77.591248
12.914059,77.605185
12.96399,77.574492
12.999773,77.562794
12.966149,77.556177
12.986384,77.575899
12.998643,77.638945
12.992563,77.573822
12.984792,77.647673
12.992021,77.5403
12.951759,77.571466
12.987253,77.569646
12.949335,77.583045
12.980652,77.554125
12.968412,77.564762
12.917856,77.566829
12.949062,77.668722
12.991205,77.580694
12.960596,77.615183
13.006619,77.570033
12.999442,77.558554
13.005636,77.566855
12.972421,77.560638
12.990076,77.653978
12.981827,77.574319
12.969313,77.643832
12.988565,77.562603
12.966334,77.541131
12.942663,77.587819
12.959437,77.568513
12.994302,77.574316
12.96352,77.638501
12.925989,77.606037
12.968149,77.668966
12.972531,77.575147
12.988909,77.562801
13.000149,77.563093
12.979854,77.580041
12.969452,77.583534
12.995098,77.590133
12.939548,77.604988
12.939216,77.603362
13.001517,77.583256
12.995214,77.566038
12.988113,77.639947
12.994694,77.629429
12.994018,77.589608
12.988206,77.582725
12.912853,77.561544
12.953089,77.564788
12.921665,77.562425
12.992739,77.581684
12.965644,77.589136
13.030449,77.56234
12.962973,77.567138
12.925908,77.588917
12.997877,77.543825
12.994676,77.598111
12.990598,77.58046
12.988056,77.594096
12.985231,77.641355
12.969993,77.568455
12.951671,77.582491
12.974694,77.571817
12.950792,77.571034
12.983859,77.586892
12.970154,77.641787
12.934503,77.615557
12.915108,77.579226
12.918406,77.599804
12.995873,77.596777
12.974909,77.582789
12.989801,77.593493
12.916998,77.589344
12.913809,77.562939
12.960898,77.578239
12.982883,77.58565
12.986252,77.571736
12.960324,77.56334
12.959596,77.567146
12.983031,77.582078
12.965864,77.588231
12.964271,77.606506
12.98856,77.633757
12.976851,77.650003
12.951491,77.57125
12.991354,77.623787
12.921952,77.611611
12.960054,77.543134
12.956463,77.577367
13.026747,77.558757
12.976847,77.640695
12.968631,77.570352
12.97413,77.572034
12.979776,77.595074
13.003278,77.575304
12.982035,77.591823
12.970608,77.549618
12.982898,77.640127
12.96831,77.570299
12.925677,77.587594
12.981887,77.588213
12.950955,77.584839
12.948977,77.624141
12.980343,77.622805
12.973573,77.591625
12.974226,77.585863
12.986513,77.581178
12.981718,77.575916
12.971125,77.63621
12.959131,77.661072
13.01305,77.549017
12.997072,77.560108
12.97754,77.574984
12.979886,77.563525
12.931905,77.603308
12.971688,77.539526
12.957042,77.57823
12.979371,77.597926
12.922495,77.570027
12.954625,77.548429
12.970731,77.651283
13.005705,77.636423
12.989398,77.57388
12.970455,77.615379
12.925585,77.580232
12.966042,77.577545
12.968392,77.590845
12.922664,77.592258
12.98307,77.58914
12.980827,77.560089
12.956277,77.610685
12.959431,77.550463
12.987828,77.591953
12.935137,77.552471
12.918242,77.577208
12.945328,77.628313
12.961114,77.633657
12.9301,77.601299
12.995652,77.570992
12.951349,77.575621
12.987793,77.591495
12.98552,77.633688
12.96995,77.579629
13.017709,77.608422
12.925316,77.568865
12.927995,77.591518
12.955702,77.586611
12.991215,77.574998
12.960658,77.569605
12.98452,77.644758
12.974125,77.589709
12.975284,77.605597
12.94436,77.58271
12.944244,77.583385
12.960149,77.588943
12.93842,77.583106
12.92494,77.600304
12.993477,77.545
12.916582,77.60108
12.981777,77.570386
12.98322,77.574768
12.990687,77.611057
12.966186,77.626962
13.002793,77.634034
12.982605,77.575588
12.979277,77.57772
12.989011,77.594526
12.970129,77.619181
13.00732,77.561103
12.973569,77.565134
12.975293,77.622621
12.990081,77.567198
12.971829,77.570146
12.987567,77.577308
12.990178,77.643413
13.000282,77.563253
12.960158,77.582819
12.981612,77.603241
12.971807,77.566017
12.986904,77.570784
12.988434,77.586286
13.017675,77.567653
12.976057,77.554104
12.983117,77.56351
12.99643,77.586351
12.970836,77.587218
12.913213,77.583264
13.003368,77.579147
12.930344,77.606498
12.99919,77.558261
12.983574,77.594028
12.977869,77.565267
12.974712,77.569507
13.012485,77.567502
12.971149,77.579945
12.984967,77.559277
12.932913,77.605303
12.978472,77.615782
12.928867,77.571243
12.936932,77.592748
12.987634,77.63887
12.966448,77.544281
12.994404,77.568231
13.005042,77.581062
12.970329,77.648524
12.965054,77.55598
12.962689,77.589915
12.929327,77.562898
12.933792,77.589607
12.937188,77.594447
12.959535,77.622135
12.935089,77.590423
12.942894,77.604462
12.97719,77.629705
12.979853,77.576704
12.977282,77.647497
13.022722,77.583313
12.991109,77.588844
12.968008,77.587282
12.978324,77.642661
12.961468,77.573397
12.913584,77.567855
13.004729,77.587382
12.98337,77.564541
12.931643,77.561138
12.946413,77.649898
12.942589,77.584639
12.981267,77.580029
12.973348,77.579128
12.986953,77.620207
12.943957,77.575136
12.97835,77.550993
12.989739,77.615263
12.960362,77.597853
12.979282,77.637068
13.014831,77.58652
13.00021,77.667273
12.965614,77.579324
12.995793,77.548165
13.018053,77.578076
12.984845,77.6622
12.957509,77.590778
13.029958,77.582745
12.946362,77.566395
12.991323,77.641077
12.920074,77.592431
12.986997,77.559574
12.972738,77.598096
12.963189,77.553848
12.98303,77.572377
12.971136,77.66231
12.990343,77.622833
12.989457,77.57012
12.972191,77.571416
12.959949,77.570382
12.989562,77.662107
12.984592,77.582254
12.989522,77.581044
12.990989,77.563039
12.945871,77.56548
12.975347,77.565235
12.974955,77.576697
12.958159,77.593417
12.977118,77.617337
12.972588,77.529906
13.000593,77.54209
12.979087,77.652621
12.926867,77.590908
13.014579,77.640474
12.952883,77.563164
13.011399,77.614796
12.945695,77.558011
12.980984,77.551282
12.98239,77.610889
12.972116,77.586205
12.914553,77.578088
12.918378,77.561736
12.988579,77.650447
12.990514,77.579984
12.935928,77.58024
12.995718,77.638655
12.989799,77.565193
13.005249,77.570174
12.970555,77.593559
12.94924,77.596815
13.005618,77.541481
12.971957,77.562996
13.004387,77.548129
13.013697,77.560106
12.971052,77.58321
12.9846,77.582158
12.987474,77.600655
12.961074,77.556316
12.934123,77.556309
12.958906,77.641559
12.987801,77.581602
12.993963,77.652815
12.91589,77.60035
12.976298,77.548428
12.921761,77.580845
13.024741,77.567177
12.985807,77.554932
12.962349,77.552078
12.979328,77.580895
12.965581,77.574652
12.962224,77.641965
12.993286,77.636076
12.93727,77.636972
12.981816,77.633607
13.010016,77.598076
12.982699,77.564009
13.008666,77.549793
12.987709,77.596213
12.984958,77.54394
12.935942,77.574549
12.919406,77.587465
12.986865,77.571321
12.989252,77.647949
12.955692,77.591512
12.976907,77.58512
12.937745,77.597463
12.954092,77.571552
12.980726,77.574521
12.960995,77.637923
12.996533,77.635304
12.97672,77.653404
12.915637,77.59066
12.99243,77.576554
12.978779,77.61481
13.003566,77.571737
12.971633,77.593022
12.930074,77.628904
12.976596,77.641258
13.01855,77.561435
12.991474,77.557649
12.937724,77.604853
12.968032,77.579079
12.974169,77.587396
12.980793,77.584078
12.957431,77.587974
12.974048,77.576934
12.978801,77.565039
12.934646,77.618442
12.999935,77.554579
12.986314,77.650213
12.996522,77.598234
12.920586,77.570851
12.974998,77.564013
12.97015,77.573572
12.969559,77.565245
12.978551,77.643624
13.027465,77.587003
12.980362,77.574666
12.985824,77.601554
13.026121,77.578592
12.931667,77.595341
13.004782,77.567013
12.98753,77.584846
12.990058,77.584361
12.95754,77.58127
12.936984,77.541086
12.989285,77.635731
12.989398,77.57388
12.998218,77.563394
12.942621,77.652896
12.950696,77.56694
12.975472,77.554158
12.981418,77.644861
12.968919,77.570005
12.976573,77.578759
12.987911,77.554962
12.967195,77.583945
12.91663,77.609499
13.000432,77.665025
12.969246,77.577665
12.992844,77.587287
12.977716,77.648305
12.946434,77.589069
12.973011,77.649218
12.968176,77.668173
13.007051,77.595563
12.991867,77.582752
12.981327,77.583053
12.977012,77.58993
12.985278,77.591824
12.939806,77.561347
12.976873,77.635144
12.915176,77.608938
13.005038,77.563636
12.924949,77.565312
12.963523,77.595831
12.999958,77.658908
13.000726,77.57814
12.971082,77.569389
12.970364,77.618208
12.978531,77.570586
12.985008,77.633381
12.974003,77.619816
13.00375,77.569838
12.977394,77.58874
12.976461,77.649691
13.001084,77.651503
12.917077,77.564246
12.930773,77.529501
12.96817,77.563395
12.968494,77.584777
12.974863,77.580962
12.982131,77.573928
12.992613,77.552109
12.971523,77.563899
12.983679,77.580381
12.937483,77.55398
12.980232,77.630426
13.011211,77.594217
12.944065,77.583361
12.97524,77.565912
12.962794,77.644267
12.974457,77.652317
12.920391,77.621828
12.988618,77.556949
12.959485,77.668339
12.991453,77.591023
12.946642,77.572089
12.923015,77.575032
12.984341,77.578552
12.982524,77.583137
12.981172,77.551994
12.973792,77.57984
12.964498,77.582667
12.983462,77.599553
12.995733,77.63072
13.001665,77.561619
12.970006,77.590528
12.976116,77.587932
12.96197,77.61175
12.959429,77.56996
13.028498,77.58047
12.986832,77.575633
12.986166,77.660783
12.991274,77.639852
12.95248,77.610967
12.942307,77.607018
12.926235,77.581173
12.977634,77.564741
12.99949,77.552183
12.980642,77.659927
12.9627,77.582685
12.994552,77.573452
12.964982,77.569236
12.963202,77.640238
12.964372,77.554733
12.932859,77.549438
12.930855,77.584682
12.965959,77.613066
12.976767,77.568365
12.936838,77.586433
12.984325,77.579368
12.970235,77.562086
13.0055,77.568487
12.977755,77.555382
12.958188,77.573001
13.002608,77.544389
13.003533,77.654611
12.968724,77.589804
12.927736,77.569574
13.003796,77.583513
12.93382,77.624989
13.007806,77.580172
13.015759,77.581741
13.009786,77.580659
13.003811,77.647554
13.014756,77.575795
12.977136,77.560565
12.999128,77.583164
12.998991,77.569304
12.997944,77.623347
12.959047,77.571624
12.973972,77.576561
12.959257,77.643589
12.988856,77.569023
12.998276,77.576436
12.986719,77.642066
12.970003,77.639738
12.990919,77.63667
12.938019,77.561825
12.952327,77.57073
12.919812,77.584201
12.999579,77.574791
12.996033,77.566074
12.934653,77.591953
12.990272,77.579663
13.024322,77.536895
12.965875,77.576833
12.983906,77.55949
12.976918,77.568447
12.984194,77.586985
13.001182,77.631353
13.002427,77.571992
12.9951,77.576839
12.959523,77.592344
12.97013,77.589821
12.93316,77.588145
12.917404,77.580726
12.941121,77.563096
12.97527,77.571058
12.963671,77.566816
12.998741,77.58322
12.970278,77.56478
13.010417,77.555256
13.010419,77.641927
12.998314,77.55289
12.959753,77.609886
12.918591,77.560028
12.959025,77.560534
12.986996,77.575473
12.996401,77.562719
12.916889,77.586787
12.923581,77.60797
12.981533,77.599638
12.973188,77.563563
12.941397,77.596963
12.976615,77.559472
12.980367,77.58676
12.999978,77.575975
12.979674,77.595513
12.956909,77.639341
12.918687,77.547852
12.938273,77.549357
12.917545,77.582894
12.960966,77.633202
12.977591,77.567865
12.968805,77.559427
12.984467,77.570997
12.972183,77.565448
12.985519,77.576006
13.000757,77.573644
12.971952,77.57016
13.000207,77.569346
12.960063,77.577783
12.97305,77.570797
12.963394,77.627561
13.005446,77.577188
12.944813,77.566685
12.957853,77.561262
12.968649,77.635816
12.990128,77.563325
12.950459,77.563252
12.991112,77.627084
12.969608,77.588883
12.996288,77.650591
12.989956,77.566418
12.920679,77.57237
12.943142,77.538336
12.962886,77.589261
12.927453,77.580096
12.9216,77.582015
12.924423,77.58263
13.009988,77.562267
12.993305,77.658977
13.009129,77.576243
12.966639,77.578972
12.980818,77.646065
12.930373,77.559195
12.998119,77.572373
13.024581,77.576297
12.969592,77.627837
13.011317,77.600678
12.993411,77.551309
13.011581,77.608135
12.977523,77.554364
12.996688,77.581837
12.969267,77.555671
12.929792,77.585516
12.972984,77.628016
13.009811,77.587955
13.002292,77.535812
12.97247,77.591536
12.946695,77.571085
12.979851,77.57459
12.976818,77.563269
12.995145,77.570762
12.941289,77.579807
12.944955,77.601753
12.978577,77.587758
12.978848,77.626456
13.000457,77.575359
12.96821,77.642199
12.986542,77.574025
12.960943,77.644042
12.960015,77.631486
12.977177,77.585981
12.957801,77.590291
12.965068,77.594118
12.983345,77.575677
12.990414,77.567907
12.977578,77.581422
12.929448,77.593239
12.93175,77.56374
12.976458,77.563807
13.006374,77.566662
12.992543,77.648262
13.001487,77.555569
12.982803,77.585864
12.97859,77.574905
12.938901,77.564674
12.991326,77.610468
13.01103,77.564481
12.932184,77.575753
12.948549,77.590598
13.01785,77.584407
12.988088,77.62865
12.992213,77.601961
12.985308,77.566261
12.96646,77.647789
12.952492,77.561591
12.976539,77.619347
12.957659,77.563958
13.005565,77.576674
12.961625,77.568383
12.949897,77.544698
12.943357,77.577455
12.98183,77.577521
13.00792,77.55658
12.936786,77.538805
12.957978,77.584499
12.914287,77.573598
13.002393,77.587489
12.987182,77.569972
12.978342,77.574346
12.931862,77.602724
12.986279,77.603765
12.977945,77.544857
12.977591,77.657971
12.966477,77.595862
12.949758,77.551046
12.962513,77.582814
12.996322,77.571134
12.967318,77.559062
12.997524,77.56271
12.983402,77.558914
12.988641,77.578085
12.986328,77.574458
12.979148,77.577267
12.973235,77.61999
12.98706,77.631029
13.013708,77.574195
12.96978,77.568121
12.957253,77.616257
12.972645,77.570665
12.974197,77.615975
12.943187,77.554478
12.97089,77.558365
12.980142,77.589201
12.975594,77.640397
12.949536,77.583646
12.972331,77.647206
12.988575,77.666088
12.977564,77.650758
12.976703,77.583524
12.926312,77.58799
12.960834,77.592291
12.964923,77.559631
12.98505,77.570757
12.987553,77.661173
12.92702,77.602491
12.961997,77.590161
13.012793,77.585465
12.931768,77.566933
12.913906,77.576798
13.003935,77.638095
12.924008,77.594115
12.988435,77.596544
12.970094,77.551565
12.987635,77.573284
12.96884,77.586724
12.964546,77.575128
13.008315,77.578699
12.969271,77.568793
12.977032,77.581591
13.007516,77.571333
12.972178,77.571242
12.980755,77.581909
12.95065,77.653129
13.014598,77.58188
12.985234,77.658095
12.991562,77.667856
12.982225,77.64184
13.024272,77.5698
12.939401,77.610531
12.95724,77.594482
12.932748,77.553497
12.971285,77.572003
12.976679,77.590261
12.981774,77.564905
12.927754,77.60873
12.987528,77.63328
12.926738,77.603719
12.917222,77.575131
12.936807,77.599443
12.973797,77.58419
12.947748,77.657559
12.959111,77.595154
12.970852,77.596952
12.986824,77.574636
12.994341,77.558003
12.920871,77.547197
13.017073,77.599251
12.992771,77.578865
12.99223,77.54566
12.922954,77.603638
12.979474,77.549617
12.992644,77.566687
12.954934,77.558814
12.923742,77.624384
12.990392,77.578187
13.013932,77.570917
12.989319,77.547525
12.983645,77.580704
12.96643,77.595262
12.978388,77.637857
13.005643,77.556527
12.999809,77.600212
12.972724,77.553833
12.960145,77.584733
12.996164,77.642531
12.995051,77.589139
13.001284,77.634736
12.984891,77.56498
12.997898,77.555739
12.965032,77.577877
12.975105,77.597923
12.982588,77.57312
12.990643,77.572316
12.978511,77.635377
13.016441,77.577236
12.965306,77.587323
12.956206,77.564663
12.994909,77.561486
12.981328,77.620938
12.992232,77.575541
12.998944,77.63294
12.980834,77.573836
12.997366,77.586854
13.001408,77.546582
13.004068,77.560197
13.000256,77.554376
12.974389,77.627408
12.993005,77.574161
12.993539,77.640449
12.934741,77.616127
12.921165,77.573132
12.963949,77.565145
12.981683,77.639954
12.960945,77.551329
12.928482,77.549804
12.989768,77.586074
12.969047,77.568116
12.970662,77.581828
12.983751,77.65631
12.973261,77.581737
12.986346,77.648314
12.969308,77.597353
12.985736,77.630567
12.981121,77.544
13.005865,77.54842
12.964001,77.632517
13.006939,77.569348
12.99084,77.562865
12.970637,77.595553
12.954534,77.592416
12.9823,77.660005
12.934393,77.603021
12.920451,77.58719
12.979499,77.573421
12.989671,77.526701
12.951003,77.56591
12.942389,77.667473
12.990616,77.612817
12.980166,77.592654
13.000946,77.562721
12.98541,77.604838
12.978999,77.54664
12.978072,77.570591
12.964954,77.572439
12.991102,77.564089
12.984163,77.542157
12.945078,77.5871
12.928772,77.600893
12.991779,77.582136
13.030015,77.571266
12.999527,77.646698
13.000284,77.585669
13.011085,77.574377
12.981424,77.646
12.936336,77.611628
12.999253,77.626106
12.939923,77.547194
12.983795,77.587285
12.927225,77.54326
12.98312,77.568285
12.935407,77.582309
12.992532,77.577762
12.969663,77.659678
12.978441,77.658298
12.9579,77.620801
12.995973,77.576021
12.98492,77.554203
12.967044,77.587945
12.980294,77.631815
12.926152,77.566435
12.941728,77.563922
12.991542,77.578114
12.980735,77.569843
12.996077,77.586803
12.978987,77.562628
12.998454,77.545699
12.975183,77.584808
12.992771,77.578865
13.002864,77.573998
12.98912,77.636554
13.005673,77.589413
12.97841,77.572182
12.965359,77.57121
12.931948,77.570293
12.983046,77.658346
12.976187,77.578647
12.978627,77.558642
12.974597,77.594587
12.949062,77.668722
12.987039,77.605835
12.955066,77.569765
12.944525,77.583021
12.988177,77.537064
12.956405,77.600507
12.942408,77.583598
13.000483,77.639097
12.936309,77.573966
12.978113,77.558426
12.910636,77.592141
13.00985,77.557959
12.985161,77.591835
12.991818,77.559218
12.973016,77.606175
12.976838,77.562484
12.994309,77.589721
13.010621,77.594962
12.985907,77.574299
12.988651,77.618609
12.937301,77.575415
12.955807,77.55985
12.977177,77.551508
12.911628,77.594597
12.95178,77.579206
12.989736,77.547189
12.984775,77.650042
12.997923,77.5975
12.978894,77.566189
12.917371,77.586715
12.911546,77.592852
12.99516,77.604212
12.952239,77.558806
12.983352,77.568149
12.964346,77.631833
12.992687,77.595116
12.976195,77.572238
12.970175,77.65687
12.932003,77.58759
12.949139,77.563406
12.99116,77.632038
13.006646,77.583612
12.951054,77.559946
12.969278,77.595314
12.949405,77.581647
12.972096,77.5716
13.010763,77.551011
12.924986,77.613919
12.999959,77.626107
12.992483,77.55106
12.940093,77.589377
12.96236,77.594129
12.992593,77.55575
12.979146,77.55673
12.961171,77.551822
13.021288,77.583837
13.014814,77.650546
13.011193,77.586875
12.977512,77.640764
12.959101,77.568602
13.015284,77.535768
12.967208,77.576217
12.976338,77.5926
12.948844,77.583192
12.962974,77.602837
12.91151,77.528237
12.99168,77.662402
12.949793,77.575731
12.984038,77.668071
12.958338,77.626305
12.980412,77.650655
12.987865,77.575981
13.02196,77.573596
12.961861,77.538808
12.920668,77.603079
12.993561,77.547049
12.977878,77.575938
12.999206,77.595246
12.930662,77.595187
13.000126,77.552751
12.972242,77.644356
12.982858,77.589475
12.976467,77.581477
12.947885,77.562437
12.962341,77.588312
12.953492,77.596109
12.999993,77.651125
12.985963,77.583359
12.943181,77.591857
13.015874,77.567466
12.980736,77.583817
12.935136,77.569791
12.936269,77.625511
13.009224,77.551351
12.979276,77.659519
12.986489,77.56726
12.976222,77.656508
12.980191,77.567612
12.927836,77.588284
12.990093,77.5601
12.981861,77.566926
13.009022,77.583799
12.984625,77.598117
12.975849,77.584422
12.983551,77.650297
12.983652,77.649229
12.994861,77.560857
12.98395,77.568421
12.970561,77.581718
12.922726,77.558495
12.938847,77.549483
12.984203,77.628969
13.002068,77.570588
12.995836,77.583292
12.992488,77.617291
12.98197,77.631031
12.928801,77.582865
12.973867,77.571414
12.982654,77.567796
12.931522,77.618281
12.972071,77.539782
12.922804,77.559959
12.967389,77.59534
12.990564,77.624415
12.971508,77.626255
12.971969,77.55599
12.967592,77.554301
12.980096,77.567898
12.992917,77.587784
12.924864,77.567336
12.942353,77.557046
12.932377,77.570258
12.995385,77.593924
12.995149,77.561949
12.985119,77.601369
12.986842,77.568052
13.01802,77.567577
13.002094,77.567499
13.023606,77.566829
12.95813,77.563702
13.009182,77.558418
12.978234,77.637557
13.003019,77.584001
12.912403,77.593058
12.986706,77.651536
12.990941,77.648764
12.979262,77.571753
12.924162,77.602354
12.986472,77.573871
13.021209,77.548053
13.004411,77.570028
12.979063,77.647278
12.981609,77.562178
12.999626,77.573342
12.957722,77.550945
12.914217,77.583038
12.987318,77.640105
12.999866,77.657742
12.934625,77.578131
13.00965,77.599754
12.976643,77.5624
12.994177,77.602145
12.957692,77.591518
12.993395,77.640833
12.980358,77.643514
12.965241,77.632352
12.972526,77.545889
12.941262,77.588458
12.958087,77.57028
12.980993,77.592772
12.913981,77.610576
12.975137,77.621924
13.003469,77.566284
12.990171,77.574639
12.997295,77.637508
13.019292,77.565034
12.994452,77.61945
12.977455,77.562614
12.966472,77.56479
12.958224,77.54908
12.986245,77.598592
12.989051,77.571774
12.999994,77.57923
12.924892,77.603816
13.013534,77.574984
12.976948,77.661614
12.924663,77.551047
12.999193,77.60333
12.983402,77.591475
12.962496,77.562636
12.966274,77.582991
12.959336,77.583533
12.981575,77.583326
12.985179,77.57859
12.959012,77.579276
12.950051,77.598708
12.943077,77.577132
12.965208,77.570608
12.95804,77.580622
12.958283,77.653817
12.989831,77.579392
12.992304,77.634768
12.951733,77.592171
12.970044,77.682291
12.977935,77.580439
12.91039,77.578309
12.98728,77.59898
13.002741,77.575704
12.943987,77.596677
12.930999,77.595477
12.962006,77.619616
12.911767,77.570607
12.973482,77.574257
13.004486,77.569682
12.988799,77.569098
12.9204,77.551387
12.997338,77.626102
13.035257,77.5749
12.998937,77.587739
12.952919,77.560082
12.93954,77.612897
12.978294,77.572038
13.014208,77.549609
12.988182,77.586015
12.972345,77.656158
12.979514,77.567745
12.975189,77.546784
12.950698,77.551393
12.988996,77.576194
12.980802,77.572417
12.986012,77.585393
12.992531,77.569397
12.994339,77.579848
12.961147,77.560924
12.979891,77.552599
12.917743,77.566153
12.972038,77.674528
12.992845,77.586897
12.98169,77.577394
13.008172,77.542051
12.988316,77.667038
12.941695,77.607489
12.942509,77.605953
12.96384,77.564129
12.985766,77.574378
12.94872,77.603586
13.005129,77.567699
12.967686,77.601978
12.91481,77.590042
12.958047,77.586659
12.975825,77.573317
12.992806,77.558335
12.931245,77.578517
12.948426,77.576641
12.983108,77.588956
12.982207,77.638139
12.95455,77.585873
12.982927,77.56313
12.976436,77.579371
13.000677,77.654824
12.985608,77.637014
12.96321,77.575575
12.950071,77.572054
12.944278,77.596783
12.912874,77.588359
12.964782,77.651866
12.952854,77.555889
12.937691,77.591982
12.935008,77.556579
12.96385,77.576462
12.992461,77.543739
12.986814,77.606976
12.982865,77.621946
12.913182,77.550335
12.976967,77.57494
12.975778,77.628941
12.964513,77.631171
12.928198,77.558781
12.910519,77.560867
12.970326,77.584133
12.930541,77.570702
12.967206,77.566663
12.984976,77.636401
12.933412,77.595343
12.923894,77.577327
12.984515,77.593819
12.976875,77.681976
13.004736,77.556939
12.985756,77.566088
12.997877,77.543825
13.005803,77.652903
13.00041,77.646856
12.94915,77.630187
12.960909,77.580726
12.980021,77.559083
13.004378,77.545517
12.910691,77.550314
13.006452,77.557987
12.942999,77.570418
12.977234,77.580935
12.988553,77.566457
12.991653,77.637031
12.971018,77.649989
12.91548,77.626524
13.034197,77.586904
12.948218,77.631346
12.956929,77.637485
12.996461,77.548271
12.938629,77.60382
12.971169,77.646779
12.983037,77.574799
12.999425,77.669993
13.004786,77.570548
12.9941,77.545069
12.924549,77.594107
12.970807,77.640264
12.983812,77.644092
12.983013,77.621497
13.034716,77.543487
12.936353,77.637763
12.973046,77.579038
12.989319,77.627083
12.993688,77.655882
13.012571,77.564003
12.987732,77.641179
12.923282,77.560003
12.952509,77.579687
12.966375,77.658785
12.917714,77.561833
12.971385,77.594279
12.942373,77.587776
12.999696,77.576374
12.990075,77.630704
12.974304,77.65088
13.023819,77.569473
12.939627,77.623707
12.956325,77.631232
12.983207,77.647755
12.932263,77.57659
12.947973,77.566705
13.003542,77.641313
12.982015,77.579561
12.966216,77.581788
12.99497,77.578813
12.985231,77.623537
13.006565,77.571016
12.969518,77.645807
12.966895,77.5915
12.981392,77.569175
13.03037,77.563937
12.950787,77.578736
12.975352,77.63445
12.982906,77.584766
12.922833,77.56241
12.972959,77.593431
12.942698,77.578041
13.001537,77.587855
12.997896,77.547337
12.999514,77.586616
12.989401,77.651031
13.017578,77.575944
12.966466,77.598615
12.999865,77.595164
12.931375,77.611747
12.974948,77.574261
12.962957,77.560944
12.949042,77.637921
12.989427,77.575985
12.986718,77.571226
12.921468,77.583591
12.966994,77.627855
12.989951,77.62816
12.968188,77.56956
12.96646,77.647789
12.937278,77.591019
12.978373,77.584197
12.974343,77.567318
12.997973,77.637492
12.969217,77.618293
13.003892,77.584113
12.955338,77.641163
12.978226,77.570257
12.941789,77.665262
12.953513,77.567506
12.98523,77.64833
12.946792,77.599351
12.979674,77.585129
12.979992,77.556617
12.986571,77.573849
12.948252,77.55598
12.965343,77.619388
12.963001,77.634503
12.973019,77.568879
12.983691,77.674865
12.983111,77.649297
12.967872,77.627215
12.941796,77.565915
12.979501,77.643213
12.943077,77.577132
12.960181,77.629885
12.958821,77.571051
13.004753,77.573244
12.999029,77.552259
12.9414,77.575885
12.988541,77.548955
12.961022,77.570768
12.94469,77.567652
12.981702,77.653489
12.999674,77.557735
12.964125,77.56963
12.959377,77.604031
12.926397,77.552289
12.931878,77.578632
12.992026,77.611924
12.996129,77.558669
13.010236,77.587131
12.967975,77.635475
12.953957,77.565074
13.014784,77.566504
12.977496,77.548919
13.008183,77.558979
12.970258,77.560667
12.981735,77.649124
13.015556,77.570999
13.003353,77.567285
12.949821,77.611889
12.999158,77.575978
12.93856,77.578167
12.957733,77.549405
12.966191,77.596423
12.923419,77.613135
12.974563,77.629256
12.968295,77.60667
12.938192,77.560607
12.992488,77.644725
12.964882,77.63086
12.960909,77.625407
13.003292,77.584803
12.941284,77.570609
12.987246,77.577962
12.988979,77.593753
12.972368,77.567031
12.9782,77.569297
12.984962,77.572194
12.97275,77.554111
12.970017,77.593326
12.959191,77.561415
12.956034,77.600529
12.974607,77.572809
13.018384,77.566335
12.917808,77.601957
13.004183,77.556373
13.027921,77.546426
12.994259,77.56434
12.969581,77.621705
12.916314,77.565318
12.950275,77.581795
12.9684,77.550187
12.981963,77.589135
12.941986,77.568572
12.976449,77.63855
13.002382,77.562876
12.962598,77.540316
12.984202,77.558527
12.929456,77.578409
12.998497,77.618798
12.950121,77.56551
12.991622,77.63038
12.963066,77.625712
12.929536,77.5838
12.942237,77.551927
12.966457,77.656366
12.996375,77.583627
12.989121,77.571494
12.974874,77.551195
12.987206,77.657803
12.984471,77.564116
12.969382,77.591748
12.964479,77.574422
13.006089,77.563161
12.975374,77.579955
13.028643,77.544676
13.000094,77.60352
12.992018,77.581009
12.969107,77.592275
12.988109,77.58315
12.977549,77.574172
12.994762,77.562909
12.984247,77.569288
12.994556,77.582341
12.998948,77.562971
12.935275,77.637808
12.970646,77.593873
12.9653,77.577427
12.985504,77.635588
13.037609,77.5781
12.972412,77.641629
13.000184,77.573302
13.003924,77.565613
12.972819,77.558078
12.999542,77.588806
12.96708,77.581059
12.968008,77.587282
12.97322,77.646022
12.936516,77.612012
12.942202,77.598523
12.987387,77.655151
12.947045,77.573971
12.97337,77.634827
12.967367,77.564727
12.985396,77.577901
12.966413,77.572382
12.988434,77.586286
12.978719,77.556808
12.994508,77.596157
12.988763,77.573879
13.012864,77.577108
12.969104,77.646713
13.005614,77.569061
12.985421,77.541781
12.978263,77.570058
12.987868,77.614971
12.973732,77.62157
13.000994,77.576534
12.965662,77.563671
13.002536,77.579693
13.013819,77.558159
12.987748,77.565148
12.989955,77.651357
13.03213,77.5476
12.972556,77.565163
13.022164,77.578176
12.967389,77.619667
13.017878,77.52011
12.947685,77.591048
12.999917,77.58186
13.004842,77.582498
12.957781,77.582105
12.994531,77.588246
12.948746,77.595276
12.965461,77.646795
12.964874,77.641086
12.976841,77.569886
12.962521,77.560813
12.972116,77.624154
12.930874,77.550184
12.976486,77.573007
12.961342,77.645488
12.985123,77.588862
12.965966,77.581873
12.980092,77.647555
12.980823,77.583753
12.977714,77.555034
12.974594,77.581295
12.925635,77.572932
12.96401,77.645721
12.993125,77.588308
12.98327,77.639528
12.93308,77.566799
12.961458,77.641708
12.980678,77.584036
12.962877,77.582816
12.982131,77.573928
12.97749,77.582974
12.950348,77.572917
12.978371,77.5784
12.980516,77.578627
12.966472,77.588151
12.988788,77.589175
12.968143,77.56221
12.986175,77.557448
12.996709,77.568747
12.910137,77.631621
12.980262,77.558818
12.955434,77.581527
13.022643,77.599688
12.987485,77.558204
13.013383,77.578556
12.921063,77.608065
12.926721,77.640508
12.960404,77.550453
12.914554,77.585071
12.952911,77.59041
12.991302,77.589491
13.006135,77.550805
12.993484,77.588363
12.949059,77.591575
12.979855,77.568081
12.970829,77.647047
12.970922,77.57738
12.97053,77.583764
12.968419,77.635593
13.021638,77.581832
12.990873,77.560948
12.977255,77.57502
12.980352,77.578426
12.974548,77.558925
12.948696,77.59989
12.969905,77.686081
12.965781,77.572239
12.976131,77.631948
12.935131,77.571929
12.95022,77.647953
12.988328,77.652969
12.959078,77.622301
12.92845,77.557621
12.934332,77.594531
12.985072,77.578058
13.003397,77.586682
12.973788,77.574283
12.948967,77.561125
12.992831,77.572382
12.97612,77.547676
12.983414,77.571255
12.981291,77.57531
12.999901,77.565368
12.997221,77.643761
12.971672,77.651506
12.983129,77.561697
12.956816,77.590461
12.959083,77.561929
12.993025,77.559773
12.961915,77.548322
12.91295,77.616765
12.981871,77.638505
13.003933,77.577809
12.982343,77.578839
12.978487,77.594469
12.98096,77.554041
12.980871,77.661919
12.943475,77.573446
12.969274,77.574781
12.985259,77.637027
12.97343,77.584406
12.980755,77.581909
12.950727,77.586221
12.953861,77.607161
12.974358,77.64902
12.954793,77.651225
12.984693,77.568326
12.958688,77.648514
12.956146,77.600498
12.998141,77.644707
12.965469,77.565321
12.958256,77.588135
13.012621,77.562057
12.979152,77.574812
12.989526,77.576973
12.932861,77.560329
12.97417,77.583877
12.999534,77.563807
12.962376,77.636408
12.974826,77.624203
12.977526,77.567992
12.997168,77.596888
12.953681,77.59623
12.97963,77.560205
12.976772,77.592768
12.946813,77.552934
12.986964,77.564913
12.94686,77.666567
12.967847,77.57334
13.002048,77.569289
12.966155,77.582366
13.014497,77.573897
12.974335,77.58455
12.980649,77.646681
12.948693,77.566252
12.929047,77.556641
12.946282,77.600911
12.98412,77.550647
12.910094,77.565574
12.960966,77.633202
12.991268,77.632933
12.923956,77.584837
12.941458,77.584197
12.961583,77.644619
12.992101,77.610294
12.967904,77.580083
12.980796,77.645106
12.949369,77.605626
13.005349,77.637432
12.979069,77.632288
12.956068,77.597728
12.966121,77.566852
12.97377,77.576277
12.938667,77.594629
12.942992,77.608596
12.975709,77.585847
13.00772,77.570827
12.981244,77.571741
12.982214,77.59063
12.990421,77.582544
12.976042,77.567574
12.972571,77.644036
12.979282,77.637068
12.928982,77.596082
12.940641,77.566951
12.940095,77.543395
12.970714,77.568681
12.970538,77.649602
12.9679,77.582511
13.010801,77.53401
12.98203,77.558861
12.991188,77.641309
12.946832,77.597697
12.952303,77.584816
12.99021,77.62874
12.997179,77.568044
12.925435,77.585754
13.008931,77.553391
13.013672,77.554453
12.97887,77.58129
12.931715,77.543296
12.923543,77.576239
12.928028,77.605554
12.968329,77.660492
13.01324,77.562069
13.016165,77.570615
13.026606,77.575271
12.981314,77.648801
12.986759,77.560988
12.954577,77.569335
12.984667,77.661432
12.947648,77.575222
13.002123,77.592678
13.015377,77.58151
12.965326,77.577079
12.956141,77.554492
12.956836,77.601212
12.977596,77.597213
12.969654,77.646108
12.9679,77.539713
12.943181,77.633108
12.93486,77.54969
12.954635,77.568277
12.999928,77.569944
12.984755,77.566615
12.933645,77.552507
12.980295,77.601175
12.968413,77.584607
12.967397,77.580432
12.94396,77.592327
12.967603,77.554216
12.977716,77.635631
12.964019,77.583522
12.999742,77.577901
12.947899,77.552455
12.930144,77.549938
13.013376,77.574085
12.941694,77.609429
12.954602,77.591148
12.961013,77.645392
12.927005,77.564239
13.001117,77.658274
12.98238,77.582849
12.971777,77.652952
12.973273,77.552838
12.962963,77.582685
13.007141,77.604
12.957596,77.661267
12.961387,77.562726
12.932696,77.583033
12.964807,77.573122
12.921696,77.582016
12.987344,77.626489
12.978113,77.558426
12.997478,77.570383
12.974787,77.582222
12.964681,77.588252
12.9618,77.5656
12.998194,77.561381
12.923757,77.626115
12.926632,77.548858
12.923642,77.563854
12.968877,77.568512
12.991945,77.581802
12.929714,77.522147
12.968475,77.573115
12.982951,77.567167
12.962845,77.613829
12.969288,77.563658
12.977733,77.553501
12.946137,77.584363
12.986246,77.595431
12.952189,77.556031
12.998836,77.567636
12.983219,77.627351
12.952851,77.585483
13.011212,77.570852
12.926299,77.571241
12.915997,77.577926
12.972589,77.622282
12.970594,77.558075
12.987362,77.663239
12.947544,77.569762
12.971098,77.570556
12.921511,77.590663
13.007685,77.569159
12.947665,77.582728
12.983887,77.625787
12.970196,77.635512
12.958003,77.585253
12.983327,77.606924
12.990753,77.617427
12.981762,77.564458
12.956664,77.569893
12.973515,77.625652
12.950374,77.662636
12.918962,77.561198
12.94943,77.585614
13.001038,77.591391
12.937406,77.577417
12.965071,77.589797
13.020685,77.591497
12.9725,77.55668
13.007769,77.573528
12.963091,77.581454
12.978286,77.566768
12.924089,77.596064
13.000037,77.574171
12.96122,77.619456
12.916952,77.586521
12.92987,77.583848
12.999209,77.577779
12.945228,77.58085
12.966444,77.553571
12.992313,77.630906
12.988096,77.669165
12.98919,77.558153
12.960222,77.612785
12.944,77.542335
12.97515,77.554662
12.99327,77.569217
12.978975,77.638229
12.976834,77.59512
12.984607,77.594828
12.99259,77.57913
12.980752,77.64981
13.003038,77.660298
13.022768,77.594071
12.955491,77.553402
12.918205,77.580329
12.945427,77.577366
12.988227,77.557394
13.017889,77.655566
12.964014,77.629688
12.963896,77.644442
12.972071,77.645116
12.997527,77.625803
12.996427,77.567102
12.962628,77.607575
12.968611,77.558695
12.918242,77.548388
13.004651,77.597446
12.930712,77.575827
12.95612,77.617743
12.947138,77.595713
13.01852,77.572853
12.951799,77.586901
12.98013,77.562658
12.933111,77.579501
13.002388,77.571003
12.993759,77.558051
12.98864,77.569571
12.940378,77.592994
12.971659,77.654441
12.97,77.555086
12.983722,77.575951
12.923786,77.562832
12.948722,77.546401
13.018837,77.570313
12.984428,77.553079
12.965099,77.634399
12.979703,77.582867
12.967002,77.589377
12.988061,77.579931
12.976792,77.580698
13.013655,77.56402
12.952201,77.575969
12.9725,77.654196
12.94689,77.57991
12.925188,77.569199
13.021488,77.581312
12.958794,77.578036
12.965296,77.582264
12.967306,77.653736
12.960995,77.565362
12.967088,77.615038
12.996854,77.565601
12.934705,77.561364
12.92381,77.5573
12.936996,77.56775
12.995458,77.572819
12.947838,77.602176
12.978531,77.570586
12.963689,77.624906
13.002647,77.562999
12.929888,77.553849
13.003773,77.593129
12.950731,77.565741
12.941635,77.579077
12.984994,77.646015
12.922267,77.567771
12.911849,77.628707
12.987068,77.577588
12.978218,77.65564
12.936835,77.58122
12.937842,77.558785
12.9886,77.631323
13.001734,77.56956
12.987324,77.587189
12.939925,77.56844
13.000476,77.555813
12.975238,77.568988
12.938283,77.59894
13.015784,77.581714
12.942427,77.589706
12.973128,77.546481
12.951813,77.560293
12.97311,77.580563
12.999281,77.568308
13.020659,77.572931
12.953124,77.573059
12.945693,77.603213
12.970295,77.592627
12.996294,77.607769
12.945029,77.599783
12.981165,77.642416
12.946254,77.5799
12.993544,77.570215
12.967157,77.56112
12.914582,77.550891
13.013611,77.589349
12.917078,77.580862
12.931338,77.601478
12.964581,77.594137
12.992218,77.644983
13.0054,77.577863
12.973822,77.573147
12.976596,77.599614
12.96843,77.553085
12.987093,77.567174
12.959101,77.568602
13.008278,77.639677
12.973949,77.566419
12.943463,77.586544
12.958775,77.576733
12.96831,77.570299
12.970957,77.64707
12.91045,77.590751
12.968451,77.592785
12.981781,77.652231
12.965173,77.669365
12.921898,77.559859
12.990735,77.566158
12.973941,77.651433
12.982871,77.649674
12.967874,77.643615
12.974263,77.579732
12.999334,77.651852
12.985679,77.605773
12.979816,77.559182
12.992293,77.622069
12.988706,77.625365
12.965222,77.615999
12.946676,77.631889
12.994072,77.621111
12.996716,77.608721
12.965978,77.631803
12.981125,77.583304
12.967568,77.588984
12.999574,77.631684
12.911704,77.579337
12.961421,77.573447
12.974613,77.585884
12.992771,77.578865
12.976292,77.580903
13.020005,77.580668
12.962177,77.601396
12.918579,77.559169
12.987144,77.559958
13.002697,77.577643
13.016394,77.558631
12.957175,77.577068
12.986853,77.574813
12.928411,77.599914
12.961414,77.627513
12.977215,77.644898
12.968836,77.647127
13.003844,77.545114
13.030208,77.572175
12.975858,77.57439
12.986979,77.584779
12.982651,77.658284
12.953724,77.56242
12.930467,77.577588
12.994592,77.574888
12.947673,77.580707
12.995386,77.559279
12.922825,77.581371
13.002929,77.574245
12.966929,77.571495
12.975667,77.555191
12.993107,77.562865
12.956867,77.575992
12.93782,77.571086
13.039175,77.568892
12.978394,77.635407
12.971489,77.639105
12.992511,77.582479
12.957208,77.544189
12.973978,77.574086
13.014897,77.563894
12.956275,77.558738
12.985461,77.668689
12.976692,77.561879
12.97658,77.570945
12.959222,77.581876
12.968527,77.567639
13.002656,77.598142
12.990486,77.5837
12.967591,77.574191
13.003624,77.567261
13.003029,77.587745
12.976727,77.554828
12.936284,77.612086
12.994235,77.653784
12.979023,77.552306
12.961655,77.56691
13.011368,77.593324
12.956915,77.656364
12.965786,77.588713
12.975652,77.613212
13.023023,77.572866
12.974062,77.58778
12.983942,77.579434
12.975788,77.640207
12.957431,77.585627
12.992328,77.610817
12.975486,77.595726
12.980156,77.591485
12.972258,77.63405
12.977638,77.652291
13.0058,77.619348
12.982815,77.588981
12.978838,77.578949
12.967513,77.572018
12.982878,77.651216
12.962818,77.646705
12.94063,77.566354
12.962767,77.653893
12.9684,77.550187
12.985955,77.551014
13.004818,77.547294
12.98923,77.624614
13.008601,77.632463
13.009978,77.644527
12.978731,77.594482
12.996208,77.667234
12.949197,77.574331
12.986348,77.567827
12.918059,77.587523
12.95081,77.574448
12.98325,77.648606
12.988401,77.581919
12.974795,77.562229
12.994127,77.572112
12.989919,77.642728
12.976233,77.58586
12.996728,77.571714
13.00878,77.587932
12.952179,77.658788
12.980836,77.557638
12.978864,77.544499
12.991786,77.571625
12.98629,77.608142
12.962963,77.582685
12.922871,77.581621
12.973684,77.632159
12.972621,77.562823
12.957649,77.559786
12.987131,77.656121
12.956051,77.625987
12.919681,77.586836
12.980066,77.565815
12.922658,77.579212
13.011712,77.550587
12.974429,77.639626
13.000751,77.565335
12.94538,77.585782
12.971072,77.582762
13.008901,77.574889
12.988783,77.645726
13.01735,77.569239
12.944954,77.609341
12.956738,77.564182
12.976856,77.636484
12.964651,77.613356
12.981924,77.652356
12.996863,77.589956
12.969305,77.597415
12.950842,77.590202
12.997459,77.570814
12.99051,77.595802
12.991819,77.588666
13.001945,77.568874
12.966663,77.640018
12.937665,77.566968
12.976063,77.558801
12.987326,77.587552
12.991721,77.564363
12.993449,77.640243
12.978875,77.58254
13.009238,77.572143
12.98573,77.61774
12.921097,77.5437
12.972118,77.598943
12.980242,77.580317
12.974931,77.608722
12.979854,77.650881
12.942007,77.578107
12.989145,77.615902
12.926945,77.562022
12.98505,77.570757
12.933508,77.591477
12.974937,77.582661
12.956749,77.641067
13.004276,77.576302
12.976161,77.548003
12.979611,77.565067
12.97954,77.556986
12.939254,77.601888
12.955113,77.588451
12.966856,77.571113
12.958878,77.552109
13.005255,77.570668
12.970252,77.604709
12.957376,77.551755
13.007094,77.591802
12.974815,77.553932
12.971445,77.589906
12.978002,77.584321
12.935624,77.561866
12.95864,77.554806
12.944303,77.541987
12.967358,77.641539
12.96549,77.647933
12.985141,77.594326
12.974819,77.657075
12.996951,77.554321
12.917744,77.606159
12.980256,77.560565
13.032164,77.573194
12.966218,77.557188
12.980296,77.656042
12.969036,77.58632
12.916284,77.548491
12.91,77.633785
12.997957,77.577192
12.981969,77.573658
12.955077,77.562796
12.934728,77.567426
12.95745,77.586054
12.955955,77.597728
12.987852,77.56044
12.977223,77.575976
12.979453,77.567509
13.001185,77.582635
12.99414,77.54339
12.919376,77.555267
12.976039,77.581662
12.947674,77.622719
12.971964,77.596058
13.029095,77.575708
12.97765,77.567067
12.986083,77.559854
12.977687,77.561159
12.938576,77.568816
13.003985,77.667222
12.959256,77.579332
12.996819,77.625051
13.017536,77.555853
12.986459,77.596164
12.989217,77.551272
13.018075,77.543242
12.962194,77.596934
12.942652,77.554513
12.969522,77.562671
12.927334,77.544365
12.952265,77.66471
12.996204,77.551369
12.982916,77.587605
12.944332,77.640564
13.004789,77.629888
12.954103,77.607068
12.945411,77.654887
13.024032,77.57227
12.9262,77.556506
12.963065,77.665505
12.939433,77.547821
12.991657,77.548962
12.983974,77.577541
12.981796,77.671356
12.979546,77.580567
12.980306,77.643542
12.936488,77.588202
12.989332,77.591413
12.970454,77.567216
12.954256,77.627471
12.979915,77.545757
13.00329,77.566439
12.956138,77.572583
12.97832,77.563819
12.98958,77.596582
12.989061,77.584956
12.979269,77.645186
13.036026,77.583113
12.953725,77.610741
12.983566,77.588395
12.94708,77.610969
12.930371,77.573753
13.019821,77.577719
12.995611,77.568363
12.962185,77.544867
12.983701,77.588214
12.95279,77.650862
12.956225,77.628661
12.971967,77.588266
12.920508,77.571464
12.975312,77.657287
12.980902,77.591386
12.97186,77.65598
12.958153,77.570676
12.966683,77.601253
12.974479,77.555699
12.968953,77.569074
13.013139,77.567242
12.922805,77.585133
12.949437,77.609763
12.9696,77.669952
12.968776,77.578704
12.936924,77.601971
12.968401,77.576416
12.980932,77.573708
12.91768,77.577975
12.961082,77.611286
12.98349,77.559526
12.917605,77.577246
12.965795,77.581403
12.960467,77.565342
12.912984,77.568772
12.996456,77.635706
12.969458,77.615843
12.987565,77.571038
12.977064,77.625956
13.000098,77.571751
12.947506,77.639976
12.976289,77.661846
12.967642,77.659277
12.993049,77.603691
12.9856,77.58166
12.984199,77.562384
12.988316,77.667038
12.954898,77.562824
12.963672,77.563026
12.96055,77.64621
12.988743,77.632178
12.982131,77.573661
12.969942,77.583389
12.974249,77.62338
12.957595,77.59138
12.953826,77.581939
12.924394,77.62448
12.975739,77.60898
12.97677,77.610757
12.99272,77.668046
13.008957,77.574822
12.959638,77.670531
12.981047,77.633623
12.947443,77.589039
12.972498,77.57915
12.979828,77.585477
12.98047,77.563688
12.98539,77.637207
12.943619,77.56549
12.984678,77.583764
12.985568,77.641133
13.003625,77.564694
12.979909,77.625955
12.928617,77.576071
12.963766,77.60564
12.932319,77.584802
12.949246,77.594904
12.952305,77.574907
12.912315,77.564824
12.997359,77.593941
12.990456,77.627879
13.002329,77.568926
12.977856,77.644699
12.92496,77.579098
12.936968,77.594992
12.957569,77.595719
12.968673,77.645943
12.989907,77.545771
13.030577,77.556263
12.920734,77.584143
12.994373,77.562702
12.963218,77.569193
12.972236,77.555261
12.931282,77.536654
12.962852,77.585905
12.996754,77.567029
12.973551,77.64525
12.955468,77.570348
12.98552,77.567678
12.942607,77.607691
12.926047,77.578115
12.988606,77.573194
12.98436,77.57317
12.985705,77.569236
12.971299,77.643008
12.941848,77.581758
12.927876,77.57054
12.934625,77.578131
12.963416,77.577876
12.986836,77.586074
12.94788,77.559895
12.979891,77.552599
12.954167,77.623699
12.981014,77.634416
12.91276,77.58477
12.960185,77.571486
12.97015,77.573572
12.975059,77.577938
12.987629,77.569921
13.002937,77.567856
12.967283,77.579813
12.982842,77.565238
12.978408,77.573523
12.971119,77.5858
12.938529,77.587158
12.958889,77.526024
12.997852,77.574987
12.927094,77.627334
12.968452,77.56509
12.955176,77.648308
12.948353,77.592818
12.941328,77.603045
12.983869,77.538617
12.964448,77.572366
12.924377,77.621238
12.953288,77.602104
12.972752,77.569292
12.928736,77.574623
12.976596,77.594885
12.914842,77.585174
13.01052,77.55066
12.996246,77.5526
12.979981,77.605453
12.970118,77.596661
12.952488,77.561697
12.915707,77.604713
12.959305,77.640113
12.970871,77.636866
12.976046,77.579236
12.974698,77.630603
12.983244,77.614272
12.956899,77.582678
12.984193,77.566297
12.964242,77.573843
13.002286,77.584048
12.943278,77.613005
12.971071,77.621903
12.987919,77.581208
12.945979,77.559954
12.977934,77.585808
12.982086,77.631378
12.926089,77.586001
12.997176,77.596204
12.993648,77.57862
12.997845,77.547591
12.988106,77.616061
13.003928,77.547407
12.986574,77.656112
13.013647,77.550148
12.966972,77.680002
12.970145,77.570015
12.919866,77.592877
12.968842,77.599195
12.914201,77.528273
13.014353,77.640177
12.969663,77.659678
12.98372,77.581138
12.96936,77.634653
12.954673,77.57041
12.988514,77.582174
12.959551,77.591932
12.971676,77.598482
12.922229,77.600611
12.948366,77.551266
12.983816,77.628014
12.977585,77.547791
12.939349,77.565653
12.952566,77.548809
13.004692,77.546659
12.97631,77.584131
12.968544,77.61293
13.005213,77.63039
12.977331,77.580671
12.959641,77.581444
12.971998,77.64636
12.951796,77.588964
13.029269,77.561879
12.972959,77.593431
12.985359,77.576588
12.985568,77.654074
12.977412,77.591634
12.960644,77.573536
12.989942,77.564899
13.011172,77.566996
12.960372,77.641514
12.954793,77.651225
12.945334,77.588079
12.914897,77.602036
12.976229,77.63632
12.94841,77.60582
12.932819,77.566288
13.000012,77.637253
12.966594,77.673835
13.015556,77.570999
12.964877,77.568236
13.00022,77.547935
12.979,77.581631
12.993712,77.563801
12.921176,77.583194
12.980804,77.66229
12.931509,77.581552
12.970917,77.574733
12.974712,77.599595
12.977875,77.634355
12.986211,77.583716
12.946641,77.583699
12.926719,77.54686
12.912202,77.575496
12.971235,77.598074
13.017057,77.557438
13.022862,77.583546
12.93204,77.545367
12.979972,77.566049
12.984247,77.575691
12.99575,77.657841
12.988358,77.638617
12.979718,77.639356
12.983288,77.582181
12.943276,77.60192
12.970414,77.639318
12.972666,77.557958
12.994832,77.637985
12.960797,77.652381
12.972719,77.662029
12.960483,77.541932
12.991035,77.58881
12.934405,77.572505
12.978133,77.638229
12.921556,77.550195
12.963006,77.589071
12.960748,77.660389
12.958225,77.579249
12.998261,77.575892
12.990466,77.572799
12.939925,77.56844
12.972495,77.59964
12.962721,77.604829
12.990515,77.584366
12.98753,77.584846
12.998105,77.580523
12.961356,77.597518
12.911767,77.570607
12.985601,77.552312
12.953391,77.578009
12.980814,77.569054
12.972426,77.641802
12.984243,77.567538
12.96827,77.598626
13.025632,77.566053
13.010785,77.586082
12.911565,77.524695
12.980136,77.587466
12.962451,77.576551
13.020599,77.578919
12.984162,77.604666
12.919692,77.577357
12.988132,77.642459
12.955493,77.601506
12.985108,77.666237
12.969482,77.59999
12.944435,77.552304
12.985295,77.564681
12.977255,77.65567
13.001471,77.572426
12.997471,77.562159
12.959403,77.629281
12.939355,77.593293
12.921395,77.603562
12.991586,77.549985
12.999944,77.580584
12.997555,77.558175
12.967404,77.551174
12.953161,77.562098
12.935834,77.570787
12.979073,77.65205
12.962296,77.571032
12.964726,77.632922
12.973301,77.638729
13.003147,77.629212
12.959028,77.665682
12.923876,77.568616
12.986028,77.578916
12.950965,77.588572
12.995938,77.634385
12.935688,77.59185
12.9262,77.568509
12.951578,77.574874
12.955525,77.571015
12.969152,77.637869
12.998743,77.55686
12.983454,77.58667
12.980302,77.644022
12.942155,77.576784
12.99735,77.573881
12.920464,77.615842
12.97572,77.644238
12.999279,77.554573
12.94117,77.601549
12.972007,77.560983
12.981908,77.569462
12.940273,77.567751
12.916777,77.585449
12.944349,77.614694
12.996954,77.571773
12.9717,77.576563
12.99066,77.653095
12.998471,77.639521
12.994677,77.595116
12.917507,77.585682
12.919058,77.54735
12.976015,77.646953
13.001021,77.557652
13.00164,77.552065
12.96511,77.673893
12.916498,77.576299
12.974011,77.551211
12.978338,77.567103
12.934661,77.575363
12.982491,77.553813
12.922261,77.561828
12.952158,77.589777
12.97617,77.669626
12.931992,77.566516
12.985478,77.554931
12.970665,77.616559
12.932278,77.597273
12.984429,77.575837
12.994949,77.582334
12.972025,77.571363
12.988007,77.572204
13.003907,77.557726
12.983631,77.606148
12.974716,77.647226
12.986757,77.571784
12.963208,77.582763
12.998782,77.610584
12.982165,77.652745
12.96707,77.648711
12.945251,77.590044
12.971033,77.632777
12.978645,77.667689
13.009486,77.577653
12.965014,77.589903
12.990449,77.655697
12.933748,77.571811
12.959094,77.643093
12.994002,77.568248
13.016121,77.570591
13.03251,77.575986
12.955544,77.582762
12.985789,77.650009
12.979356,77.624754
13.031901,77.561639
12.975376,77.583433
12.992118,77.639653
13.017157,77.581091
12.972935,77.600507
12.95968,77.571067
12.986328,77.625693
12.965324,77.55881
12.96922,77.592326
12.977236,77.575929
12.981154,77.586002
12.988519,77.646047
12.996392,77.590543
12.970573,77.644288
12.980324,77.625507
12.996246,77.544972
12.98194,77.644302
12.97745,77.55695
12.945476,77.576221
12.985912,77.559793
12.990089,77.600713
12.982667,77.610342
12.984408,77.56941
12.979572,77.585459
12.977985,77.575544
12.929018,77.598766
12.983395,77.645169
12.95321,77.555248
12.978315,77.668423
12.968391,77.615699
12.948578,77.55719
12.980815,77.593292
12.988097,77.568008
12.965588,77.579815
12.971089,77.581533
12.957511,77.629429
12.949062,77.583145
12.920128,77.576256
12.999084,77.559932
12.975146,77.567458
12.9945,77.579139
12.970837,77.647091
13.000171,77.561321
13.020203,77.549478
12.953305,77.557233
12.982697,77.554868
12.966469,77.64281
12.975561,77.571625
12.980971,77.563989
12.96356,77.586559
12.980258,77.638442
12.992436,77.587882
12.982876,77.568711
12.940576,77.596585
12.991273,77.554128
12.998852,77.583504
12.945902,77.639148
12.98705,77.618739
12.978262,77.645833
12.992713,77.656903
12.954968,77.636617
13.007426,77.576907
12.965933,77.579413
12.945161,77.642492
12.9879,77.573059
12.986364,77.545546
12.967019,77.588458
12.959009,77.644105
12.99809,77.580375
13.001341,77.570914
12.961922,77.570356
12.975876,77.589377
12.954603,77.646309
12.953138,77.583419
12.968705,77.553513
12.954417,77.644984
13.012635,77.568229
13.004343,77.592864
13.016936,77.553028
12.994382,77.644696
12.954351,77.563505
12.936311,77.587288
12.978072,77.570591
12.921519,77.576416
12.99883,77.561392
12.96798,77.666275
12.989083,77.585052
13.007911,77.552982
13.014131,77.591161
12.915096,77.55622
12.97969,77.6308
13.003079,77.579104
12.968171,77.594698
12.976476,77.670576
12.99231,77.648937
12.9425,77.578338
12.9996,77.635824
12.970178,77.578998
12.912403,77.593058
12.982552,77.571852
12.93455,77.603159
12.98434,77.581534
12.925487,77.578219
12.982584,77.590572
12.93998,77.674649
13.018494,77.571057
13.002211,77.59074
12.98364,77.587535
13.012069,77.554446
12.975949,77.561334
12.942585,77.592579
13.003465,77.570377
13.000073,77.560839
13.005501,77.562365
12.960784,77.584078
12.966082,77.539836
12.97646,77.597866
12.997701,77.631852
13.007393,77.589751
12.983452,77.582481
12.91432,77.583903
12.941433,77.626671
12.935237,77.567765
12.985193,77.581702
12.929448,77.593239
12.914735,77.593821
12.97271,77.558647
12.953359,77.652078
12.97907,77.553055
12.991053,77.634721
12.950784,77.568155
12.959962,77.576187
12.972127,77.56695
12.980054,77.573605
12.98061,77.563424
12.931792,77.592675
12.926704,77.541147
12.980913,77.592116
12.918412,77.573368
13.008288,77.562441
12.929632,77.606111
12.99417,77.542377
12.946434,77.589069
12.928229,77.596896
12.955967,77.55513
13.005895,77.568756
12.978725,77.639469
12.975471,77.560741
12.983907,77.594592
12.967413,77.551394
12.996722,77.59985
13.001918,77.566445
13.013619,77.583172
12.986598,77.667765
12.980186,77.565041
12.932799,77.608649
12.993386,77.551307
12.941719,77.602209
12.982363,77.579098
13.021729,77.583765
12.953159,77.567826
13.002444,77.587486
12.920427,77.560524
12.934586,77.582678
12.959164,77.567573
13.024461,77.561145
12.919943,77.621229
12.925068,77.585643
12.985586,77.653691
12.95057,77.592781
12.972222,77.585142
12.951063,77.598812
12.979352,77.556516
12.987202,77.642446
12.946747,77.55118
12.93993,77.56353
12.958901,77.593219
12.95908,77.579009
12.931593,77.621354
12.927277,77.60013
13.003582,77.590755
13.001495,77.590038
13.003131,77.576711
13.010684,77.580643
12.978083,77.577462
13.013542,77.571164
12.9492,77.568917
12.978763,77.673199
12.966989,77.582626
12.980737,77.552369
13.011669,77.543863
12.954592,77.56619
13.007212,77.598465
12.931208,77.562378
12.981147,77.557416
12.95323,77.633974
12.976551,77.589278
12.970431,77.546795
12.972059,77.582891
12.94983,77.567511
12.978925,77.623181
12.983472,77.57453
12.974239,77.635209
12.927708,77.557619
13.001756,77.569346
12.971212,77.581913
12.969614,77.622986
13.018152,77.582534
12.999997,77.619592
12.939958,77.590464
12.968971,77.626795
12.918839,77.577936
12.99021,77.567685
12.953235,77.566853
13.028384,77.565509
12.974687,77.565917
12.953304,77.576138
13.01892,77.565739
12.98275,77.563667
12.9508,77.574679
12.921179,77.601594
12.98448,77.561046
12.976617,77.607129
12.988231,77.647167
12.987349,77.573379
12.988455,77.646
12.998345,77.563901
12.980929,77.566346
12.976042,77.567574
12.968779,77.59828
12.982915,77.638561
12.993694,77.582149
12.983506,77.654903
12.968309,77.574529
12.98483,77.584586
12.975065,77.6167
12.97184,77.581691
12.947776,77.557046
12.92969,77.607467
12.986165,77.585901
12.996244,77.582192
12.96723,77.630747
12.993263,77.588836
12.929025,77.64923
12.932231,77.591647
12.949864,77.57096
12.965235,77.599138
12.989369,77.576753
12.970032,77.589958
12.934765,77.589046
12.970662,77.632831
12.982884,77.57792
12.985641,77.61728
12.98851,77.628813
12.976303,77.622275
12.969281,77.56969
12.948632,77.597863
12.970234,77.578618
12.920223,77.584081
13.017776,77.562665
12.978511,77.635377
12.978285,77.635912
12.994855,77.577344
12.923298,77.566289
12.974679,77.644857
12.940971,77.584589
12.950902,77.628587
12.964346,77.59544
12.990913,77.564867
12.972732,77.66631
12.972864,77.598746
12.927154,77.569965
12.956259,77.587551
12.982518,77.579901
12.997833,77.625451
12.967131,77.652509
12.98948,77.568306
12.963022,77.653569
12.974122,77.654627
12.929534,77.588481
12.990312,77.579325
12.98314,77.623867
12.949311,77.595479
12.963723,77.59978
12.945665,77.57669
12.966153,77.637094
12.975486,77.595726
12.979669,77.579314
12.971275,77.555016
12.983856,77.580424
12.920266,77.562362
12.974107,77.546243
12.995529,77.63408
12.970624,77.638771
12.991039,77.54434
12.995903,77.642734
12.955838,77.588547
12.932125,77.57345
12.97448,77.684
12.966748,77.603551
12.998351,77.586176
12.976246,77.569743
13.000289,77.544227
12.994988,77.558326
12.975898,77.647207
12.931667,77.595341
12.987107,77.619174
12.937326,77.601479
12.985806,77.587871
12.927603,77.568231
12.970696,77.615745
13.017208,77.572672
12.98632,77.651348
12.961866,77.57624
12.927562,77.573003
13.011726,77.575566
13.007921,77.635518
13.007192,77.577072
12.964182,77.574104
12.918847,77.563617
12.951941,77.577878
12.987527,77.55968
12.957334,77.601174
12.995822,77.575912
12.948848,77.593334
12.920592,77.596647
12.98953,77.595563
12.99948,77.548934
12.970348,77.583624
13.000655,77.572535
13.031765,77.590729
12.975257,77.639992
12.989216,77.564819
12.977552,77.592782
12.998102,77.57785
12.97972,77.649137
13.0203,77.569372
12.989372,77.580222
12.946839,77.542783
12.992141,77.575744
12.978775,77.632758
12.978466,77.575395
12.994493,77.5827
12.964694,77.571835
12.987545,77.671612
13.000464,77.582499
12.999213,77.586297
13.028117,77.569733
12.9514,77.57273
12.982181,77.654408
13.003376,77.57501
12.985069,77.565349
12.938906,77.568733
12.98942,77.599414
12.934183,77.555918
12.993247,77.557427
12.967882,77.57962
13.019339,77.559233
12.951339,77.59264
12.955021,77.563696
12.994732,77.559481
13.033186,77.575554
12.988772,77.577427
13.00596,77.588788
12.977144,77.575519
12.975541,77.593948
12.916367,77.587479
12.921266,77.598802
12.914519,77.599733
12.970908,77.549721
12.936035,77.596109
12.956023,77.597808
12.97306,77.589617
12.945536,77.605874
12.980078,77.554907
13.002586,77.563232
12.9697,77.582871
12.990009,77.571223
12.910603,77.5912
12.983405,77.648591
12.976708,77.561252
12.958174,77.573049
12.944278,77.596783
12.966074,77.550967
13.001444,77.632224
12.961486,77.631358
12.95538,77.580605
12.984854,77.552871
12.954053,77.618906
13.01057,77.552984
12.997325,77.561061
13.003759,77.583661
12.918049,77.591744
13.000713,77.573891
12.97222,77.562332
12.921973,77.543385
12.997354,77.544338
12.989206,77.588232
12.972256,77.561957
12.97942,77.553358
12.952413,77.549276
12.92529,77.568253
12.993622,77.567263
12.961922,77.622749
13.006526,77.572667
12.983048,77.561606
13.010011,77.552541
12.997147,77.576686
12.973744,77.581374
12.915083,77.584329
12.985298,77.573049
12.985745,77.563852
12.978953,77.638263
12.974088,77.612664
12.970983,77.645164
13.000312,77.58424
12.924577,77.57385
12.986013,77.564402
12.91931,77.567109
12.977352,77.561489
12.990066,77.640158
12.927709,77.570668
12.987945,77.63172
12.952796,77.569317
12.981876,77.653764
13.008804,77.563757
12.939151,77.602516
12.991119,77.567968
12.970146,77.646832
12.991868,77.669524
12.978947,77.554925
12.976589,77.569868
12.911627,77.574704
13.011867,77.572368
12.94236,77.566772
12.982373,77.63888
12.983723,77.627834
13.002329,77.568926
12.982664,77.648115
12.970626,77.573668
13.017964,77.566723
12.939751,77.585058
12.99613,77.576925
12.966689,77.625615
12.983779,77.597486
12.91663,77.609499
12.963524,77.575938
12.968861,77.620326
12.944573,77.585466
12.984655,77.561405
12.931459,77.575836
12.999998,77.626254
12.913297,77.589583
12.969012,77.64729
12.923206,77.579104
12.98929,77.570234
12.952527,77.638487
12.992215,77.590652
13.018674,77.572834
12.960139,77.556312
12.969786,77.588915
12.944453,77.559722
12.972112,77.567087
12.988534,77.578115
12.954253,77.593644
12.990049,77.655266
12.974782,77.569856
13.01301,77.567587
12.981492,77.643855
12.980119,77.610734
12.974015,77.567928
12.960887,77.570198
12.972648,77.656185
12.926327,77.591412
12.916545,77.603347
12.9281,77.586723
12.966636,77.587502
12.913707,77.596353
12.960966,77.593031
12.979515,77.638813
12.974727,77.565809
13.001648,77.577106
12.967965,77.623137
12.934702,77.577906
12.960205,77.567114
12.995028,77.59302
13.001899,77.558772
12.971328,77.573481
12.986967,77.657461
13.011264,77.557677
12.98089,77.614625
12.925647,77.564934
12.963802,77.589289
12.980291,77.591479
13.021047,77.579731
13.03519,77.5713
13.016975,77.59165
12.975752,77.579226
12.957967,77.544583
12.968397,77.588799
12.97526,77.578889
12.999838,77.570636
12.954925,77.64065
12.94042,77.539267
12.962309,77.619511
12.927966,77.592243
12.999563,77.552554
12.970084,77.567663
12.994094,77.598024
12.940273,77.583505
12.999149,77.584755
12.980995,77.651368
12.967233,77.655012
12.952042,77.640619
12.948983,77.599145
13.011143,77.558035
12.971567,77.57592
12.958485,77.584986
12.944222,77.584882
12.982598,77.591715
13.034293,77.569587
12.978318,77.580234
12.979476,77.563509
12.957819,77.581466
12.963078,77.594226
13.002654,77.569232
12.937295,77.585277
12.986866,77.566898
12.981599,77.571938
12.942397,77.533143
13.001136,77.572767
13.010568,77.573825
12.978992,77.649106
12.942879,77.564372
12.994432,77.573646
12.985463,77.655579
12.910967,77.583191
12.923457,77.612298
12.958984,77.563131
12.980736,77.578583
12.970868,77.623208
12.922202,77.582259
12.9812,77.677137
12.944166,77.586069
12.963372,77.649016
12.975494,77.540849
12.998692,77.581349
12.978215,77.594132
12.955931,77.570971
12.981673,77.563746
12.994992,77.67472
13.021121,77.567184
12.946102,77.552338
12.984616,77.55661
12.994887,77.583981
12.933826,77.619076
12.956869,77.58255
12.960766,77.574436
13.02578,77.566641
12.964762,77.640188
12.961036,77.616771
12.944257,77.606382
12.952332,77.607006
12.967491,77.58315
12.964447,77.552663
12.981025,77.532726
12.971501,77.586784
12.958846,77.588443
12.95167,77.661475
12.972408,77.607935
12.938401,77.56716
12.95405,77.539926
12.966527,77.647079
12.919178,77.58922
12.983645,77.585676
12.962484,77.543799
12.98207,77.557359
12.987605,77.575562
12.974571,77.542784
12.923181,77.585976
12.968189,77.556606
12.929531,77.608335
13.013206,77.564842
12.973255,77.599878
12.989861,77.564338
12.967034,77.629894
12.945594,77.603868
13.026826,77.57623
13.009165,77.585739
12.975898,77.566299
12.9587,77.634259
12.947502,77.645604
12.971359,77.646162
12.962809,77.579292
12.974143,77.569609
12.992894,77.662224
12.985183,77.562618
12.973778,77.665113
12.965347,77.600352
12.942506,77.588869
13.008418,77.644354
12.935582,77.535679
12.961327,77.671534
12.939366,77.612258
12.94431,77.590426
12.976613,77.565972
12.985126,77.561854
12.964254,77.631279
12.982195,77.570157
12.916261,77.557126
12.958262,77.593276
12.959193,77.559122
13.009511,77.542735
12.997903,77.608725
13.002642,77.548243
12.980135,77.627389
12.977653,77.582694
12.947774,77.572796
12.969089,77.659432
12.929274,77.607418
12.967785,77.584922
12.936009,77.581732
13.023349,77.577651
12.960944,77.566744
12.939291,77.566867
12.976802,77.604381
12.916323,77.572394
12.938291,77.565033
12.988449,77.579141
12.948792,77.560453
12.933004,77.542969
12.949002,77.588872
12.994725,77.581587
13.017183,77.565479
13.012995,77.594715
12.967633,77.590203
12.930068,77.583342
12.966051,77.576653
12.939146,77.585203
12.986799,77.581062
12.976968,77.656159
12.972964,77.637549
12.990347,77.643664
12.971305,77.665305
12.990433,77.59819
12.975981,77.657365
12.99462,77.572436
12.933256,77.534921
12.96631,77.590557
12.985514,77.583682
13.002631,77.586708
12.978123,77.564834
12.994942,77.567244
13.019802,77.566192
12.998928,77.655918
12.9692,77.595832
12.982106,77.63599
12.996096,77.551869
12.975917,77.648482
12.94798,77.597227
12.979412,77.576353
12.911618,77.571182
12.990304,77.577096
12.959812,77.561861
12.991149,77.572523
12.996917,77.56827
12.980582,77.582115
12.936635,77.594913
12.982034,77.567906
13.001644,77.56759
12.971674,77.576009
12.967097,77.54202
13.03075,77.572928
12.945604,77.576718
12.983645,77.585676
13.002063,77.538371
12.982516,77.573249
12.944322,77.550048
12.9768,77.647964
12.929652,77.581149
12.997852,77.575145
12.94267,77.585854
12.938602,77.574281
12.985303,77.552877
12.972919,77.577619
12.977075,77.584955
12.978478,77.573155
13.012045,77.584883
12.991113,77.640904
12.996876,77.55445
12.998584,77.588093
13.002271,77.638792
12.985617,77.648494
12.959042,77.582292
12.959485,77.56964
12.960384,77.56769
12.948588,77.660116
12.972386,77.587554
12.973565,77.633515
12.98765,77.651053
12.994015,77.636562
12.977816,77.577641
12.930685,77.60388
13.003364,77.562317
12.994572,77.569484
12.926077,77.569354
12.932205,77.590995
12.964896,77.619104
12.98028,77.643819
12.930876,77.615305
12.911546,77.592852
12.933621,77.572062
12.982747,77.633089
12.985808,77.63909
13.022961,77.556481
12.949031,77.640866
12.964057,77.606401
12.947837,77.568127
13.0071,77.57385
12.978983,77.571897
12.971045,77.643941
12.962681,77.602849
12.948341,77.607314
12.978686,77.672164
12.969422,77.567789
12.993697,77.585849
12.996007,77.573176
12.963282,77.568272
13.00772,77.570827
12.97098,77.605076
12.969729,77.570189
12.995696,77.647712
12.954987,77.550755
12.921824,77.599505
12.982089,77.544935
12.965483,77.652393
12.973077,77.575289
12.979037,77.559499
12.98137,77.576477
12.994984,77.642863
12.927917,77.600382
12.981812,77.58614
12.985075,77.636406
12.981775,77.559882
12.918852,77.567864
12.987896,77.638228
12.973192,77.571847
13.009811,77.587955
12.985522,77.580794
12.945848,77.549533
12.985518,77.562807
12.962628,77.578713
12.934695,77.583138
12.955472,77.569593
12.981752,77.607364
12.984813,77.583195
12.968188,77.56956
12.952029,77.606563
12.972701,77.593871
12.954643,77.653498
12.931507,77.580077
12.933518,77.588723
12.992697,77.650957
12.964935,77.638171
12.934428,77.55336
12.980353,77.56481
12.981244,77.623628
12.955178,77.551686
12.957647,77.641984
12.960905,77.606624
12.965704,77.651864
12.968997,77.601688
12.970252,77.604709
12.988854,77.553713
12.970326,77.573938
12.971063,77.67561
12.972444,77.569683
12.978593,77.645937
12.996201,77.548592
12.98317,77.648287
12.914235,77.571037
12.965459,77.611613
12.985284,77.570125
12.992715,77.643739
12.982638,77.590839
12.986276,77.655029
12.995405,77.630252
12.967376,77.566151
12.941069,77.583632
12.921417,77.562712
12.979236,77.641809
12.993085,77.585252
12.976935,77.594893
12.93197,77.607245
13.010871,77.571962
12.910049,77.612307
12.961625,77.568383
12.952566,77.548809
12.985686,77.579293
12.969738,77.568055
12.9204,77.603441
12.996218,77.597355
12.969971,77.574878
12.988705,77.576346
12.984104,77.622284
12.980292,77.5672
13.010684,77.580643
13.007363,77.558331
12.98179,77.592859
12.930669,77.589663
12.978397,77.655056
12.973822,77.687954
12.957853,77.602209
12.98264,77.575637
12.979679,77.565968
12.951011,77.529123
12.970916,77.566982
12.965864,77.588231
12.984575,77.661018
12.977579,77.568251
12.969169,77.606059
12.97405,77.634996
12.956104,77.624463
12.917524,77.576081
13.016569,77.58173
12.926027,77.591541
12.981937,77.649401
12.985767,77.629184
12.955671,77.657936
12.971875,77.557749
12.998858,77.555839
12.977124,77.598856
12.972679,77.573999
12.9985,77.588294
12.985266,77.638172
12.919779,77.607563
12.982385,77.63822
12.948955,77.572914
12.956414,77.578549
12.922002,77.599162
12.985356,77.582366
12.99736,77.662436
12.959316,77.561559
12.988674,77.64052
12.977831,77.579253
12.980014,77.5739
12.966589,77.652471
12.949593,77.550004
13.013933,77.571226
12.919164,77.557504
12.938143,77.58775
12.955942,77.633691
12.987333,77.667925
12.949157,77.554386
12.971272,77.601304
12.998419,77.62907
12.961864,77.567797
12.943019,77.590818
13.007994,77.558471
12.976979,77.573036
12.978656,77.583566
12.98364,77.587535
12.962828,77.573481
12.990506,77.573791
13.010616,77.5605
12.985451,77.626723
12.988287,77.558212
12.976602,77.569995
12.94362,77.567437
12.967928,77.653822
12.949989,77.555575
12.965028,77.569546
12.998106,77.571444
12.99236,77.578276
12.980112,77.589496
12.939754,77.53432
12.981604,77.545662
12.931586,77.554662
12.979308,77.603588
13.001726,77.589876
13.005572,77.582999
12.961625,77.533862
12.973215,77.556673
12.941439,77.56949
12.963861,77.555921
13.007797,77.560445
12.911981,77.557025
12.984925,77.566398
13.001027,77.577071
12.9477,77.58346
12.970993,77.643984
13.009333,77.5917
12.964524,77.631254
12.921446,77.587459
12.939132,77.542532
12.955308,77.569276
13.006046,77.541463
12.984291,77.569974
12.943362,77.565949
12.970736,77.567706
12.980206,77.650611
12.943073,77.593857
12.991715,77.566802
12.985961,77.59739
12.974689,77.576806
12.987496,77.596443
12.958161,77.589131
12.926908,77.601819
12.969565,77.58673
12.995295,77.562627
12.927328,77.547516
12.937188,77.594447
12.997563,77.572893
12.98525,77.564975
12.922035,77.557508
12.913914,77.571762
12.952933,77.552523
12.959721,77.597703
12.979062,77.606903
12.959564,77.57558
12.984801,77.590497
12.973792,77.57984
12.927955,77.598306
12.994533,77.626741
12.974552,77.554533
12.997639,77.565833
12.946349,77.646722
12.975671,77.576427
12.979165,77.637686
12.941511,77.570635
12.978551,77.596813
12.985845,77.593243
12.977386,77.552177
13.000964,77.540593
12.957648,77.652325
12.917854,77.573374
12.984285,77.635425
12.960846,77.590111
12.924178,77.582003
12.961184,77.596237
12.947631,77.554536
12.973288,77.640551
12.983225,77.653533
12.972275,77.627494
12.983933,77.642334
13.011244,77.571563
12.983926,77.617434
12.984899,77.56047
12.989629,77.546915
12.986626,77.651354
12.948731,77.545323
12.98172,77.644507
12.953431,77.589854
12.92702,77.602491
12.919022,77.583398
12.934434,77.578095
13.029077,77.576137
12.94775,77.596644
12.981539,77.643296
12.983209,77.628252
12.95554,77.654945
12.993976,77.644568
13.010742,77.644801
12.956414,77.578549
12.999999,77.590062
12.985536,77.619067
12.987145,77.579945
12.92993,77.574935
12.960238,77.597416
13.001001,77.635449
12.976119,77.586594
12.957013,77.56711
13.003461,77.578557
12.973237,77.610543
12.986539,77.648273
12.991398,77.567845
12.976301,77.596852
12.966914,77.561961
13.010267,77.55453
12.95511,77.56688
12.988783,77.585437
12.99627,77.645327
12.959322,77.632087
12.918917,77.572106
12.983078,77.647615
12.99196,77.54017
12.979451,77.57911
12.992815,77.593839
12.944128,77.570848
12.962681,77.603585
12.974515,77.619746
12.993393,77.647731
13.007363,77.574307
12.995222,77.642762
12.97024,77.580421
12.973446,77.567141
12.968303,77.59639
13.0038,77.573549
12.969402,77.55867
12.974739,77.554054
12.985956,77.570176
12.964469,77.589364
12.987294,77.576689
12.994262,77.566802
12.962138,77.622891
12.970602,77.549227
13.001261,77.638668
12.983573,77.64427
12.973698,77.555603
12.983452,77.632644
12.919943,77.621229
12.968763,77.635128
12.929717,77.56506
12.910451,77.560722
12.971171,77.559472
12.957223,77.580617
13.007921,77.635518
12.978592,77.578676
12.984534,77.651143
12.950869,77.584523
12.947721,77.632902
13.000862,77.627015
12.969129,77.606948
12.976513,77.614072
12.9929,77.571881
12.983435,77.662668
12.995914,77.644049
12.970754,77.568841
13.003041,77.563504
12.91035,77.591678
12.975965,77.654771
12.987103,77.605342
12.979979,77.642099
12.989827,77.59266
12.975324,77.595941
12.948021,77.593779
12.978344,77.57767
13.021387,77.572432
13.017177,77.557903
12.984174,77.582127
12.953768,77.541611
12.967208,77.589726
12.96346,77.661568
12.956947,77.593325
12.986195,77.585232
12.996159,77.591703
12.956092,77.582201
12.932322,77.580695
12.940921,77.57118
12.98844,77.562782
12.930999,77.595477
12.971867,77.566298
12.942966,77.573511
12.959097,77.601764
12.975657,77.599355
12.971789,77.634317
12.970914,77.631449
13.005925,77.630639
12.989995,77.638977
12.981527,77.607522
12.957824,77.550262
12.94026,77.569165
12.979521,77.556553
12.932954,77.592903
13.000858,77.584502
12.96649,77.601577
12.987345,77.638415
12.996411,77.579136
12.970647,77.547058
12.931371,77.60309
12.970506,77.580128
12.99604,77.580437
12.986834,77.570909
13.008069,77.57311
12.968636,77.6331
12.963022,77.653569
13.006242,77.651276
12.992173,77.636513
12.981747,77.59555
12.997774,77.563456
13.017539,77.562214
12.979233,77.568698
12.971338,77.621051
12.975854,77.568384
12.976267,77.581055
12.988508,77.558904
12.965341,77.58009
12.975351,77.593608
12.987677,77.652841
12.939436,77.579984
12.974961,77.642749
12.994317,77.567137
12.982843,77.586051
13.002022,77.565069
12.991575,77.56071
12.953532,77.575979
12.963593,77.601327
12.994187,77.564925
12.939539,77.579945
12.975697,77.571974
12.949915,77.619254
12.976768,77.573069
12.978176,77.576295
12.989272,77.565766
12.970787,77.602234
13.022397,77.587754
13.02259,77.553296
12.925755,77.594443
12.984982,77.638516
12.997678,77.644892
12.979069,77.588307
12.980288,77.647273
12.925959,77.60488
12.97476,77.64994
12.991841,77.628084
12.991165,77.567323
12.931135,77.588231
12.984842,77.663104
12.978207,77.627136
12.959227,77.573688
12.930816,77.581079
12.979667,77.57755
12.974888,77.626933
12.988085,77.640756
12.973179,77.538325
12.985771,77.629999
12.993661,77.577953
12.985407,77.624979
13.01089,77.651176
12.97238,77.605698
12.992532,77.577762
12.960363,77.599076
12.996121,77.563795
12.953633,77.567391
12.974531,77.550051
12.921791,77.606866
12.955554,77.560179
12.967683,77.548746
13.008329,77.575479
12.987513,77.654941
12.984247,77.575691
13.004942,77.548372
12.959449,77.570787
13.013181,77.656142
12.978371,77.5784
12.970198,77.54972
12.962986,77.645044
12.91904,77.562481
13.006166,77.56821
12.955372,77.553755
12.975039,77.634263
12.978165,77.637493
12.961656,77.576852
12.966895,77.5915
13.002576,77.665417
13.003703,77.592665
12.991235,77.557274
12.991587,77.555148
12.927906,77.566439
12.981947,77.578761
12.970288,77.588082
12.974235,77.578085
12.917682,77.580634
12.955899,77.59518
12.999715,77.625339
12.995489,77.556758
12.967044,77.587945
12.967771,77.588041
12.994559,77.629958
12.977326,77.561682
12.94974,77.562122
12.98692,77.579259
13.00077,77.654085
12.965756,77.555926
12.977578,77.581422
12.971209,77.555329
12.971682,77.572442
13.002509,77.570154
12.933194,77.581774
12.973342,77.60504
12.96557,77.649647
13.004483,77.621269
12.973392,77.55638
12.958495,77.587877
12.983286,77.565884
13.009021,77.594265
13.0014,77.583724
12.959739,77.583995
12.986786,77.640212
12.96982,77.58252
13.005342,77.584885
12.957379,77.557261
12.972333,77.644691
12.917808,77.601957
12.910561,77.598605
12.934075,77.563742
12.99039,77.584292
12.942763,77.582804
12.977564,77.555899
12.988856,77.591556
12.972007,77.591129
13.007798,77.656262
13.032781,77.5604
12.97218,77.557187
13.026025,77.576879
12.925635,77.572932
12.969659,77.563391
13.008599,77.56484
12.916112,77.583383
12.981788,77.55951
12.98548,77.557199
12.939759,77.550155
12.957068,77.559058
12.938429,77.600211
12.94198,77.582297
12.921617,77.594033
13.000581,77.577362
13.006302,77.546754
12.933697,77.557558
12.962602,77.624228
12.985923,77.647497
12.99339,77.571414
12.978102,77.594557
12.977452,77.561715
12.984481,77.59271
12.960269,77.65991
12.989767,77.576536
13.004486,77.572162
12.988772,77.577427
13.001799,77.553709
12.966008,77.556625
12.967738,77.644902
12.971691,77.590588
12.959651,77.569917
13.009103,77.645025
12.987272,77.651344
12.921371,77.592387
12.956879,77.632246
12.988974,77.608384
12.967194,77.553504
12.961897,77.589063
12.944732,77.572739
12.969207,77.649116
12.96672,77.559814
12.978777,77.61752
12.972562,77.557449
12.99576,77.566537
12.979618,77.588748
13.004408,77.573276
12.986398,77.6468
12.976724,77.582818
12.9623,77.656948
12.971624,77.564627
12.92419,77.612216
12.9992,77.666254
12.979408,77.570723
12.980139,77.627872
12.955652,77.576632
13.01113,77.579244
12.961081,77.544965
12.964755,77.589177
12.920146,77.539436
12.959683,77.573544
12.961091,77.595691
13.001029,77.66191
13.00691,77.612054
12.98757,77.665584
12.974515,77.643786
12.98085,77.639465
12.973931,77.576814
13.002063,77.538371
12.981006,77.656879
12.978106,77.642846
12.968023,77.635603
12.990298,77.584637
12.936011,77.577349
12.993227,77.565501
12.987719,77.63222
12.983119,77.646503
12.980221,77.6326
12.97211,77.581097
12.980723,77.563168
12.978676,77.573459
12.921367,77.553302
12.9911,77.637728
12.962183,77.640908
12.97678,77.543663
12.96649,77.657484
12.985587,77.624124
12.991961,77.558867
12.968959,77.610645
12.937082,77.552853
12.920808,77.587046
13.017024,77.584967
12.937155,77.608631
13.010962,77.575691
12.991401,77.551814
12.979687,77.586269
13.000849,77.564061
12.975525,77.639198
12.96199,77.56731
12.96988,77.599277
12.977997,77.573942
12.98038,77.558026
12.950787,77.578736
12.959505,77.610148
12.970907,77.665404
12.969105,77.576937
12.995774,77.570538
12.976926,77.580532
12.943513,77.606136
12.976339,77.579332
12.928389,77.558721
12.999693,77.580594
12.992143,77.652706
12.988867,77.581803
12.939161,77.590349
12.989656,77.611303
12.973568,77.565451
12.969144,77.639478
12.915779,77.583607
12.953841,77.554936
13.008688,77.578374
12.982105,77.591981
12.975867,77.571135
12.979977,77.565099
13.005278,77.582132
12.978553,77.567393
12.932837,77.555159
12.997489,77.566982
12.977663,77.584236
12.973503,77.644377
12.926376,77.580356
12.987135,77.581264
12.983614,77.630728
12.969206,77.601078
12.976547,77.56702
12.942829,77.565574
12.97585,77.592456
12.930103,77.578253
12.987777,77.582447
12.984491,77.586539
12.931275,77.575518
12.978616,77.564058
12.976205,77.653993
12.931107,77.558828
12.993122,77.598146
12.978306,77.583237
12.993004,77.5751
12.974434,77.628531
12.954267,77.641691
12.97991,77.64486
12.979559,77.540833
12.928497,77.595653
12.99981,77.560601
12.992791,77.589151
13.004984,77.604249
12.93178,77.58208
13.007476,77.581677
12.951923,77.565684
12.960485,77.581838
12.945641,77.551757
12.980865,77.558025
12.9199,77.561878
12.971824,77.574155
12.989754,77.553624
12.954054,77.585051
13.022292,77.587386
12.938477,77.559789
12.970321,77.608894
13.019994,77.546659
12.967633,77.58902
12.985167,77.594162
12.979651,77.596314
12.984757,77.586427
13.00021,77.667273
12.979633,77.639193
13.010374,77.586173
12.962339,77.592077
12.992988,77.562481
12.953146,77.635073
12.995176,77.560582
12.969294,77.582788
13.009132,77.586923
12.953872,77.570798
12.958455,77.57168
13.001432,77.58511
12.976449,77.63855
12.982981,77.562598
12.966985,77.54841
12.926781,77.568062
12.958025,77.604619
12.987068,77.590543
12.953412,77.587134
12.98029,77.58872
12.991511,77.572592
12.977137,77.656854
12.988103,77.619826
12.979419,77.580409
12.940362,77.590337
13.027044,77.555618
12.976671,77.631336
13.029155,77.597144
13.001615,77.594796
12.977045,77.585563
12.924108,77.619041
12.944831,77.573584
12.969086,77.602676
12.959202,77.569908
12.952711,77.577494
13.008254,77.584625
12.992349,77.57058
12.982813,77.572719
12.977733,77.553501
12.965864,77.569517
12.917907,77.576731
12.993173,77.56346
12.976279,77.570598
12.986532,77.646195
12.96172,77.559156
12.98258,77.573019
12.962591,77.655268
12.979016,77.585626
12.962412,77.64952
12.952909,77.533296
12.964073,77.654843
12.975234,77.660792
13.00178,77.595153
13.007859,77.559358
12.979001,77.565616
12.971093,77.569272
13.002191,77.607296
12.964753,77.568464
12.976614,77.646541
12.923939,77.601078
13.008075,77.579921
12.996295,77.554612
12.978331,77.603289
12.978398,77.644636
12.91033,77.588451
13.017572,77.579946
13.012398,77.584174
12.952754,77.571786
12.928552,77.57404
13.011007,77.558171
12.934101,77.601051
12.971074,77.552764
12.937887,77.592452
12.932864,77.551146
12.959414,77.624402
12.953041,77.566363
12.926595,77.565818
12.959635,77.582948
12.990283,77.615384
12.951743,77.591408
13.01076,77.557206
12.985571,77.561459
12.971566,77.650136
12.92438,77.604502
12.988229,77.558051
12.968917,77.589515
12.993787,77.598615
12.966472,77.588151
12.966688,77.585432
12.993844,77.565275
12.992213,77.601961
12.952467,77.667356
13.024032,77.57227
12.966465,77.64336
12.983525,77.645458
12.974216,77.632458
12.995435,77.652832
12.978628,77.550161
12.961271,77.58039
12.988921,77.638976
12.983326,77.553965
12.983329,77.556698
12.981501,77.53982
12.916547,77.59926
12.987735,77.578953
12.973057,77.532849
12.985861,77.574407
12.98187,77.567868
12.990487,77.64385
13.020154,77.57471
12.98551,77.547732
12.947382,77.577797
13.009053,77.631253
13.003789,77.581008
12.964637,77.55208
12.932804,77.569889
12.97326,77.567679
12.992004,77.584056
12.935877,77.590986
13.006121,77.569189
12.97823,77.640418
12.921312,77.561148
12.924846,77.625217
12.923275,77.574632
12.922829,77.606114
12.939376,77.587786
12.919149,77.605867
12.966815,77.555554
12.941676,77.57632
12.933366,77.573147
12.960967,77.585454
12.98091,77.633636
12.927125,77.569716
12.989727,77.593082
13.006158,77.577855
12.932031,77.604357
12.958475,77.555802
12.96853,77.588429
12.960525,77.599437
13.030151,77.58729
12.967424,77.63949
12.995604,77.585221
13.019631,77.588713
12.998917,77.580878
12.975115,77.574528
12.998251,77.577815
12.93382,77.624989
13.028943,77.559421
12.937461,77.549519
13.002576,77.612404
12.977963,77.563225
12.973805,77.570646
12.978361,77.647645
12.937852,77.617105
13.020077,77.59132
12.987899,77.606893
12.979266,77.573391
13.001123,77.547245
12.956975,77.597587
12.996499,77.560039
12.984609,77.575095
12.965844,77.582097
12.924872,77.588788
12.997989,77.597875
12.989006,77.549799
13.009704,77.573666
12.972701,77.591302
12.986239,77.576919
12.980969,77.649272
12.994254,77.563679
13.006956,77.582618
12.974245,77.58155
12.970041,77.575492
12.977223,77.575976
12.939524,77.603696
12.991848,77.548728
12.957302,77.58372
12.975281,77.581867
12.987462,77.585329
12.979202,77.582065
12.990229,77.558291
12.963747,77.577827
13.007874,77.56355
12.98688,77.579467
12.987767,77.561159
12.956779,77.584822
12.975795,77.575155
13.01691,77.562252
13.001782,77.571512
13.010958,77.559238
12.950825,77.554874
12.972201,77.570996
12.978687,77.634189
12.91733,77.587054
12.929793,77.599018
12.9826,77.595561
12.941028,77.589699
12.994027,77.556074
12.934671,77.627193
12.969869,77.592653
13.007141,77.567607
12.956877,77.593455
12.945588,77.614301
12.957086,77.597524
12.910214,77.54723
12.922471,77.575726
12.987953,77.587255
13.013699,77.560913
12.969689,77.588834
12.959551,77.591932
12.981609,77.570712
12.970183,77.554837
12.988974,77.608384
12.921393,77.584822
12.990871,77.561659
12.979669,77.568068
12.989098,77.578668
12.937026,77.551782
12.98271,77.571947
12.953648,77.584225
12.957007,77.573843
12.989754,77.553624
12.968151,77.640707
12.912519,77.572322
12.97445,77.538709
12.972996,77.597068
12.964028,77.569935
12.978361,77.591073
12.955807,77.628371
12.984532,77.641592
12.98956,77.601802
12.987158,77.588943
13.001587,77.553737
12.975857,77.577189
12.991526,77.572885
12.971848,77.615529
12.975251,77.656995
12.922571,77.555335
12.968462,77.589124
13.010791,77.559361
12.985287,77.590374
12.966292,77.56637
12.915026,77.592049
13.000312,77.58424
12.964665,77.56307
12.981099,77.549164
12.96158,77.573021
12.972426,77.64739
12.957466,77.595735
12.991184,77.649046
12.96707,77.631389
12.96202,77.565369
12.964407,77.601506
12.919356,77.592604
13.00476,77.561007
12.940358,77.610917
12.935473,77.610641
12.95409,77.630972
12.983531,77.623486
12.985877,77.631691
12.977585,77.547791
12.956822,77.559988
12.971172,77.592923
12.977812,77.59533
12.94345,77.550147
12.980852,77.573141
12.91756,77.581056
12.947378,77.563277
12.972392,77.567781
12.979394,77.586644
13.011196,77.552923
12.969147,77.575103
12.967614,77.565615
12.92785,77.5917
12.972396,77.557847
13.015143,77.561976
13.025034,77.57641
12.918724,77.588479
12.974142,77.575549
12.974163,77.577085
13.003473,77.589198
12.964948,77.643498
12.934772,77.552727
12.921035,77.591674
12.970957,77.646409
12.996239,77.639062
12.978729,77.652789
12.934234,77.567064
13.003987,77.621791
12.963714,77.584471
12.948379,77.580521
13.007739,77.580852
13.013462,77.565271
12.931247,77.576169
12.974952,77.660981
12.967574,77.660177
12.962772,77.571924
12.994714,77.553678
13.00197,77.565993
13.007437,77.579661
12.965346,77.575214
12.996793,77.642275
12.980626,77.608697
12.998213,77.641413
12.973271,77.575135
13.006002,77.579204
12.990844,77.572896
12.99467,77.570163
12.975421,77.591696
12.977911,77.588554
12.982307,77.583094
12.988449,77.633314
12.996605,77.588814
13.009242,77.615685
12.964037,77.603088
12.985668,77.592923
12.928526,77.570883
12.977723,77.562795
12.981767,77.585748
13.003365,77.597008
13.002333,77.582539
12.958692,77.636622
12.926647,77.570526
12.988977,77.592515
12.997723,77.591016
12.989873,77.569904
12.91329,77.561432
12.973387,77.58123
12.942118,77.596837
12.911594,77.584371
12.918409,77.578317
12.991117,77.66086
12.980576,77.583699
13.003708,77.558795
12.958895,77.588969
12.933475,77.562265
13.028031,77.561123
13.017034,77.593628
12.941292,77.618915
12.975516,77.653517
12.945476,77.576221
12.999101,77.551448
12.970378,77.593031
12.918026,77.59407
12.994769,77.57297
12.981125,77.583304
12.918252,77.58672
12.994447,77.569994
12.971159,77.634263
12.980747,77.579067
13.01155,77.574181
12.964903,77.56386
12.931316,77.578611
12.929548,77.589587
12.962461,77.592443
12.965808,77.547106
12.979633,77.639193
13.017989,77.552745
12.97832,77.620922
12.922993,77.565836
12.972042,77.561413
12.95342,77.546143
13.001515,77.588503
12.91148,77.590836
12.982442,77.539198
12.98708,77.552625
12.980054,77.628129
12.986218,77.56253
12.991111,77.575857
12.96026,77.63646
12.985327,77.573049
12.927849,77.580975
12.938489,77.602948
12.96143,77.571826
12.969531,77.592723
12.974456,77.549859
12.937058,77.601292
13.001066,77.577087
12.964247,77.58286
12.998233,77.649339
12.974128,77.63407
12.979788,77.586163
12.950924,77.554249
12.980744,77.654259
12.970233,77.589488
12.963371,77.649146
12.976539,77.619347
12.967281,77.580226
12.982382,77.549833
12.988893,77.563874
12.967406,77.603025
12.973934,77.657318
12.98659,77.564846
12.986692,77.568517
12.966132,77.619488
12.992075,77.537837
13.016508,77.571144
12.925659,77.611608
12.9768,77.595255
13.01274,77.562449
12.986167,77.573887
12.973518,77.583641
12.961538,77.575111
12.990409,77.562612
12.942586,77.563306
12.933214,77.593832
12.989132,77.558574
12.953335,77.652766
12.943783,77.529959
12.982778,77.578617
12.972252,77.601649
12.983218,77.610432
12.943035,77.586401
12.994031,77.642656
12.983921,77.572857
12.982122,77.581254
12.929344,77.604542
12.943499,77.555343
12.980746,77.555949
12.964298,77.64192
12.976744,77.642237
12.916675,77.567351
12.919467,77.572583
12.984057,77.632589
13.016394,77.558631
12.99811,77.566931
12.989043,77.59082
12.983934,77.574677
12.983917,77.632284
12.976408,77.595513
12.914957,77.580746
12.980959,77.664247
12.963119,77.579428
12.950429,77.593644
12.969375,77.590574
12.934839,77.572206
12.99741,77.548799
12.967853,77.601388
12.94475,77.597919
12.987773,77.571379
12.984636,77.577412
12.994525,77.577007
12.965778,77.621216
12.915955,77.593976
12.960556,77.572681
12.961327,77.671534
12.979318,77.654913
13.011047,77.563101
12.933493,77.578205
12.924929,77.594607
12.946761,77.532537
12.924493,77.581589
12.993962,77.595106
12.971116,77.572376
12.989113,77.636945
12.951269,77.645038
13.003072,77.5605
13.037559,77.575913
13.015664,77.590473
13.006904,77.577322
12.974515,77.643786
12.96302,77.572218
13.004935,77.58205
12.990304,77.567177
12.934537,77.569741
13.006335,77.625202
12.98356,77.603552
12.973251,77.630755
13.002638,77.558825
13.00354,77.562
12.989823,77.572163
12.976404,77.551228
12.985568,77.538111
12.982776,77.63091
12.980248,77.639924
13.01499,77.584665
12.963379,77.580332
12.966466,77.590288
12.948642,77.634004
13.005181,77.579569
12.939052,77.557811
12.989645,77.592526
12.994405,77.623952
12.936459,77.605741
12.984454,77.560097
12.951568,77.572148
12.969155,77.558558
12.915608,77.595936
12.973035,77.562863
12.974995,77.566109
12.949105,77.58896
12.989997,77.655362
12.939265,77.567789
13.017201,77.586715
12.951604,77.62542
13.007727,77.558006
12.947717,77.623994
12.998214,77.570143
12.931073,77.536976
12.998587,77.636093
12.982596,77.579387
12.961333,77.584518
12.978733,77.675973
12.998888,77.58386
13.002408,77.636803
12.984685,77.605574
12.938019,77.544331
12.960512,77.577552
12.940822,77.599912
12.92536,77.592037
12.912578,77.599129
12.961222,77.572107
12.970193,77.634019
12.960349,77.644656
12.925615,77.57614
12.986508,77.652371
12.976475,77.638604
12.981848,77.628859
12.965943,77.666971
12.989015,77.590228
12.919981,77.57154
12.98273,77.603282
12.98949,77.638608
12.976704,77.571248
12.964271,77.606506
12.977437,77.575721
12.998433,77.560971
13.005899,77.579502
12.934973,77.588731
12.987079,77.599492
12.972857,77.598966
12.979532,77.58579
12.972974,77.609123
12.98867,77.584028
12.943982,77.61307
13.009215,77.560706
12.990337,77.56333
13.011959,77.582156
12.992685,77.591126
12.966291,77.556594
12.980029,77.653228
12.983132,77.640355
12.928388,77.578723
12.971439,77.639533
12.985964,77.558206
12.945784,77.577696
12.977241,77.662509
12.958934,77.544789
12.967082,77.633693
13.007982,77.556347
13.00543,77.664949
13.009077,77.55896
12.979235,77.636009
12.983299,77.607844
12.934828,77.585969
12.95983,77.571992
12.98505,77.581616
12.966785,77.630849
12.984116,77.620839
12.960739,77.609077
12.968797,77.642088
12.975462,77.591763
13.008519,77.560258
12.932518,77.533967
12.972841,77.546473
12.980152,77.627771
13.014599,77.582437
12.911082,77.558697
12.93561,77.594046
13.016877,77.580088
12.965544,77.580498
12.921586,77.576508
12.965429,77.552563
12.935987,77.557612
12.954351,77.563505
12.975583,77.630983
12.982721,77.621865
12.963224,77.647051
12.987605,77.580125
12.984486,77.554419
12.981375,77.627461
12.969943,77.603129
12.969258,77.644698
12.984696,77.571558
13.007489,77.553982
12.971413,77.67809
12.974182,77.591075
13.011243,77.596278
13.021699,77.605822
12.920153,77.579197
12.999245,77.577691
12.990941,77.569573
12.955959,77.570646
12.970234,77.578618
12.982709,77.573325
12.96786,77.658507
12.976191,77.576914
12.958119,77.583128
12.987235,77.564262
12.958127,77.590216
12.967579,77.575154
12.955333,77.578651
12.973346,77.649022
12.942349,77.557291
12.93355,77.565947
12.926655,77.574985
12.993924,77.552931
13.016151,77.565866
12.989939,77.551762
12.970444,77.584223
12.970326,77.573938
12.981941,77.583446
13.020556,77.566502
13.011638,77.591674
12.972058,77.559571
12.991127,77.635974
12.935824,77.616009
12.981864,77.568905
12.979663,77.577379
12.958748,77.571503
12.920441,77.572365
12.985402,77.665294
13.010264,77.577186
12.935952,77.584588
12.985723,77.561174
12.967738,77.606649
12.975941,77.661109
12.955127,77.585197
12.983291,77.565277
12.996696,77.570503
12.9622,77.60142
12.941032,77.570524
12.917616,77.592098
12.991531,77.577206
13.011708,77.574644
12.910567,77.558704
12.937898,77.615761
12.984437,77.635979
13.005811,77.546679
12.996791,77.558011
12.945896,77.592979
13.018908,77.586041
12.943404,77.556108
12.974298,77.575341
13.024311,77.560075
12.95671,77.553319
12.971624,77.564627
13.01093,77.568598
12.988851,77.584735
12.982614,77.585062
12.922642,77.561175
12.947675,77.560416
12.952352,77.583175
12.959485,77.668339
12.973795,77.553129
12.989095,77.629938
12.989012,77.611419
12.995453,77.585885
12.935254,77.584331
12.960941,77.574606
13.020806,77.56789
12.975575,77.651117
13.008069,77.571714
13.01073,77.568576
12.983694,77.62592
12.912502,77.597727
12.989617,77.641754
12.950792,77.571034
12.99231,77.561423
13.001977,77.566675
12.968389,77.560333
12.938533,77.584328
12.978213,77.621089
12.972252,77.575811
12.999949,77.585892
12.983641,77.547798
12.985025,77.574919
13.00872,77.564034
12.928407,77.573141
12.981466,77.643505
12.946018,77.603299
12.990969,77.637741
12.971756,77.57196
12.985916,77.572144
13.004448,77.571148
12.934032,77.549538
12.970778,77.594625
13.003386,77.579219
12.924962,77.556596
12.976521,77.642821
12.992574,77.591281
12.969115,77.56723
12.955481,77.572532
12.967642,77.659277
12.930414,77.577341
12.969105,77.576937
12.993766,77.561376
12.942449,77.57998
12.97221,77.670692
12.988578,77.633873
12.944755,77.607841
12.9631,77.563585
13.020459,77.567566
12.991506,77.575061
13.017728,77.575654
12.928021,77.603178
12.935745,77.597845
12.999876,77.58294
12.983839,77.634524
12.999671,77.569652
13.002279,77.575264
12.956186,77.564075
12.915154,77.596922
12.921651,77.560829
12.969977,77.66319
12.97941,77.557129
13.001986,77.567613
12.969598,77.572158
12.913767,77.586976
12.987451,77.588222
12.960896,77.585201
12.954034,77.548437
12.993464,77.61566
13.00312,77.592503
12.96668,77.632092
12.93231,77.572867
12.936449,77.546203
12.963162,77.623295
12.957815,77.592607
12.978699,77.633206
12.936035,77.596109
12.983683,77.568639
12.950375,77.575774
12.991292,77.577224
12.966843,77.549983
12.911521,77.595653
12.987917,77.572497
13.004276,77.576302
12.97342,77.668688
12.9767,77.570244
12.915304,77.569688
12.964174,77.569626
12.980334,77.579203
12.966907,77.659433
12.990829,77.61581
12.985345,77.582107
12.986841,77.566291
12.912853,77.561544
12.999957,77.561345
12.973556,77.650031
12.999016,77.573799
12.96231,77.583439
12.948709,77.604168
12.973968,77.584348
12.987289,77.558126
12.994027,77.561462
12.986098,77.589224
12.994675,77.575315
12.97902,77.569434
12.964984,77.58717
12.99438,77.630872
13.023969,77.557101
12.974425,77.590682
12.94723,77.550884
12.993078,77.565585
12.998917,77.580878
12.98317,77.648287
12.990608,77.598804
12.963849,77.580249
12.97839,77.636201
12.993037,77.563447
12.991919,77.570723
12.999429,77.590411
12.98005,77.543569
12.950713,77.590499
12.971964,77.596058
12.917007,77.59909
12.998329,77.58837
13.014989,77.587183
12.979309,77.653904
12.960515,77.523411
12.992376,77.564286
12.946802,77.576789
12.972529,77.638817
13.010314,77.57801
12.986949,77.656537
12.974853,77.56694
12.922218,77.564286
12.964295,77.675305
12.912429,77.584849
12.93382,77.624989
12.983481,77.560785
12.982648,77.645656
12.999429,77.5623
12.984767,77.548547
12.98385,77.575007
12.991398,77.567845
12.984016,77.552231
12.998538,77.560253
12.990698,77.619507
12.924361,77.597073
12.972514,77.58128
12.971456,77.640084
12.996063,77.577608
12.978769,77.652445
13.011023,77.583333
12.97991,77.64486
12.979728,77.645766
12.969482,77.59999
12.921372,77.583592
12.990013,77.638425
13.002029,77.654365
12.983288,77.574478
12.99227,77.593877
12.989956,77.578129
13.01487,77.585808
12.920283,77.583221
12.966017,77.581297
13.005284,77.581826
12.946122,77.580229
12.920542,77.569919
12.990123,77.567753
12.926855,77.554419
12.967011,77.649847
12.990488,77.570545
12.99041,77.645702
12.988806,77.670254
12.919258,77.548649
12.966471,77.556435
13.00969,77.577171
12.968767,77.564675
12.972009,77.56739
12.961817,77.651561
13.000746,77.580651
12.974719,77.533211
12.987047,77.622773
13.028174,77.566335
12.920266,77.562362
12.96265,77.635063
12.986185,77.574256
12.9195,77.582376
12.980406,77.636402
12.949232,77.583033
12.93424,77.603676
12.975189,77.546784
12.957355,77.620632
13.004674,77.650919
13.013892,77.570222
12.967564,77.616044
13.020311,77.572793
12.983908,77.627849
12.9742,77.582543
12.991011,77.627983
12.972902,77.588776
12.978337,77.653337
12.981311,77.658355
12.976264,77.642128
12.990528,77.605977
13.003506,77.573961
12.940986,77.593436
13.030386,77.556372
13.026116,77.573079
13.029659,77.570274
12.961287,77.662295
13.004397,77.581211
12.984325,77.591282
12.979023,77.597598
12.982117,77.579732
12.959894,77.640381
12.939592,77.579312
12.988175,77.649568
13.006375,77.56416
13.005697,77.589843
12.967655,77.554989
12.947528,77.635605
12.927625,77.574961
12.934356,77.576757
13.01011,77.64073
12.994794,77.542804
12.973682,77.592453
13.014329,77.56127
13.00619,77.579808
12.984058,77.567852
12.931335,77.591039
12.959541,77.592931
12.931349,77.584522
12.929982,77.596846
12.985392,77.623257
12.968849,77.59391
12.989061,77.569384
12.979792,77.584844
12.970645,77.639119
12.911317,77.606589
12.95292,77.641207
12.968397,77.588799
12.954779,77.64589
12.970624,77.565471
12.939216,77.603362
12.919939,77.567673
12.965759,77.550643
12.962938,77.647595
12.988149,77.590657
13.029455,77.577176
12.958718,77.652219
12.956318,77.630505
12.986181,77.631982
12.995153,77.616256
13.00338,77.570458
12.926487,77.560641
12.95995,77.620217
12.965317,77.556628
12.986391,77.591424
12.952386,77.615179
12.96861,77.576293
12.942045,77.568661
12.935949,77.564937
12.981425,77.581074
12.976688,77.646989
12.975931,77.573799
12.991131,77.637381
12.948648,77.545683
12.963298,77.655739
12.96868,77.563325
12.988222,77.569452
12.971373,77.573351
12.954273,77.535305
12.978264,77.563812
12.944768,77.600443
12.921332,77.583223
12.97247,77.591536
13.014431,77.576513
12.977096,77.570733
12.979062,77.582422
12.98377,77.572604
13.002631,77.535615
12.960312,77.616018
12.973017,77.574846
12.911365,77.574245
12.985052,77.561837
12.994188,77.579685
12.99182,77.583454
12.970567,77.578047
12.983404,77.562259
12.947938,77.681475
12.996839,77.660478
12.992387,77.570015
13.011184,77.655097
12.912394,77.563581
12.97929,77.58117
12.972485,77.566602
12.954333,77.586915
12.961687,77.582741
12.986073,77.588204
12.968914,77.656691
12.978464,77.661617
12.981813,77.579385
13.008205,77.579334
12.945963,77.566622
12.941768,77.576089
12.961526,77.635704
12.9425,77.578338
12.969951,77.571442
12.982509,77.596258
12.990902,77.58187
12.963769,77.574804
12.977709,77.593356
12.921214,77.605372
12.977927,77.647562
12.971498,77.541874
12.981897,77.638206
13.027517,77.558472
13.002461,77.579629
12.977077,77.577433
12.947787,77.603354
12.975325,77.577991
12.930193,77.563768
12.955993,77.598202
12.988477,77.660728
12.973523,77.579086
12.965692,77.599849
12.980582,77.571578
12.9629,77.610813
12.958792,77.571577
13.010043,77.542139
12.985809,77.565435
12.971361,77.623376
12.972205,77.584734
12.961962,77.612362
13.000467,77.567797
12.92688,77.562877
12.988666,77.58182
12.946839,77.542783
12.997342,77.551862
12.954881,77.586717
12.988378,77.647754
12.970959,77.576824
13.009445,77.595192
12.934562,77.592751
12.991052,77.634489
13.023788,77.610898
12.953364,77.587417
12.98651,77.638628
12.973991,77.64291
13.010876,77.578634
12.995556,77.631257
13.005055,77.601377
12.931635,77.590471
13.006276,77.553568
12.913149,77.580886
12.915957,77.577728
12.999773,77.562794
12.990731,77.567503
12.980943,77.580145
12.933859,77.575266
12.970244,77.576958
12.975785,77.569083
12.960243,77.617986
12.973942,77.575498
12.950174,77.583761
12.95611,77.635173
12.985501,77.594369
12.999061,77.666359
12.932792,77.570494
12.996194,77.562869
12.980747,77.635971
12.998218,77.563394
12.993521,77.578913
12.971871,77.636026
12.98267,77.664675
12.947045,77.573971
12.986133,77.56371
12.976682,77.625881
12.974181,77.630115
12.929772,77.579553
12.987618,77.556221
13.006748,77.590103
13.002396,77.561648
12.955919,77.568515
12.98264,77.575637
12.960658,77.569605
13.005026,77.607918
13.021007,77.555794
12.913462,77.594049
12.983681,77.631933
12.979248,77.595797
12.980526,77.664163
12.998202,77.597246
12.98028,77.643819
12.958559,77.627783
12.970541,77.569396
12.976644,77.547488
12.916692,77.607045
12.933091,77.570559
12.978541,77.564106
12.967614,77.581639
12.972904,77.579944
13.015672,77.553283
12.971875,77.557749
12.937081,77.587344
13.023141,77.57857
13.000748,77.577879
12.984261,77.57485
12.991607,77.610639
12.92829,77.583826
12.915096,77.55622
12.983511,77.584573
12.961188,77.557756
12.96652,77.565977
12.956574,77.579463
12.975349,77.635899
12.916675,77.567351
12.966236,77.593345
12.921335,77.57476
12.953657,77.542441
12.963759,77.569555
12.967714,77.537987
12.984285,77.554002
12.946783,77.564178
12.919285,77.562619
12.986972,77.643058
12.992302,77.591907
12.964179,77.63277
12.955919,77.568418
12.972408,77.615448
12.98817,77.581302
12.933651,77.565214
12.978992,77.569365
12.970334,77.631668
13.000239,77.640866
12.920165,77.566058
12.95916,77.591652
13.004934,77.567147
12.965193,77.632133
12.960748,77.660389
12.964479,77.653592
12.974359,77.560031
12.980699,77.654132
12.991994,77.658875
12.980586,77.649067
12.915779,77.583607
12.97736,77.580764
12.9703,77.59091
12.981326,77.590773
12.911157,77.552184
12.916847,77.561738
12.980088,77.567062
12.976282,77.583275
12.976118,77.6494
12.935653,77.564567
12.995004,77.585523
12.979118,77.638252
12.96481,77.5772
13.004351,77.643041
13.009806,77.642214
12.943591,77.587944
12.973566,77.562556
12.97356,77.619548
12.915582,77.584516
13.00057,77.577319
12.957662,77.6097
12.971041,77.539288
12.978723,77.649174
12.975794,77.586616
12.91717,77.570736
12.97064,77.573266
12.989371,77.594029
12.990821,77.585568
12.937445,77.597332
13.005528,77.542975
12.960206,77.577543
13.011739,77.581349
12.990128,77.563325
12.913582,77.588411
12.979401,77.580892
12.939334,77.594402
12.987592,77.593895
12.974226,77.57734
12.987992,77.621565
13.001191,77.578093
12.950154,77.592796
12.992207,77.677342
12.964803,77.638402
12.994193,77.580161
13.012227,77.57042
12.992831,77.572382
12.981724,77.650722
13.012674,77.569358
12.975588,77.581055
12.966075,77.582532
12.973463,77.562823
12.91763,77.570205
12.980186,77.565041
13.020398,77.588329
12.957255,77.631522
12.967579,77.570752
13.005741,77.567762
12.964197,77.576757
12.955942,77.565136
12.966281,77.633206
12.963194,77.544372
12.973691,77.649975
13.004115,77.572744
13.019899,77.598257
12.973608,77.595817
12.990481,77.556752
12.968114,77.588082
12.93615,77.549447
12.981215,77.556253
12.986866,77.560103
13.010979,77.560465
13.013934,77.647893
12.933566,77.581862
12.981445,77.588885
12.986032,77.602308
12.970808,77.580411
12.973681,77.641307
12.921696,77.574263
12.972286,77.582463
12.965823,77.560132
12.945591,77.553722
12.933857,77.574015
12.992247,77.671742
13.003291,77.648458
12.941776,77.56536
12.951719,77.551744
12.995933,77.560554
12.979492,77.548299
12.954805,77.574159
12.985516,77.570889
13.001187,77.632871
12.92012,77.561132
12.915325,77.567876
12.981481,77.646611
12.978423,77.553001
12.967829,77.559534
12.966415,77.544696
12.988849,77.60089
12.994011,77.565568
13.009961,77.579519
12.984521,77.599209
12.982588,77.568392
12.960146,77.581214
13.003853,77.586353
12.924024,77.586253
13.020436,77.567421
12.995274,77.570311
12.98468,77.656159
12.971414,77.576459
12.992396,77.578995
12.997323,77.562297
12.977426,77.582354
12.968254,77.544837
12.963064,77.644409
12.973578,77.559016
12.985651,77.562749
12.968476,77.632108
12.967901,77.593065
13.039387,77.575309
12.925617,77.577681
12.98678,77.560032
13.003265,77.566889
12.988882,77.584145
12.964811,77.567543
13.026523,77.587056
12.980867,77.56534
13.001929,77.553018
12.933349,77.580884
12.993251,77.661519
12.956283,77.533891
12.985284,77.570125
12.972413,77.592795
12.924225,77.588124
12.956201,77.634397
12.972624,77.616918
12.969206,77.580323
12.975686,77.631361
12.93958,77.543055
12.935492,77.596172
13.016574,77.568286
12.992623,77.571611
12.985694,77.57916
13.007029,77.584573
12.98318,77.580915
13.007722,77.546804
12.955077,77.562796
12.983435,77.568991
12.981373,77.595988
12.96643,77.595262
12.984897,77.563951
12.978444,77.552654
12.964107,77.581645
13.007792,77.577896
12.963142,77.636334
12.970916,77.566982
12.937516,77.558464
12.954161,77.59467
12.926098,77.604549
12.941592,77.542491
12.991713,77.648331
12.932134,77.58373
12.966152,77.580631
12.958901,77.566414
12.981235,77.56998
12.958348,77.592254
12.991909,77.610006
12.958974,77.558534
12.971661,77.641839
12.989246,77.574801
12.976105,77.580596
12.978482,77.634761
12.985592,77.638917
12.98105,77.649113
12.990535,77.587286
12.971933,77.565862
12.995377,77.582848
12.975565,77.570989
12.95928,77.601863
12.991346,77.638753
12.918122,77.572655
12.968848,77.608673
13.015664,77.561869
12.982801,77.575543
12.993662,77.579644
12.954635,77.568277
12.965996,77.583497
12.976173,77.624939
12.968609,77.588245
12.994164,77.644774
12.98351,77.658294
13.031802,77.569799
12.915927,77.615712
12.956039,77.636929
12.955556,77.555189
12.962425,77.573971
12.99117,77.65405
12.962235,77.661287
13.031603,77.552218
12.959343,77.577362
12.983326,77.635025
12.981446,77.560866
12.911278,77.627938
13.01076,77.557206
12.988088,77.62865
12.969651,77.582969
12.957633,77.576007
12.99263,77.584933
12.913215,77.581977
12.937394,77.581583
13.018559,77.595841
13.001219,77.594039
12.940782,77.58696
12.979516,77.568826
12.910476,77.566415
12.96602,77.552473
12.922174,77.568559
12.967005,77.556827
12.974613,77.556894
12.995819,77.668704
12.98797,77.571549
12.911029,77.5731
12.999862,77.572681
12.964402,77.585139
12.979639,77.603459
12.961193,77.636156
12.944243,77.59132
13.002162,77.561824
12.992497,77.633207
12.927407,77.563001
12.982829,77.628889
12.982482,77.585313
13.024035,77.547593
13.011295,77.552454
12.920123,77.54473
12.98163,77.631865
12.961424,77.576184
12.938079,77.586605
12.927756,77.6056
12.975402,77.651045
12.936268,77.589359
12.930154,77.570154
13.010452,77.575891
12.964405,77.594691
12.922335,77.587108
12.944458,77.558668
13.009489,77.584018
12.998193,77.589228
12.951819,77.586403
12.995905,77.59201
13.001417,77.641935
12.92824,77.573185
13.00887,77.58655
12.915313,77.572838
12.963173,77.571706
12.978965,77.574406
12.997568,77.54823
12.917928,77.577967
12.960394,77.562374
12.971564,77.588086
12.96761,77.574616
12.986909,77.576757
12.99636,77.552929
12.996395,77.646033
12.950071,77.576473
12.966961,77.655989
12.929032,77.584576
12.970225,77.582385
13.03283,77.58513
12.94941,77.548778
12.986588,77.574764
12.959743,77.590605
12.989071,77.5924
12.950139,77.589655
12.954606,77.581909
12.988805,77.582402
12.994595,77.557911
12.917872,77.580875
12.978144,77.56081
12.990901,77.558238
12.975761,77.663878
12.973131,77.585819
12.978748,77.55762
12.98447,77.664235
12.973372,77.558235
12.994705,77.542949
12.968303,77.59639
12.957651,77.568045
12.970217,77.563551
12.989008,77.636663
12.992092,77.63509
13.009512,77.567475
12.945747,77.583922
13.004791,77.596392
12.975862,77.658394
12.977909,77.563637
12.982308,77.572435
12.987474,77.600655
12.953087,77.598085
12.9813,77.548921
12.985563,77.588035
12.987202,77.57331
13.010791,77.559361
12.928106,77.609098
12.950413,77.579577
12.954793,77.651225
12.915458,77.563062
12.98061,77.563424
12.956065,77.580042
13.008928,77.569736
12.994248,77.55273
12.984912,77.565159
12.998714,77.590894
12.917105,77.561211
12.97541,77.56542
12.97565,77.645502
12.957604,77.585784
13.031857,77.568977
12.915028,77.570656
12.984528,77.560425
12.977739,77.568497
12.972257,77.647377
12.981555,77.5812
12.995649,77.639092
12.965785,77.647204
12.940435,77.573501
12.993177,77.607492
12.984548,77.589491
12.993778,77.630054
12.98864,77.628566
12.978006,77.584698
12.974092,77.642166
12.935089,77.567712
12.9772,77.547709
12.998057,77.567124
12.951294,77.55438
13.005749,77.627908
12.995176,77.580125
12.977338,77.570539
12.995252,77.585418
12.987187,77.585041
12.982854,77.590671
12.918175,77.601602
12.977179,77.577549
12.972226,77.574673
12.992734,77.642044
13.021956,77.565778
12.965225,77.624052
12.960263,77.558497
12.926252,77.587002
12.969523,77.605917
12.996191,77.633491
12.922837,77.609481
12.932665,77.579416
12.930107,77.592284
12.958677,77.585431
12.952274,77.665137
13.001466,77.554852
12.956593,77.584676
13.020577,77.600711
13.003459,77.567261
12.914525,77.573172
12.980524,77.56007
12.990742,77.575934
13.011234,77.576092
13.01972,77.568593
12.921873,77.62033
12.980148,77.579799
12.993994,77.62932
12.997661,77.647216
12.948105,77.587531
12.976466,77.569851
12.9964,77.591495
12.99522,77.658876
12.966542,77.632725
12.976798,77.582115
12.971586,77.563007
12.977944,77.641301
12.969352,77.631506
12.998206,77.594972
12.931522,77.618281
12.982028,77.618505
12.963871,77.626272
12.988591,77.630164
12.967094,77.589455
12.957655,77.561257
13.004183,77.556373
12.977513,77.65315
12.980677,77.596014
12.968826,77.549569
12.953642,77.586876
12.974131,77.660277
13.030593,77.580383
12.959197,77.585228
12.995265,77.539803
12.976188,77.633331
12.967703,77.576745
12.980638,77.579594
12.981956,77.565519
12.997097,77.597839
12.97841,77.572182
12.930182,77.56833
12.97968,77.587341
12.973794,77.638933
12.983636,77.654515
13.034777,77.564006
12.936273,77.56042
12.919059,77.582695
12.956968,77.629042
12.959258,77.571421
12.957782,77.628094
12.971987,77.564462
12.915938,77.54832
12.971162,77.551615
12.942092,77.589187
12.962687,77.560826
12.981184,77.649597
12.984718,77.651816
12.991669,77.556707
12.976366,77.65287
12.999156,77.666587
12.988172,77.569303
12.948241,77.650813
12.985621,77.616514
12.989589,77.572895
12.98273,77.596639
12.987172,77.574447
13.022772,77.623527
12.986185,77.574256
12.912982,77.576122
12.978545,77.563573
13.002286,77.583541
12.994628,77.575945
12.984325,77.591282
12.968871,77.557756
12.989356,77.610844
12.921851,77.578259
13.011532,77.58314
12.953209,77.567471
12.974799,77.610465
12.974248,77.643809
12.984933,77.551082
12.959614,77.643546
12.985399,77.653909
12.982423,77.633564
12.927159,77.597713
12.967824,77.548251
12.967072,77.642751
12.981605,77.600887
12.981128,77.590517
12.992234,77.57476
12.981001,77.569449
12.930166,77.582096
12.979308,77.570392
12.980128,77.581843
12.97353,77.580528
12.994048,77.570457
12.990277,77.588136
12.964551,77.569806
12.971764,77.640603
12.999965,77.59327
12.966995,77.61893
12.987161,77.555012
12.98699,77.621647
12.962015,77.576782
12.955659,77.580535
12.981446,77.594275
12.957415,77.581447
12.999326,77.548754
13.008824,77.552194
12.913818,77.594339
12.944808,77.585833
12.930903,77.578564
12.99932,77.573039
12.988342,77.583287
12.979157,77.561725
13.013645,77.585106
12.913272,77.602412
13.02128,77.581113
12.993975,77.618871
12.99136,77.631648
12.967147,77.56912
12.973818,77.631372
12.974086,77.57742
12.981391,77.555385
12.917969,77.560584
12.986351,77.654202
12.998328,77.533006
12.998447,77.560385
12.986695,77.581718
12.978079,77.574844
12.953801,77.554157
12.986338,77.609859
12.946024,77.626303
12.981857,77.570848
13.006194,77.566374
12.928021,77.591455
12.942094,77.597706
12.967267,77.563912
12.98902,77.577829
12.937387,77.652772
12.918544,77.625565
12.979585,77.626579
12.965957,77.560784
12.977803,77.575927
12.968354,77.648805
12.989586,77.578935
12.971115,77.570361
12.927904,77.571068
12.973017,77.574846
12.980243,77.634771
13.013752,77.668591
12.96138,77.558555
12.951241,77.579301
12.990118,77.573106
12.920768,77.583764
12.944695,77.55609
12.983381,77.573042
13.005547,77.57119
12.998393,77.59904
12.960465,77.563933
12.974522,77.574935
12.963111,77.638852
12.960748,77.619524
13.01716,77.549054
12.964996,77.58499
13.003099,77.586547
12.973592,77.572914
12.978072,77.567516
12.969136,77.638764
13.020176,77.638821
12.983694,77.62592
12.98195,77.559772
12.99745,77.565981
13.030903,77.577915
12.99151,77.642204
12.963344,77.627561
12.94809,77.579094
12.994733,77.566837
12.99809,77.580375
12.964292,77.643216
13.019136,77.591705
12.984966,77.657046
12.9955,77.574682
12.961008,77.656773
12.920875,77.573985
12.971177,77.568784
12.971462,77.559749
12.998355,77.574229
12.985223,77.58701
12.985609,77.63161
12.950238,77.554775
12.986994,77.624192
13.013206,77.564842
12.958986,77.579354
12.998396,77.570609
12.928462,77.582166
12.953999,77.55637
12.925258,77.565929
12.993636,77.655184
12.920187,77.56285
12.993081,77.641932
12.972904,77.56031
12.961613,77.574995
12.995531,77.575301
12.974131,77.660277
12.946511,77.656647
12.985798,77.577346
12.948576,77.570279
12.957034,77.590642
12.932726,77.579774
12.955234,77.586799
13.026802,77.555312
13.01403,77.594617
12.927083,77.566283
12.991078,77.636706
13.005477,77.6651
12.967533,77.582091
12.949368,77.549883
13.007882,77.632079
13.003059,77.56822
12.983946,77.56049
13.000814,77.593993
12.946771,77.591793
12.971972,77.637712
12.965832,77.568106
12.921662,77.587374
12.952178,77.572314
12.993479,77.66445
12.940408,77.557579
12.973374,77.573257
13.011152,77.577819
12.956228,77.59061
12.979977,77.565099
12.983652,77.545653
12.927974,77.567566
12.956734,77.57476
12.969847,77.60098
12.990792,77.64657
12.981983,77.569369
12.976313,77.583321
12.931527,77.552826
12.949725,77.592552
12.982462,77.62997
12.976521,77.65617
12.915276,77.579477
12.964814,77.569316
13.011299,77.55842
12.987788,77.56665
12.988524,77.560688
13.005529,77.661611
12.994705,77.653855
12.943475,77.554851
13.017111,77.609281
12.921736,77.579213
13.004322,77.568982
12.994163,77.634618
12.980802,77.596531
12.942989,77.620037
12.984653,77.584985
12.966522,77.564391
12.970512,77.578096
12.928503,77.585656
12.987842,77.577091
12.935457,77.535278
12.911352,77.60539
12.932276,77.550527
12.974553,77.572228
12.990753,77.646586
13.011184,77.580685
12.974806,77.574331
12.97863,77.577228
13.020718,77.552622
12.91149,77.578254
12.974378,77.559005
12.97747,77.5974
13.007426,77.576907
12.920104,77.581243
12.961975,77.57581
12.925023,77.637819
12.982469,77.555826
12.952025,77.573465
12.990804,77.654315
12.984871,77.564649
12.985372,77.637923
12.993065,77.552549
12.941348,77.605502
12.977868,77.587651
12.997199,77.597143
12.983726,77.581969
12.937744,77.565669
12.984657,77.590805
12.9312,77.544183
12.957604,77.581004
12.978548,77.610056
12.964235,77.620213
12.960951,77.578322
12.915072,77.592685
12.956609,77.554389
12.995295,77.625412
12.958448,77.588166
12.947383,77.581146
12.973938,77.580221
12.99717,77.556338
12.970819,77.569989
12.942839,77.594306
13.010035,77.631622
12.9558,77.596784
13.023722,77.551934
12.95087,77.616724
12.956358,77.643444
12.977736,77.619766
12.918864,77.559172
12.921749,77.555035
12.98305,77.594227
12.971027,77.651075
12.998754,77.60074
12.966075,77.582532
13.00011,77.584008
13.000556,77.557232
12.982886,77.596044
12.978856,77.632398
12.996015,77.560318
12.956283,77.584474
12.962438,77.546638
12.974411,77.578685
12.918917,77.575993
13.009286,77.561643
12.979741,77.564938
12.990281,77.619821
12.97265,77.625687
12.98647,77.567996
12.968264,77.665257
12.976034,77.65367
12.987845,77.650851
13.00404,77.667187
12.960398,77.639807
12.973505,77.634076
12.917807,77.566629
12.989131,77.567086
12.988407,77.615032
12.986399,77.632576
12.912691,77.563599
12.92079,77.577297
13.007189,77.571064
13.00114,77.555515
12.971473,77.584705
12.991763,77.552404
12.973609,77.564824
12.990287,77.586055
12.983617,77.562641
12.98613,77.651051
13.026452,77.554507
12.943373,77.585875
12.986473,77.560731
12.970158,77.559013
12.915944,77.562778
12.997888,77.574095
12.975263,77.584549
12.994974,77.651301
12.920426,77.567576
12.922183,77.584353
12.977493,77.565518
12.984065,77.567635
12.969451,77.589941
12.946523,77.589319
12.986267,77.564498
13.010752,77.562438
12.963936,77.666819
12.979372,77.630511
12.968806,77.641979
12.921398,77.561019
12.992831,77.582015
12.986124,77.612817
12.972377,77.579136
12.919818,77.602896
12.994828,77.580914
12.988952,77.555998
12.943779,77.564438
12.95238,77.551917
12.986738,77.639121
13.002831,77.583108
12.981323,77.642885
12.931661,77.558767
12.961343,77.57274
12.931097,77.597779
12.992347,77.659794
12.985231,77.623537
12.976179,77.587038
12.975835,77.625602
12.969513,77.574722
13.026128,77.631249
12.921959,77.606111
12.985,77.597762
13.026351,77.577885
12.988193,77.575851
13.020412,77.577313
12.996272,77.565449
12.999557,77.568395
12.923908,77.56728
12.994397,77.575997
12.962827,77.578179
12.973077,77.65036
12.98816,77.563879
12.984747,77.564138
12.967609,77.596969
12.969613,77.617445
12.992421,77.579551
12.942248,77.592595
12.922013,77.598965
12.987457,77.566441
12.979063,77.618131
13.001439,77.569759
12.973759,77.5782
12.949527,77.57033
12.956346,77.5741
12.980289,77.561289
12.947246,77.585318
12.914064,77.557364
12.965592,77.56498
12.962148,77.568878
12.982065,77.540802
12.991117,77.649449
12.961967,77.576042
12.965358,77.587378
13.006818,77.558194
12.937438,77.591215
12.939161,77.590349
12.951368,77.582855
12.94619,77.569091
12.955911,77.547697
12.974544,77.573062
12.969623,77.589905
12.936384,77.567056
12.922099,77.556291
12.95389,77.628896
12.924103,77.559674
12.938477,77.559789
12.953899,77.603356
12.988588,77.560374
12.979751,77.597219
12.986963,77.638221
12.979721,77.565535
12.973443,77.564314
12.97877,77.64365
13.025897,77.570182
12.96224,77.567347
12.973093,77.597844
12.967563,77.56362
12.984892,77.581513
12.981074,77.566002
13.020439,77.579815
12.942048,77.581037
12.985795,77.610317
12.970166,77.581053
12.987948,77.565076
12.950805,77.599591
12.931818,77.590515
13.010011,77.552541
12.995521,77.582167
12.968805,77.559427
12.958677,77.585431
13.007099,77.572509
12.979694,77.634351
12.93287,77.600074
12.993853,77.587679
12.980846,77.577612
12.983303,77.576375
12.935766,77.651507
12.993037,77.56412
12.964855,77.591064
12.923684,77.576271
12.969679,77.538454
12.998064,77.549733
12.981535,77.584475
13.023759,77.544699
12.968571,77.591736
12.990279,77.594745
12.968167,77.569149
12.969566,77.578973
12.969845,77.597775
12.977332,77.587341
12.980329,77.656216
12.954185,77.556081
12.981766,77.549015
12.968718,77.594655
13.005986,77.549824
12.979322,77.654728
12.950716,77.566733
13.010857,77.575274
12.972748,77.583054
12.970186,77.586915
12.94222,77.597884
12.986167,77.583478
13.004057,77.560411
12.959412,77.583553
12.977892,77.574308
13.024258,77.590462
13.007875,77.597194
12.911152,77.550946
13.009214,77.550207
12.965245,77.628626
13.007088,77.572991
12.980758,77.565414
12.971015,77.55717
12.991758,77.638383
12.969011,77.650269
13.002395,77.560746
12.955676,77.530368
12.924753,77.56322
13.001161,77.570181
12.955766,77.579411
12.97766,77.576664
13.00002,77.577003
12.946921,77.571382
12.971823,77.566566
12.977646,77.559992
12.982318,77.637046
12.985926,77.58332
13.008,77.582682
12.942816,77.643695
12.976694,77.631023
12.933493,77.578205
12.953632,77.64675
12.972256,77.561957
12.956505,77.574965
12.972579,77.61681
12.986446,77.648002
12.978147,77.566667
12.931375,77.611747
12.989155,77.649778
12.991956,77.572305
12.971125,77.637679
12.956657,77.560952
12.960153,77.637195
12.941115,77.574799
13.009737,77.584558
12.963141,77.64189
12.966197,77.577227
12.983223,77.64541
12.964161,77.566807
13.02873,77.637042
12.964537,77.576415
12.976428,77.583132
12.980575,77.646097
12.982927,77.57853
12.976692,77.561879
12.980135,77.655083
12.931,77.605932
12.933609,77.564719
12.988333,77.629948
13.013966,77.558952
12.918828,77.599072
12.936309,77.592014
12.960134,77.572393
12.958949,77.667644
12.973467,77.567979
12.965136,77.658129
12.954364,77.656603
12.962882,77.558393
12.986517,77.538997
12.931476,77.541272
12.989549,77.568602
12.974724,77.5658
12.968301,77.586547
12.980945,77.657856
12.998555,77.639323
12.982207,77.598486
12.990965,77.590891
12.998768,77.62736
12.993286,77.564421
12.985757,77.626167
13.007816,77.554833
13.004736,77.556939
12.972431,77.55871
12.950761,77.582547
13.00045,77.598573
12.98051,77.649074
13.011625,77.596345
12.98412,77.550647
13.007357,77.570026
12.984193,77.566297
12.976999,77.587005
12.945427,77.568804
12.982303,77.632159
12.98405,77.599794
12.943671,77.583936
12.973827,77.64452
12.977847,77.66798
12.930198,77.580102
12.96549,77.647933
12.978523,77.667212
12.97472,77.567631
12.967291,77.568271
12.969306,77.651058
13.011296,77.651113
12.936569,77.593256
12.996796,77.571849
12.969038,77.571407
12.925426,77.589435
12.988687,77.577725
12.995848,77.570213
12.921272,77.568091
12.951796,77.560283
12.952045,77.604403
12.980656,77.642686
12.953164,77.574471
12.963182,77.567362
12.970529,77.56413
12.965117,77.592817
12.990986,77.610479
12.94452,77.600098
12.992616,77.558932
12.973302,77.543325
12.951718,77.5498
12.915929,77.601013
13.002494,77.552729
12.968132,77.626797
12.926361,77.60376
12.924262,77.602601
12.950558,77.562847
12.950614,77.605539
12.96631,77.590557
12.920266,77.590683
12.927344,77.607597
12.969161,77.576958
12.97621,77.655846
12.969411,77.637715
12.992784,77.575868
12.984783,77.587306
12.981225,77.647368
12.989358,77.555473
12.981297,77.636159
12.9635,77.585835
12.955231,77.57626
12.97631,77.567219
12.983184,77.583304
12.985666,77.571903
12.960376,77.573668
13.020927,77.568331
12.975466,77.664671
12.974122,77.654627
12.971929,77.609352
12.930295,77.574339
12.970846,77.59058
12.981293,77.594539
12.919613,77.562224
12.992686,77.569275
12.932417,77.588919
12.942007,77.578107
12.957066,77.564461
12.982322,77.586219
12.911627,77.574704
12.995351,77.570211
12.981276,77.648889
12.921648,77.59508
13.004949,77.575612
12.983365,77.570194
13.025113,77.55078
12.955007,77.582178
12.98157,77.555641
12.920246,77.549883
12.955422,77.587111
12.984325,77.591446
12.996401,77.585694
12.968584,77.533772
12.947975,77.575816
12.963341,77.598062
12.950542,77.64986
12.967983,77.596979
12.932649,77.573803
13.001017,77.574921
13.005697,77.589843
12.992263,77.591003
12.953855,77.582839
12.979341,77.600325
12.941775,77.603907
13.000695,77.599703
12.944957,77.644127
12.969701,77.557892
12.923031,77.569751
12.98575,77.588934
12.98476,77.666079
12.947544,77.569762
12.990058,77.584361
12.962419,77.654342
12.957285,77.572304
13.010654,77.544322
13.012605,77.553008
12.951581,77.582808
12.992025,77.569936
12.978165,77.637493
12.978245,77.628494
12.960817,77.582242
12.979389,77.649879
12.972091,77.573933
12.96671,77.651067
12.992137,77.576004
12.990551,77.646497
12.986984,77.628983
12.979956,77.616691
12.989851,77.580819
12.992221,77.552376
12.981248,77.550019
12.957742,77.593465
12.995718,77.638655
12.9543,77.580779
12.979116,77.580776
12.967358,77.580889
12.974386,77.607336
12.956056,77.659163
13.005233,77.554925
12.985713,77.558273
12.968996,77.579931
12.936635,77.563771
13.016939,77.58479
12.997616,77.578736
12.992324,77.628948
12.977272,77.588994
12.948052,77.59409
12.956436,77.563132
12.998703,77.583481
12.986418,77.536058
12.935877,77.620972
12.987347,77.592781
12.973822,77.573147
13.004177,77.602482
12.982883,77.589682
12.952272,77.579523
12.984041,77.637669
12.994034,77.577402
12.980252,77.62645
12.92215,77.613297
12.973906,77.592808
13.02009,77.63233
13.016969,77.562818
13.008373,77.567026
12.943072,77.603985
12.957244,77.577461
12.963539,77.56125
12.955671,77.564068
12.978725,77.639469
12.970621,77.588783
12.942732,77.650412
12.972847,77.587621
12.98105,77.649113
12.993026,77.552286
12.963413,77.581734
12.986518,77.577272
12.966716,77.591944
12.912298,77.572628
12.930944,77.586086
12.94686,77.560554
12.971174,77.6286
12.998556,77.56387
12.987593,77.649557
12.91139,77.573007
12.985396,77.635168
13.015022,77.574091
12.965425,77.572669
12.969129,77.576206
12.914053,77.613158
12.998643,77.567711
13.002891,77.569716
12.974679,77.567392
13.007248,77.630223
13.027968,77.561598
12.927429,77.578886
12.970344,77.57823
12.98154,77.594593
12.940065,77.564956
12.96774,77.580262
12.999953,77.549301
12.962376,77.575479
12.927228,77.555914
13.016267,77.577233
13.012346,77.596812
12.983782,77.631677
12.998094,77.650333
12.976863,77.628899
12.922224,77.599275
12.979396,77.5735
13.018838,77.567567
12.971825,77.585617
12.992713,77.656903
12.940563,77.569255
12.937658,77.573316
13.006078,77.609904
12.975021,77.584048
12.998496,77.596428
12.954351,77.563505
12.98987,77.641657
12.985069,77.565349
12.985902,77.575691
12.970844,77.577544
12.966848,77.594793
12.96843,77.571863
12.971391,77.597607
12.994552,77.574704
12.972213,77.586484
12.992659,77.603631
12.935167,77.591451
12.975829,77.56916
13.006201,77.571617
12.954103,77.607068
13.000448,77.590076
12.921962,77.575373
12.976941,77.597582
12.975403,77.58889
12.943935,77.564232
12.949005,77.646704
12.925031,77.589656
12.969607,77.576732
12.983405,77.648591
12.939265,77.567789
12.922726,77.578982
12.925605,77.565786
12.968297,77.641063
13.001512,77.598894
12.968657,77.57346
12.971553,77.641755
12.977605,77.580399
12.976218,77.572337
12.978603,77.549716
12.971689,77.633596
12.989085,77.55671
13.008991,77.55603
12.961414,77.547349
12.973087,77.638636
12.980136,77.567343
13.006685,77.558028
12.992276,77.585252
12.960064,77.639442
12.96731,77.626949
12.969101,77.56951
12.935109,77.561427
12.925888,77.571317
12.983307,77.623867
12.946641,77.583699
12.910225,77.555026
12.958541,77.587411
12.98587,77.633474
12.985193,77.586798
12.999171,77.577676
12.917069,77.604718
12.989821,77.564239
12.975814,77.648619
13.022772,77.623527
12.99025,77.635414
12.961769,77.579113
12.959949,77.654479
12.915325,77.567876
12.947752,77.560564
13.013718,77.611471
12.918276,77.583063
12.95736,77.648464
12.948073,77.586716
12.963064,77.644409
12.992488,77.644725
12.98172,77.644507
12.970158,77.610695
12.926464,77.560958
13.007768,77.596022
13.004052,77.568905
12.975707,77.587286
12.975016,77.631558
12.984644,77.622294
13.025762,77.549157
12.996335,77.572964
12.972163,77.579198
12.958248,77.55862
12.99279,77.582112
12.917225,77.619156
12.960473,77.563574
13.012753,77.572591
12.960869,77.556773
12.996288,77.650591
12.918276,77.583063
13.0256,77.575481
13.010428,77.564454
12.966241,77.578087
12.964346,77.631833
13.006,77.566972
12.964754,77.620658
12.982996,77.571832
12.967503,77.548104
12.993901,77.57811
12.976126,77.568983
12.921972,77.581803
12.923406,77.596389
13.009038,77.566737
12.990473,77.600017
12.947629,77.550464
12.988464,77.663013
12.955075,77.583524
12.965177,77.649148
12.937745,77.597463
13.0162,77.550171
12.92551,77.585649
13.003344,77.615444
12.988907,77.671944
12.990464,77.652397
12.992076,77.646259
12.937933,77.605876
12.98226,77.651693
12.985167,77.592258
12.959148,77.597893
12.987606,77.562482
12.976343,77.556033
12.93572,77.588689
12.921772,77.57491
13.021269,77.574401
12.94915,77.630187
12.978789,77.645158
12.97343,77.561973
12.939589,77.56027
12.917921,77.571852
12.982681,77.637955
13.010509,77.594506
12.984137,77.663999
13.00797,77.593738
13.002873,77.55151
12.924828,77.590007
13.000231,77.642785
12.926097,77.559624
12.962207,77.57333
12.975288,77.547712
12.976564,77.614731
12.962816,77.540904
12.981874,77.630211
13.030501,77.546181
12.990704,77.571738
12.990042,77.65148
12.962183,77.562219
12.963563,77.548495
13.024333,77.564506
12.968425,77.664523
12.910448,77.570746
12.978042,77.634695
12.967438,77.579417
12.925096,77.577548
12.975775,77.623843
12.970206,77.612049
12.9892,77.575982
12.981924,77.651124
12.948923,77.586674
12.974829,77.594747
12.968993,77.581683
12.991236,77.592696
13.024937,77.571978
12.975745,77.575974
12.965894,77.569323
12.954541,77.665134
12.957367,77.572541
12.993712,77.592616
12.969786,77.616408
12.919788,77.606981
12.96288,77.581758
13.008891,77.555255
12.983746,77.559761
12.978227,77.557897
12.984471,77.585467
12.990118,77.580932
12.972047,77.572502
12.977921,77.588407
13.011527,77.535168
12.959977,77.655768
12.952374,77.572642
12.912939,77.546408
12.925325,77.613064
12.927197,77.561275
12.961582,77.557978
12.996668,77.578588
12.983946,77.639127
12.970684,77.571734
12.990506,77.594598
13.018473,77.596067
13.020176,77.638821
12.986247,77.561512
12.951859,77.623202
12.974679,77.586229
12.957651,77.568045
12.992497,77.585673
12.981956,77.595731
12.925702,77.579993
12.990992,77.573222
12.969425,77.578762
12.929712,77.582851
12.971712,77.561502
12.949518,77.570685
12.981592,77.580292
12.980223,77.5738
12.973283,77.644305
12.92841,77.580475
12.971616,77.573361
12.985861,77.562056
13.01074,77.585486
12.994421,77.581826
12.986967,77.657461
12.990044,77.576159
12.959364,77.572109
12.977733,77.584615
12.957614,77.571113
12.973285,77.565868
12.936191,77.563139
12.966107,77.594565
12.965513,77.597472
12.983056,77.566517
12.935668,77.597663
12.940964,77.568823
13.002633,77.551169
12.967216,77.649214
12.930123,77.554718
12.971333,77.659181
12.926681,77.571484
12.972186,77.569865
13.00205,77.567571
12.972357,77.625835
12.965614,77.650665
12.964495,77.59012
12.959227,77.573688
12.917157,77.582524
13.003957,77.582307
12.978914,77.644534
12.996241,77.563341
12.981834,77.578475
12.960732,77.580724
12.981084,77.561856
12.967808,77.585731
12.986594,77.57186
12.996813,77.637057
12.978397,77.583614
12.961698,77.652565
12.998106,77.567977
12.987876,77.551288
12.972015,77.590525
12.927269,77.563572
12.958179,77.633083
13.00708,77.530808
12.919205,77.585251
12.958533,77.575513
12.915409,77.569572
13.006917,77.56572
12.9266,77.599143
12.913074,77.588817
12.980537,77.579493
12.933472,77.563049
12.911988,77.570794
12.951967,77.589577
12.985251,77.593659
12.976885,77.584107
12.992869,77.576761
13.011568,77.601132
12.982733,77.56893
12.978936,77.596652
12.974631,77.590597
12.936595,77.598297
12.911324,77.566848
12.980699,77.654132
12.964776,77.639096
12.961651,77.598878
12.966634,77.641078
12.984297,77.592857
13.000351,77.577344
12.919418,77.587984
12.952743,77.578646
12.954929,77.571391
12.987605,77.580125
12.980139,77.618634
12.968146,77.55055
12.982218,77.570353
12.929728,77.573779
13.022777,77.570571
12.985259,77.637027
12.965217,77.555657
12.941771,77.578201
12.982379,77.561543
12.982174,77.634092
12.949826,77.583043
12.983341,77.649118
13.000325,77.618964
12.970318,77.586686
12.985236,77.587355
12.946702,77.572088
12.969417,77.651992
12.970593,77.58819
12.953215,77.550891
12.980586,77.605918
12.998932,77.550613
12.974,77.658447
12.940184,77.584886
12.969512,77.567896
12.978443,77.660489
12.973665,77.598178
12.964139,77.653633
13.008998,77.563394
12.967771,77.588041
12.95044,77.643496
12.950123,77.58372
12.937939,77.567372
12.975781,77.662649
12.992195,77.652522
13.006764,77.579175
13.013506,77.562543
12.978593,77.686841
12.918815,77.576723
13.011515,77.585635
12.963201,77.632807
12.96729,77.596085
12.984843,77.637927
13.023665,77.631116
13.009427,77.635241
12.978576,77.565628
12.988919,77.574867
12.984134,77.561415
12.98942,77.599414
12.9883,77.545775
12.968146,77.572381
12.927,77.611071
12.998851,77.639334
12.983492,77.590532
12.999674,77.59333
12.948226,77.60019
12.995435,77.586926
13.000315,77.603694
13.016538,77.55427
12.9489,77.627449
12.967986,77.658458
13.006107,77.541355
12.964392,77.639096
12.973465,77.563492
12.953649,77.628013
13.0149,77.58096
12.989754,77.559871
13.001102,77.56338
12.967513,77.572018
12.975616,77.639922
12.993954,77.543555
12.973731,77.560664
12.955577,77.538264
12.960135,77.619912
12.996336,77.588423
12.985151,77.589733
12.935369,77.595001
12.993613,77.65316
12.990163,77.626884
12.934258,77.573682
12.984995,77.638667
12.981864,77.568905
12.974083,77.547059
12.996117,77.544294
12.97552,77.636533
13.004061,77.577821
12.968356,77.565481
12.974406,77.583725
12.965177,77.649148
12.985725,77.587058
12.949685,77.551928
13.002935,77.59792
12.961889,77.575005
12.96854,77.634694
12.965891,77.653477
12.968583,77.576473
12.980096,77.567622
12.974767,77.588877
12.987259,77.575899
12.97139,77.572067
12.966741,77.648681
12.985434,77.577676
12.990846,77.57104
12.965468,77.578242
13.006725,77.571495
12.960727,77.563454
12.96437,77.641823
12.956378,77.630137
12.956484,77.550595
12.9818,77.618899
12.974739,77.554054
12.96711,77.603932
12.970232,77.647087
12.989583,77.551153
13.002923,77.570428
12.990778,77.568968
12.959977,77.655768
12.914367,77.59001
12.922835,77.584256
12.967775,77.590858
12.993864,77.584876
12.980936,77.612921
12.959856,77.578956
12.981192,77.628869
12.964295,77.584991
12.978948,77.586024
13.017256,77.635233
12.967183,77.529816
12.981907,77.580487
12.912532,77.593236
12.960798,77.590831
12.981649,77.582315
12.959256,77.579332
12.959769,77.639585
12.989259,77.605494
12.922043,77.58486
12.919217,77.598205
12.986106,77.581213
12.984938,77.628708
13.002444,77.587486
12.967874,77.582278
12.977926,77.576586
12.944034,77.587024
12.972191,77.571416
12.989992,77.583797
12.995976,77.582634
12.975546,77.569297
12.984454,77.571966
12.999486,77.591855
12.969448,77.638944
12.929275,77.56072
12.99911,77.576971
12.993187,77.577431
12.981193,77.563994
12.96504,77.601185
13.00077,77.579486
12.999096,77.578006
12.995199,77.621534
12.985569,77.580937
12.975324,77.595941
12.953799,77.593298
12.967043,77.639792
12.937939,77.567372
12.965461,77.646795
12.999615,77.598666
12.96978,77.568543
13.005464,77.558982
12.976727,77.650609
12.954289,77.618912
12.938749,77.576988
12.99956,77.582502
12.976568,77.644575
12.984607,77.594828
12.96415,77.571642
12.983478,77.654033
13.020176,77.638821
12.960804,77.641569
12.913902,77.575326
12.966176,77.554617
12.992534,77.540808
12.928106,77.609098
12.98034,77.576922
12.988203,77.583304
12.980059,77.638632
12.913337,77.616658
12.953154,77.59848
12.969017,77.662409
12.979503,77.602559
12.997778,77.62702
12.994511,77.572104
12.980725,77.574382
12.922882,77.59229
12.968584,77.645026
12.971845,77.573079
12.994553,77.587205
12.940648,77.582593
12.974489,77.555109
13.020403,77.56464
12.969381,77.64099
12.982157,77.657582
13.004159,77.561763
12.982994,77.577238
12.974909,77.582789
12.996335,77.572964
12.978302,77.552508
13.003299,77.552282
12.973098,77.6352
12.959949,77.657534
12.931098,77.552797
12.95865,77.585956
12.971633,77.593022
12.920144,77.603899
12.960546,77.583616
12.973558,77.623977
12.959008,77.626474
12.993239,77.562238
13.010358,77.592455
12.985384,77.558894
13.004348,77.584107
12.968831,77.609846
12.930723,77.56696
12.994069,77.615473
12.962873,77.617735
12.938173,77.583688
13.007128,77.54971
12.985827,77.63992
12.985912,77.559793
12.991676,77.657419
12.990015,77.558374
12.973166,77.572836
12.955692,77.623615
12.927935,77.588589
12.988277,77.626027
12.999142,77.629386
12.985206,77.588226
12.985491,77.566871
12.999287,77.595299
12.971524,77.641266
12.97048,77.587417
12.92809,77.567709
12.948114,77.562306
12.946759,77.57345
12.963595,77.608461
12.974873,77.590868
12.963136,77.597169
12.966356,77.607368
12.962874,77.579461
13.008443,77.569573
12.932504,77.527
12.969181,77.549028
13.016396,77.554343
12.990742,77.58314
12.949043,77.579346
12.943077,77.577132
12.987196,77.649334
12.95391,77.554778
12.983618,77.547847
12.975545,77.535889
12.98782,77.573011
12.97019,77.578157
12.919789,77.56966
12.942738,77.579558
12.972389,77.632022
12.973947,77.587252
12.988033,77.655278
12.977709,77.593356
12.981734,77.54878
12.965796,77.566148
12.951883,77.573661
12.969886,77.62178
12.982361,77.649607
12.974635,77.571404
12.98064,77.629928
12.968962,77.566332
12.958452,77.626898
12.92824,77.573185
12.988016,77.552921
12.917091,77.61449
12.94109,77.591147
12.968443,77.567252
12.977841,77.639036
12.938282,77.557765
12.976326,77.556288
12.970273,77.599151
12.971065,77.634851
12.924119,77.56256
12.983547,77.584637
12.97762,77.605204
12.976458,77.563807
12.99879,77.554113
12.992521,77.643384
12.967527,77.556378
12.929913,77.581138
12.969212,77.653029
12.969763,77.56732
12.913107,77.553976
12.987107,77.658935
12.953964,77.57818
12.984537,77.590176
13.015585,77.5739
12.941728,77.563922
12.990619,77.571995
12.912187,77.580346
12.994457,77.574727
13.008783,77.664461
12.9943,77.649846
12.958184,77.569926
12.988807,77.592297
12.977283,77.574582
13.001456,77.604139
12.984769,77.606297
12.969708,77.57324
12.9973,77.567596
13.01182,77.564978
12.95905,77.582274
12.987876,77.551288
12.954053,77.618906
13.015857,77.579018
12.973788,77.574283
12.990782,77.538307
12.957082,77.6574
12.983022,77.563491
12.953853,77.578517
12.966829,77.569692
12.956714,77.586723
13.000395,77.603483
12.930589,77.597047
12.966202,77.587504
12.9577,77.585102
12.999716,77.565799
12.952038,77.616063
12.95427,77.584104
12.984365,77.568879
12.937411,77.57034
12.982725,77.585954
12.983023,77.590948
12.96774,77.580262
13.001182,77.631353
12.98427,77.632367
12.991826,77.582256
13.025516,77.650506
12.935316,77.599855
12.972028,77.558334
12.961252,77.588088
13.028454,77.572481
12.978413,77.587502
13.010533,77.570539
12.985516,77.638073
12.990159,77.653297
12.990531,77.648367
12.953738,77.587033
12.938273,77.549357
12.988489,77.566629
12.960183,77.640145
13.010568,77.576026
12.962615,77.648467
13.017698,77.596238
12.976352,77.664952
12.989991,77.62127
13.014678,77.591124
12.994535,77.556136
12.988666,77.58182
12.954529,77.601297
13.0003,77.550033
12.982425,77.580875
12.970391,77.568609
12.957891,77.670168
12.913687,77.573911
12.964364,77.581074
12.943523,77.602161
13.019136,77.591705
12.95284,77.584305
12.922649,77.557563
12.990035,77.641369
12.954996,77.567484
12.97506,77.564884
12.98856,77.633757
12.980117,77.569463
12.974802,77.577632
12.911668,77.584724
12.955942,77.565136
12.993731,77.648748
12.974304,77.65088
12.968625,77.592629
12.917202,77.617311
13.009238,77.572143
12.982528,77.628122
12.965046,77.555184
12.947295,77.603223
12.977781,77.586411
12.967305,77.5864
12.953264,77.661499
12.986486,77.59502
13.018705,77.583447
12.971264,77.590473
12.956985,77.660949
13.004665,77.585176
12.942438,77.566236
12.92741,77.554703
12.916626,77.539223
12.969215,77.649252
12.957405,77.582935
12.971311,77.669857
12.971256,77.656846
12.978116,77.578564
13.015638,77.573988
12.938273,77.549357
13.001827,77.583064
12.985036,77.563716
12.954262,77.543023
13.005464,77.553875
12.922453,77.587859
12.941053,77.5783
12.993203,77.652394
12.94117,77.601549
13.028333,77.578928
12.914682,77.575426
12.955942,77.633691
12.960916,77.577264
13.013263,77.56312
12.990139,77.602406
12.927147,77.601924
12.962774,77.653259
12.990025,77.58932
12.937406,77.575592
13.00543,77.664949
12.922961,77.572055
12.953006,77.615776
12.993657,77.588164
12.977503,77.66597
12.995153,77.616256
13.008701,77.561298
12.995099,77.571936
12.966191,77.596423
12.95455,77.585873
12.972394,77.65088
12.998028,77.570234
12.970012,77.649916
12.976819,77.571307
13.024037,77.549491
12.976331,77.556997
12.984539,77.573959
12.984936,77.6089
12.963671,77.566816
12.96833,77.568865
12.934604,77.602984
12.920586,77.570851
12.976567,77.566789
12.976214,77.578517
12.943474,77.580115
13.003225,77.565396
12.967909,77.572
12.918861,77.640326
12.997941,77.646526
12.992663,77.56811
12.998475,77.597847
12.965917,77.554268
12.971217,77.577357
12.969432,77.576814
12.947788,77.596278
12.939563,77.539878
12.972041,77.545117
12.942593,77.574014
12.970297,77.644018
13.008722,77.584059
12.995324,77.647483
13.008928,77.573624
12.9398,77.562313
13.019014,77.566265
12.917845,77.598947
12.926914,77.594014
12.9489,77.627449
12.92546,77.596087
13.0014,77.583724
12.994993,77.57674
12.955577,77.538264
12.986346,77.566386
12.955766,77.579411
12.980477,77.546085
13.003971,77.556559
12.979648,77.634643
12.946446,77.549419
12.969747,77.640359
12.957233,77.654586
13.032919,77.554314
13.002376,77.579183
13.008368,77.57286
12.9568,77.628597
12.996312,77.572985
12.980988,77.589222
12.975728,77.54058
12.984121,77.630926
12.963286,77.606106
12.971014,77.652151
12.971697,77.627539
12.986543,77.534656
13.031542,77.558165
12.976536,77.564809
12.97728,77.570804
12.975159,77.659431
12.945963,77.566622
12.982815,77.588981
12.967305,77.5864
12.975974,77.553211
13.002385,77.649751
12.987143,77.647425
12.959023,77.571103
12.997864,77.560734
12.996239,77.660428
12.91924,77.575332
12.964776,77.590673
12.969848,77.572316
12.976401,77.602085
12.935296,77.557225
12.968685,77.539404
12.948489,77.583921
12.958326,77.560469
12.975868,77.637551
12.959173,77.644754
12.989382,77.538749
12.949608,77.602855
12.970303,77.621587
12.970231,77.621389
12.970917,77.578911
12.97117,77.550753
12.970398,77.641219
13.027405,77.5717
12.980834,77.593412
12.958692,77.650433
12.923606,77.57323
12.971441,77.62854
12.946018,77.557516
12.916822,77.607099
12.968008,77.58957
12.997748,77.55221
12.992642,77.619359
12.917243,77.593334
12.988045,77.657549
12.963008,77.594473
12.989109,77.659898
12.976033,77.612874
12.993342,77.663057
12.966744,77.571242
12.963557,77.578396
12.980346,77.607826
12.970048,77.564877
13.002382,77.562876
12.966909,77.577418
12.9675,77.597136
13.018121,77.591966
12.977125,77.650416
13.001715,77.582047
12.974947,77.585674
12.98284,77.60921
12.930869,77.599768
12.970874,77.640023
12.996815,77.554434
12.936782,77.574416
12.965838,77.566299
12.949969,77.585351
13.012793,77.585465
12.925759,77.546055
12.945261,77.612478
12.978844,77.585184
13.007185,77.565737
12.939754,77.53432
12.964578,77.609893
12.927141,77.587144
12.96146,77.577436
12.974277,77.658406
12.9911,77.637728
12.987857,77.617034
12.987176,77.66117
12.99261,77.645325
12.95351,77.587908
13.005404,77.589908
12.924972,77.637375
12.968881,77.56954
12.995827,77.551585
13.007034,77.619939
12.948972,77.556271
13.005218,77.572797
12.99735,77.573881
13.015259,77.626567
13.001893,77.594477
13.002536,77.579693
12.969256,77.576575
12.964503,77.578157
12.964467,77.627778
12.983026,77.623489
12.996648,77.626548
12.987533,77.625698
12.917319,77.588638
12.967823,77.577079
12.990573,77.582756
12.999885,77.564777
12.950238,77.648371
12.941188,77.57497
12.936521,77.608185
12.982377,77.566275
12.958278,77.56702
12.970815,77.555521
12.972077,77.648337
12.943876,77.583764
12.959612,77.5687
12.992363,77.565035
12.961143,77.654593
12.972337,77.591425
12.981913,77.627333
12.999032,77.568372
12.931844,77.608005
12.956214,77.58374
12.997034,77.572837
13.006071,77.578454
12.995136,77.588078
13.019472,77.590349
13.002097,77.556814
13.001773,77.57519
12.94939,77.564199
12.94465,77.576622
12.995122,77.598016
12.983119,77.576273
12.974994,77.586356
12.97105,77.60375
13.00982,77.570962
13.030278,77.586977
12.985006,77.567306
12.95389,77.628896
12.992259,77.661458
12.9956,77.557468
12.962528,77.568211
12.949995,77.585024
12.960132,77.575115
12.980994,77.587707
12.970595,77.600518
13.009594,77.568497
13.015036,77.582623
12.913192,77.605634
12.977572,77.58312
12.970407,77.57487
12.950902,77.572996
12.992926,77.589812
12.952881,77.599176
12.949756,77.567005
12.970552,77.580215
12.994732,77.559481
12.99169,77.588579
13.016513,77.581727
12.955786,77.601471
12.991866,77.613449
12.968271,77.650732
13.000348,77.59566
12.985696,77.64826
12.926432,77.54299
12.992149,77.544212
13.006345,77.573055
12.976981,77.533366
12.992273,77.576625
13.000398,77.570094
13.011934,77.560765
12.975679,77.580184
12.964384,77.635569
12.982517,77.659275
12.986392,77.574652
12.975461,77.566876
12.992425,77.629478
12.981394,77.586406
12.962842,77.635739
12.982149,77.627152
12.976153,77.669467
12.975701,77.573444
12.997008,77.576807
12.979874,77.593549
12.950428,77.584536
13.01914,77.541936
12.97703,77.642761
12.934156,77.595829
12.989638,77.551893
12.962683,77.54128
13.019893,77.597513
12.96759,77.58319
12.9859,77.653263
12.968046,77.577384
12.949267,77.592697
12.97709,77.553667
12.975605,77.653804
12.993845,77.573486
12.935845,77.596511
12.9138,77.567464
13.001837,77.563052
12.968517,77.601182
12.991756,77.543538
12.960047,77.62655
12.945841,77.650362
12.945877,77.566359
12.936946,77.593858
12.97748,77.574852
12.957174,77.570084
12.953836,77.56358
12.966214,77.605347
12.985578,77.577254
12.970458,77.592391
12.984764,77.584611
12.996355,77.583203
12.949193,77.583141
12.983907,77.616186
12.982698,77.572233
12.96402,77.57172
13.013891,77.567309
12.94063,77.566354
12.979264,77.556714
12.963494,77.626724
12.990831,77.573052
12.931672,77.604164
12.978539,77.574135
12.98922,77.569199
12.961172,77.580862
12.923469,77.5827
12.984379,77.59212
12.965342,77.556409
12.947267,77.569549
12.927361,77.612445
12.946267,77.557889
12.977268,77.568947
12.981836,77.594506
13.012073,77.641697
12.951148,77.599928
12.99467,77.570163
12.989291,77.593175
12.932205,77.590995
12.952871,77.561859
12.980662,77.553448
12.969164,77.664698
12.965685,77.568682
13.004167,77.563032
12.964287,77.579895
12.910264,77.573875
12.97777,77.577567
12.912045,77.584525
12.927325,77.602033
12.960494,77.575929
12.997051,77.581415
12.917951,77.57954
12.968871,77.638004
12.972003,77.634522
12.926228,77.580562
13.004476,77.569189
12.919068,77.574141
12.965483,77.565854
12.958909,77.575601
12.991275,77.574255
12.966647,77.583908
12.950768,77.578195
12.968825,77.552633
12.929988,77.576536
12.997062,77.568217
12.969478,77.584305
12.994627,77.57757
13.003397,77.586682
13.006494,77.642182
12.96729,77.596085
12.970761,77.636918
12.978257,77.568393
12.951808,77.569798
12.965033,77.583013
12.993488,77.555865
12.997955,77.572299
12.96818,77.560028
12.965347,77.600352
12.988089,77.574979
12.980197,77.592444
12.916376,77.56396
12.924124,77.60402
13.01802,77.586181
12.981659,77.595065
12.960052,77.586462
12.968013,77.574692
12.989747,77.635739
12.969164,77.664698
12.961842,77.559233
12.979116,77.580776
12.920072,77.556167
12.965079,77.58079
13.012584,77.555353
12.917826,77.579337
12.982411,77.579095
12.972097,77.575943
12.952354,77.584699
12.963522,77.568308
12.966118,77.561144
12.97548,77.580319
13.019936,77.557314
12.987302,77.578468
12.933972,77.620454
12.993362,77.58077
12.983169,77.587866
12.955202,77.589057
12.935916,77.59362
13.022963,77.5497
12.999334,77.570606
12.960267,77.585963
12.981809,77.579364
12.959651,77.569917
12.963641,77.563672
12.960408,77.630831
13.007827,77.587329
13.003074,77.539833
12.986371,77.572298
12.954165,77.62786
12.964841,77.553292
12.960765,77.541072
12.938923,77.648734
12.960245,77.559625
12.962963,77.582685
12.987041,77.546258
12.963183,77.565463
12.923193,77.57911
12.917168,77.5776
12.919444,77.585796
12.987485,77.668049
12.997662,77.67287
12.966006,77.593995
12.977045,77.585563
13.009795,77.565292
12.970103,77.551964
12.998094,77.586711
12.995621,77.587475
12.95304,77.564023
12.994947,77.55536
13.018344,77.582975
12.990343,77.617935
12.979854,77.625511
13.008047,77.628705
12.987664,77.575353
12.973737,77.574967
13.007873,77.567447
12.988161,77.592738
12.95934,77.567625
12.991549,77.575559
12.96751,77.569031
12.971884,77.558082
12.94261,77.574424
12.972227,77.530176
12.970043,77.57955
12.917693,77.622678
12.952257,77.612123
12.989355,77.583008
12.93946,77.592507
12.926945,77.608005
12.931618,77.58935
12.98991,77.624289
12.949859,77.605233
12.976222,77.57199
13.02568,77.581397
12.952947,77.571153
13.014483,77.586225
12.966494,77.666524
12.96031,77.642804
12.978597,77.640923
12.987538,77.599057
12.999936,77.54564
12.985744,77.63594
12.939384,77.610476
13.014215,77.576114
12.966809,77.572976
12.971448,77.595386
13.026802,77.555312
12.94848,77.578915
13.002442,77.572949
12.910092,77.571272
12.99416,77.599789
12.971582,77.592062
12.960198,77.677339
12.959184,77.610514
13.008656,77.58728
12.941386,77.579567
13.017365,77.586373
12.982741,77.62828
12.951233,77.571869
12.985657,77.663319
12.95404,77.572847
12.94818,77.624753
12.978934,77.544292
12.915338,77.617078
12.990332,77.58279
13.002937,77.567856
12.994499,77.58001
12.988575,77.666088
12.977453,77.553918
13.023124,77.555654
12.991177,77.627074
12.95101,77.573601
12.916009,77.571013
12.980173,77.589231
13.018325,77.58048
12.975347,77.568236
12.979004,77.620923
13.018158,77.577085
12.927094,77.627334
12.936748,77.604216
12.998709,77.575642
12.979913,77.640446
12.979911,77.640348
12.918137,77.601218
13.001309,77.574954
12.974617,77.601975
12.992127,77.662644
12.952456,77.633155
12.994618,77.637358
12.919423,77.576652
12.927449,77.577175
12.993487,77.612398
12.948236,77.562414
12.998371,77.589287
12.980461,77.573681
12.992333,77.577985
12.982623,77.557992
12.94381,77.601466
12.982733,77.56893
13.014814,77.574165
12.967897,77.584646
12.917797,77.603398
12.945203,77.613553
12.967762,77.572873
12.91151,77.528237
12.989761,77.570289
12.982927,77.56313
12.911628,77.594597
13.01315,77.540419
12.948104,77.630927
13.006914,77.577781
12.975472,77.635362
13.011972,77.570922
12.981829,77.586617
12.971327,77.67052
12.970169,77.626695
13.009146,77.560393
12.958034,77.622746
12.937586,77.566024
12.949611,77.566854
12.984641,77.564045
12.976331,77.553682
12.936124,77.58317
12.984657,77.580634
12.918573,77.596713
12.962544,77.57022
12.947787,77.54821
12.988456,77.555066
12.930415,77.579489
12.926931,77.595745
12.978716,77.628142
12.959847,77.568834
12.970345,77.566635
13.024848,77.56059
12.943019,77.590818
12.981626,77.642904
12.97957,77.574537
12.993522,77.633948
12.974511,77.562159
13.020955,77.604616
12.935474,77.567377
12.955872,77.678343
12.99639,77.593173
12.972079,77.562816
13.015335,77.569448
12.937928,77.568689
12.956629,77.575138
12.970178,77.5887
12.963185,77.589542
12.972908,77.570864
12.928309,77.568659
12.987555,77.571688
12.997909,77.557481
12.925479,77.545154
12.991581,77.573337
12.970671,77.553444
12.917156,77.601784
12.94159,77.613546
13.00137,77.569907
12.950075,77.542236
12.99377,77.584822
13.023757,77.560381
13.011959,77.582156
12.974894,77.628865
12.992737,77.550704
13.006522,77.611135
12.945586,77.540763
12.991223,77.603011
12.966759,77.555459
12.985134,77.602109
12.982781,77.638286
12.96855,77.5856
12.911171,77.590577
12.949945,77.572196
12.986559,77.645585
12.981162,77.608657
13.012655,77.625622
12.973369,77.577623
12.987948,77.565076
12.997147,77.576686
12.94697,77.565668
12.943653,77.571385
13.01385,77.558989
12.962451,77.584476
12.950164,77.600643
13.022799,77.576287
12.965936,77.574898
13.010791,77.559361
12.973225,77.646433
12.992627,77.572279
13.007188,77.554766
12.992849,77.654819
12.995585,77.619324
12.962168,77.648791
12.988677,77.561604
12.97521,77.558807
12.945181,77.563477
12.965897,77.567242
12.939573,77.590394
12.993593,77.550953
12.949139,77.563406
12.987643,77.55346
12.934762,77.559381
12.970414,77.639318
12.929053,77.586402
12.9861,77.558768
12.985653,77.655949
12.983243,77.561669
12.977016,77.631573
13.027061,77.569499
12.944901,77.576539
12.990618,77.643007
12.91431,77.548219
12.984783,77.578802
13.005129,77.567699
13.012675,77.647717
12.978212,77.543693
12.981467,77.57321
12.93233,77.621954
12.974486,77.567
12.967159,77.668117
12.936503,77.593917
13.004277,77.569538
13.027197,77.570381
13.007798,77.656262
13.010391,77.569132
13.035925,77.584267
12.941607,77.580864
12.989658,77.571483
12.945374,77.591357
12.988328,77.652969
12.959998,77.631525
12.929764,77.583338
13.007483,77.564727
12.985959,77.590634
13.001882,77.641123
12.916384,77.583576
12.916323,77.572394
12.973411,77.551506
12.952284,77.59232
12.915426,77.531256
12.975806,77.571402
12.975532,77.614632
12.979934,77.664957
12.987245,77.562054
12.969451,77.589941
13.014988,77.57506
12.982756,77.578019
13.021973,77.536858
12.935114,77.572531
13.006088,77.574339
13.002712,77.567215
12.993742,77.546214
12.987447,77.545726
12.91496,77.548928
12.974138,77.629843
12.955706,77.558128
13.008891,77.521558
12.963494,77.626724
12.968734,77.587114
13.012793,77.566204
12.973475,77.571499
12.950673,77.584105
12.944943,77.636848
12.98643,77.627608
12.949963,77.572414
12.918916,77.564498
13.005812,77.57897
12.985433,77.595545
12.950335,77.572015
12.991815,77.636273
12.992898,77.549371
12.973352,77.660291
12.995733,77.574795
12.971429,77.647232
12.934452,77.596386
12.997876,77.650368
12.93119,77.550577
13.028175,77.531609
12.974762,77.647954
12.992298,77.632639
12.966983,77.605424
12.964969,77.568046
13.019255,77.569622
12.948365,77.53056
12.966018,77.595295
12.993699,77.560841
12.978572,77.576959
13.00265,77.547942
12.962507,77.57305
12.998473,77.555054
12.951984,77.595635
12.931364,77.580738
12.977893,77.616555
12.996836,77.562634
12.949152,77.607388
12.983119,77.576273
12.983064,77.629018
12.972394,77.594121
12.985057,77.581362
12.961414,77.547349
12.957584,77.570612
12.973508,77.588948
12.99369,77.64681
13.003179,77.562095
13.004659,77.59521
12.971272,77.591264
12.979905,77.587505
12.991721,77.564363
12.97337,77.588738
12.99264,77.577592
12.936475,77.595439
13.005494,77.666893
12.994555,77.583663
13.003309,77.635691
12.997366,77.586854
12.988534,77.578115
12.929121,77.585616
12.937516,77.558464
12.972473,77.60821
12.982197,77.583381
13.001813,77.559008
13.003265,77.549133
12.91139,77.573007
12.941849,77.580532
12.918548,77.605678
12.944648,77.57885
12.941726,77.557873
12.979332,77.566565
12.966499,77.561279
12.986914,77.583314
12.961817,77.573809
12.96555,77.624346
12.985519,77.570132
12.990505,77.645326
13.008926,77.563441
12.957208,77.544189
12.999895,77.563773
12.965429,77.552563
12.99513,77.568893
12.969363,77.634998
12.992165,77.568582
12.966625,77.636545
12.997648,77.562046
12.985279,77.569988
13.027017,77.56079
12.957525,77.64212
12.932631,77.568044
12.963251,77.575278
13.010438,77.561651
12.983771,77.603637
12.924056,77.591569
12.985925,77.605818
12.970488,77.641795
12.971265,77.597633
12.975037,77.631234
12.968583,77.576473
12.932551,77.560397
13.022181,77.58187
12.933743,77.583614
13.006098,77.668406
12.99572,77.56398
12.96654,77.652611
12.968246,77.647955
12.976523,77.566199
12.999841,77.635833
12.960969,77.562856
12.99801,77.569777
12.988407,77.615032
12.980918,77.550859
12.92494,77.600304
12.987767,77.561159
12.975843,77.575667
12.981462,77.577411
12.980485,77.566545
12.966652,77.558006
13.01747,77.566662
12.977449,77.574632
12.925566,77.576447
13.007801,77.625283
12.921824,77.564938
12.982066,77.54488
12.957525,77.565282
12.977505,77.59047
12.977997,77.582305
12.983984,77.574625
12.921189,77.593317
12.973719,77.574347
12.966559,77.589284
12.933567,77.546891
12.980936,77.612921
12.961612,77.573998
13.016209,77.584414
13.011364,77.57281
12.970751,77.569611
12.914715,77.574747
13.008791,77.635863
13.006515,77.574641
12.975974,77.549457
12.997809,77.590117
13.004486,77.572705
13.001502,77.59712
12.9839,77.660062
12.913167,77.573137
12.948646,77.55893
12.991621,77.674288
12.965891,77.653477
13.009425,77.592045
12.959975,77.562787
12.977466,77.592466
12.953655,77.584746
13.026826,77.57623
12.977185,77.591559
12.977835,77.651728
12.937968,77.608171
12.973914,77.577471
12.98426,77.643493
12.96544,77.569592
12.939793,77.61032
12.999416,77.556917
12.98845,77.571259
12.990602,77.5551
12.978132,77.584449
12.993119,77.544176
12.996174,77.652847
12.985808,77.63909
12.994533,77.556182
12.968833,77.580857
12.946954,77.540297
12.979645,77.577395
12.995555,77.571452
12.953261,77.560144
13.016177,77.58114
13.01113,77.579244
12.919863,77.585954
12.953761,77.557465
12.949705,77.598184
12.990916,77.56028
12.939973,77.561303
12.980583,77.591245
13.011956,77.592711
12.965756,77.570859
12.972427,77.58724
12.974345,77.570857
12.96707,77.631389
12.994606,77.565853
13.002063,77.538371
13.018916,77.561773
13.00028,77.568303
12.918731,77.578975
13.0188,77.64176
12.913064,77.565042
12.99643,77.586351
12.98535,77.567599
12.998632,77.569839
12.989688,77.550643
12.969512,77.567896
13.011661,77.570065
12.935938,77.587867
12.975151,77.568114
13.032498,77.583043
13.004002,77.593592
12.971836,77.578283
12.978403,77.580743
12.967394,77.664644
12.946647,77.611616
12.963532,77.590721
12.994503,77.587052
13.003803,77.599126
12.98482,77.588576
12.99687,77.623786
12.980976,77.637358
12.985866,77.595854
13.02257,77.575135
12.999249,77.582679
12.960398,77.639807
12.975438,77.573681
12.991583,77.626472
12.950341,77.556709
12.968809,77.654554
12.980332,77.568301
12.974608,77.560808
12.983336,77.645131
13.029958,77.582745
12.94717,77.594054
12.940397,77.58136
12.982065,77.58582
12.993146,77.575251
12.992019,77.662635
12.931672,77.604164
12.959562,77.584869
12.954764,77.585069
12.966572,77.568628
13.000867,77.583469
12.967858,77.599174
12.943412,77.655955
12.923894,77.577327
12.91789,77.580817
12.919723,77.583977
13.007859,77.559358
12.974712,77.599595
12.988294,77.57423
12.977356,77.586122
13.007564,77.647223
12.963658,77.565479
12.987245,77.562054
12.96262,77.590976
12.98055,77.664037
13.002631,77.623366
12.984153,77.644791
12.972414,77.573897
12.990971,77.5549
12.974362,77.577887
12.96901,77.645536
12.961013,77.645392
12.947384,77.564419
12.980773,77.616739
12.97865,77.652995
12.95787,77.583632
13.017282,77.557992
12.914133,77.574299
13.005909,77.587361
12.992298,77.658212
12.970652,77.648178
12.954564,77.577626
12.975877,77.642644
12.950821,77.581384
12.97029,77.635781
12.958524,77.648937
12.97107,77.536835
12.910863,77.566313
12.970461,77.597386
12.95448,77.580088
13.01603,77.624786
12.986222,77.590371
12.976539,77.619347
13.001752,77.585387
12.986726,77.558112
12.984757,77.557743
12.945005,77.545669
12.962807,77.60121
13.00076,77.578868
12.968195,77.576614
12.976948,77.565825
12.989616,77.609726
12.970444,77.584223
12.933201,77.562333
12.949649,77.577309
12.976167,77.582072
12.941776,77.56536
12.96225,77.587926
12.980845,77.651981
13.028695,77.581807
12.973702,77.668857
12.978077,77.573236
12.961314,77.638322
12.995453,77.563379
12.939547,77.56377
12.920464,77.615842
12.991963,77.585664
13.001019,77.575555
12.998193,77.589228
12.977167,77.565907
12.918137,77.601218
12.981666,77.56282
13.001632,77.570192
12.959121,77.596086
12.967917,77.567389
12.968882,77.547651
13.006202,77.582348
12.944716,77.602136
12.981467,77.57321
12.931001,77.589775
12.989204,77.557581
12.989838,77.586139
12.97863,77.548274
12.965417,77.573996
12.934878,77.588519
12.99761,77.561686
13.00742,77.569691
12.954492,77.578996
12.980349,77.614595
12.939859,77.549174
12.918059,77.587523
12.913312,77.578103
12.965842,77.676691
12.965254,77.648475
12.962773,77.639022
13.01364,77.586811
12.97496,77.648544
12.994302,77.574316
12.969869,77.577247
12.99608,77.605057
12.974092,77.642166
12.984411,77.639031
12.99801,77.569777
12.978854,77.625869
12.972468,77.649413
12.937795,77.57792
12.927583,77.598591
13.003875,77.62291
12.974448,77.584457
12.974911,77.635297
12.922895,77.554364
12.963481,77.595774
12.991385,77.569066
13.003117,77.555765
12.930626,77.603564
12.979371,77.578976
12.915438,77.621848
12.976999,77.554106
12.962767,77.633125
12.956572,77.607816
12.95754,77.58127
12.994283,77.582157
12.968591,77.64966
12.995919,77.644763
12.975742,77.605469
12.968358,77.586983
12.947831,77.584184
12.961268,77.560211
13.005698,77.656363
12.987229,77.650002
12.982308,77.572435
13.027516,77.559631
12.974031,77.587036
12.972199,77.599578
12.991238,77.642484
13.005591,77.581634
12.985493,77.569178
12.972392,77.58502
12.978053,77.56541
12.97893,77.57165
12.975348,77.608721
12.992245,77.634696
13.014703,77.555283
12.916541,77.574063
12.982261,77.638174
12.98998,77.542909
13.016727,77.556197
12.985403,77.628141
13.000348,77.59566
12.93603,77.582384
12.968283,77.574292
12.966166,77.641164
12.913859,77.55554
12.975199,77.55421
12.98436,77.544358
12.93285,77.557474
12.971186,77.659264
13.013303,77.580729
12.940095,77.543395
12.967153,77.563447
12.974423,77.55526
12.989673,77.619829
12.980146,77.641418
12.980906,77.568659
13.019585,77.582531
12.993329,77.578783
12.964352,77.570613
13.006207,77.575127
12.957791,77.565251
12.975794,77.634226
12.939052,77.609345
12.960284,77.58562
13.010134,77.560117
12.980744,77.654259
12.98559,77.5782
12.943702,77.562915
12.975524,77.593496
12.951345,77.582008
12.959812,77.650109
12.984124,77.602017
12.957175,77.577068
12.942381,77.567475
12.984801,77.567627
12.929489,77.553741
12.991643,77.603745
12.983153,77.622415
12.976795,77.583594
12.942915,77.618338
13.00595,77.579223
12.986473,77.60167
12.953783,77.595321
12.988294,77.577639
12.989035,77.564083
12.990218,77.577924
12.968391,77.615699
12.931042,77.556517
12.936873,77.586882
12.962886,77.561356
12.9717,77.639198
12.969607,77.576732
12.929793,77.555426
12.976362,77.573009
12.980921,77.586865
12.952966,77.549973
12.977597,77.568577
12.97548,77.580319
12.916181,77.59092
13.006382,77.590483
12.97841,77.602571
12.994592,77.652514
12.985608,77.572958
12.959586,77.567993
12.989797,77.641284
12.996616,77.583732
12.990451,77.59123
12.930522,77.604168
13.006753,77.582113
12.974951,77.54754
12.995752,77.568381
13.003736,77.564401
13.004687,77.65421
12.91801,77.547347
12.946077,77.607722
12.957817,77.603124
12.974939,77.65
12.959494,77.559371
12.947389,77.570413
13.00363,77.591745
12.959381,77.630973
13.000313,77.576307
12.998796,77.567915
12.939051,77.586639
13.000879,77.641244
12.972871,77.652697
12.97089,77.558365
12.989367,77.653478
12.978873,77.565641
12.996279,77.545882
12.95042,77.554759
13.009582,77.561968
12.979913,77.583628
12.938547,77.575028
13.006653,77.598909
12.924443,77.583853
12.976274,77.57532
12.915926,77.571617
13.00388,77.584489
12.946221,77.563423
12.988443,77.578101
12.998747,77.563239
12.968131,77.570454
12.983115,77.638015
12.999957,77.565738
12.976011,77.603998
12.983596,77.609226
12.983434,77.629103
12.960975,77.579874
12.991852,77.543064
12.935737,77.553735
12.971193,77.608004
12.997912,77.650437
12.964348,77.578868
12.991582,77.656951
12.930454,77.592734
13.017204,77.574761
12.979718,77.582834
12.91471,77.575141
12.989344,77.583773
13.001944,77.592814
12.967476,77.644707
12.964176,77.567497
12.974609,77.587125
13.017512,77.574645
12.951633,77.636185
12.989029,77.5841
12.911545,77.602443
12.999176,77.551843
12.945067,77.580898
12.941307,77.569295
12.983237,77.529002
12.995145,77.570762
12.980381,77.561534
12.988373,77.567744
13.025461,77.569779
12.979958,77.584654
12.944494,77.553433
12.982482,77.585313
12.929245,77.604941
12.985231,77.655399
12.942604,77.557466
12.967602,77.57166
12.984587,77.571088
12.986522,77.567229
12.97762,77.524457
12.988818,77.626176
12.998879,77.640279
12.943671,77.564294
12.950209,77.560678
12.962875,77.565364
12.917826,77.548752
12.988089,77.553221
12.968425,77.575649
12.989873,77.568006
12.931929,77.581625
12.982415,77.639366
12.910214,77.54723
13.002654,77.569232
12.978704,77.586171
12.917451,77.572725
12.9664,77.582035
12.968713,77.572166
12.988431,77.668925
12.992466,77.641025
12.977096,77.570733
12.990907,77.577908
12.969381,77.64099
12.930541,77.566053
13.018502,77.581804
12.993775,77.593572
12.996533,77.636446
12.950753,77.570715
12.991026,77.636529
12.970789,77.619022
12.986949,77.574457
12.989018,77.644236
12.987892,77.630904
12.997635,77.558932
12.99687,77.623786
12.97491,77.563889
12.957431,77.587974
12.961824,77.590385
12.963049,77.570394
12.920705,77.597542
12.93729,77.629786
12.970364,77.621051
12.977697,77.571091
12.988609,77.613727
12.987359,77.58679
12.980381,77.561534
12.991576,77.562896
12.917101,77.577559
12.98457,77.578127
12.98124,77.639928
12.98998,77.542909
12.953485,77.590121
12.966331,77.594436
13.010623,77.567812
12.916541,77.574063
12.934575,77.561888
12.969916,77.660323
12.99249,77.629308
12.961883,77.638274
12.96976,77.660778
12.9981,77.644116
12.99456,77.585892
12.985328,77.568479
12.995333,77.571764
12.965389,77.609974
12.96569,77.629121
12.915176,77.594199
13.000202,77.572761
12.942928,77.553102
12.929882,77.593498
12.94416,77.572413
12.998159,77.577002
12.960424,77.613247
12.974314,77.573738
12.969801,77.65132
12.938275,77.586848
12.97649,77.577906
13.001639,77.583007
12.980835,77.59114
12.96671,77.618504
12.928116,77.543132
12.913115,77.566735
12.984189,77.574824
12.942609,77.578987
12.988422,77.584553
12.970137,77.565294
12.987419,77.631138
12.965244,77.56755
12.932669,77.594414
13.00121,77.565777
12.993545,77.660976
12.969886,77.56254
12.967512,77.624797
12.985709,77.581142
12.983218,77.610432
12.926712,77.57835
12.938563,77.544187
12.956118,77.642803
12.994751,77.567548
12.952338,77.641531
12.978474,77.609214
12.983124,77.574155
12.951294,77.55438
12.979529,77.632531
12.957287,77.596651
12.984019,77.642913
13.010213,77.565214
12.979018,77.623661
12.948626,77.542092
12.966714,77.58237
12.981654,77.629256
12.960709,77.602275
12.97514,77.638988
12.920866,77.562329
12.971695,77.632882
12.98101,77.571585
12.954118,77.559806
12.976463,77.577718
12.9748,77.56834
12.987231,77.567186
12.998063,77.566093
12.968533,77.553047
12.925214,77.608985
12.959055,77.577025
12.998629,77.5731
13.004783,77.594041
12.933472,77.563049
12.963049,77.570394
13.010819,77.586192
12.979195,77.569085
12.983611,77.655409
12.966787,77.643994
12.967476,77.644707
12.978191,77.629668
12.968693,77.651649
12.995973,77.576021
12.998504,77.584198
12.993971,77.57935
12.956299,77.535823
12.983239,77.557591
12.982193,77.662117
12.983331,77.567447
12.973656,77.646592
12.984883,77.632481
12.980266,77.65729
13.012832,77.580698
12.973801,77.587956
12.944731,77.569566
12.91847,77.586144
12.951375,77.579417
13.018318,77.561815
13.00583,77.64174
12.986554,77.584803
12.974305,77.564465
12.972933,77.569504
13.001017,77.574921
12.994817,77.577627
12.994344,77.580891
12.985196,77.639158
12.959653,77.60493
12.978234,77.57282
12.982594,77.563455
13.004313,77.561015
12.966635,77.569808
12.961403,77.587649
12.98393,77.607615
12.958883,77.592096
12.969595,77.560955
12.982883,77.598523
12.975236,77.624855
12.913429,77.585211
12.947771,77.57461
13.001523,77.591358
13.001303,77.608479
13.010805,77.529942
12.966164,77.566783
13.015201,77.555705
13.022539,77.594746
12.990082,77.569772
12.988724,77.603111
12.947782,77.570157
12.979741,77.564938
12.944573,77.544444
12.99121,77.573005
12.98339,77.571653
12.966658,77.617615
12.98281,77.578029
12.997665,77.559008
13.005202,77.625202
12.978798,77.578215
12.995179,77.563864
12.981834,77.576093
12.920897,77.566255
12.962292,77.573582
12.964773,77.578828
12.991373,77.636941
12.924194,77.564586
12.975476,77.593513
13.00277,77.597099
12.962002,77.595569
12.941359,77.564729
12.988262,77.622634
12.990851,77.580043
12.933403,77.577078
12.938174,77.596893
12.966767,77.576026
12.971691,77.628918
12.990735,77.591393
12.931652,77.570805
12.943062,77.537623
13.018217,77.601957
12.991758,77.638383
12.982651,77.658284
12.992442,77.658396
12.969905,77.563915
12.990815,77.567083
12.99815,77.580234
12.975102,77.564276
12.98732,77.572611
12.95365,77.576978
12.937712,77.604809
12.971817,77.636893
12.929096,77.583506
12.961946,77.559014
12.917428,77.581689
12.995809,77.644249
12.986495,77.578181
12.981025,77.581996
12.982749,77.583828
13.015746,77.591324
13.007934,77.634924
12.98648,77.592634
12.993934,77.62376
13.010213,77.565214
12.963456,77.597977
12.970984,77.608809
13.01782,77.557396
12.998971,77.555041
12.913556,77.600428
12.994109,77.593499
12.987963,77.571191
12.970984,77.608809
13.015289,77.589043
12.978051,77.590257
12.980991,77.670932
12.98441,77.643846
13.008984,77.568915
12.914152,77.602162
13.016916,77.589244
12.979011,77.58284
12.999013,77.566146
12.965333,77.586187
12.977307,77.639497
12.986438,77.629345
12.984351,77.562687
12.973874,77.662134
12.965063,77.594476
12.958316,77.582802
12.996054,77.542993
12.940102,77.597303
12.969804,77.561472
12.943619,77.563764
12.965313,77.577579
12.974814,77.629796
13.006484,77.586753
12.94496,77.580657
12.967314,77.582313
12.966697,77.58667
12.932139,77.590668
12.995505,77.593739
12.988127,77.580803
12.958375,77.66852
12.943984,77.594538
12.975997,77.655929
12.969204,77.566352
12.915836,77.578487
12.944968,77.565816
12.993773,77.599251
12.99628,77.669451
12.991116,77.670774
13.003477,77.591833
12.948109,77.587348
12.924206,77.592038
12.912797,77.547385
12.981244,77.623628
12.945784,77.577696
12.949002,77.578274
12.971614,77.570273
13.007481,77.601743
12.960363,77.599076
12.953806,77.605022
12.972139,77.578807
13.008647,77.589811
13.029392,77.595711
12.996243,77.644874
12.963988,77.581898
13.003973,77.543409
12.946208,77.588196
12.98212,77.652978
12.972264,77.628484
12.976867,77.571497
12.999216,77.549578
12.997747,77.565881
12.984701,77.554142
12.932693,77.58036
12.986473,77.560731
12.976204,77.591548
12.974931,77.638746
12.960682,77.630199
12.973387,77.633616
12.931903,77.594084
12.991242,77.577957
13.003919,77.587075
12.97233,77.551112
12.980378,77.604373
13.001355,77.63117
12.984933,77.551082
12.962285,77.602482
13.024026,77.587475
12.977147,77.641946
12.966355,77.570982
12.934885,77.596893
12.958963,77.5624
12.992808,77.663932
12.932758,77.608732
12.963992,77.582621
12.921594,77.575114
12.953111,77.550758
12.969256,77.583384
12.913155,77.593881
12.939859,77.549174
12.98667,77.576425
12.946548,77.556782
12.97535,77.595066
12.989624,77.584145
12.992963,77.587999
13.013855,77.57915
12.945943,77.57532
12.958175,77.549499
12.971861,77.592801
12.96812,77.589562
12.981364,77.565205
12.950341,77.556709
13.004758,77.535706
12.987919,77.658824
12.948834,77.572812
12.914704,77.592633
12.971959,77.568094
12.979236,77.570955
12.949578,77.540168
12.961547,77.568693
12.968182,77.597053
13.001871,77.565539
12.97967,77.635528
12.96389,77.584201
12.994292,77.630419
12.984002,77.649722
12.918327,77.575766
13.006087,77.562209
12.950022,77.57989
12.950701,77.647903
12.974101,77.615622
12.927856,77.575624
12.976101,77.583881
12.984981,77.609529
12.97457,77.587097
13.019695,77.581286
12.976946,77.637987
12.971724,77.611139
12.95538,77.580605
12.953721,77.550911
12.988465,77.643809
12.942155,77.576784
12.996076,77.656643
12.982249,77.595145
12.954276,77.658314
12.923981,77.590462
12.944322,77.550048
12.942055,77.616512
12.980741,77.635217
13.007261,77.570422
12.962065,77.563352
12.935001,77.595586
12.971364,77.65625
12.998504,77.578298
13.005012,77.57342
12.946122,77.580229
12.913518,77.615567
12.937919,77.576871
12.917822,77.598733
12.982085,77.565199
13.018075,77.543242
12.97864,77.559795
12.971524,77.641266
12.954674,77.570912
12.983168,77.583099
12.969191,77.673478
12.957129,77.561228
12.962721,77.604829
12.977395,77.635299
12.96352,77.638501
12.97478,77.588816
12.970884,77.585009
12.992324,77.646876
12.97003,77.591438
12.912713,77.60514
12.96438,77.669542
12.995306,77.62387
12.972141,77.645238
12.936058,77.568977
12.982552,77.673345
12.960318,77.655326
12.960057,77.631127
12.979602,77.633153
12.967979,77.578932
12.985608,77.637014
12.969156,77.569442
12.972959,77.62888
12.927922,77.60557
12.989149,77.624378
13.038036,77.572312
12.990291,77.595887
12.967661,77.630764
12.989155,77.637676
13.02703,77.569459
12.923027,77.614072
12.998812,77.590204
12.987993,77.558979
12.985069,77.565349
12.986249,77.565766
12.996244,77.582192
12.982843,77.648599
12.953526,77.597193
12.952786,77.586863
12.990444,77.576475
12.951555,77.560638
12.930826,77.597798
12.950994,77.582992
12.975065,77.6167
12.930193,77.563768
12.969722,77.57632
12.926049,77.575041
12.92528,77.61738
12.975829,77.56916
12.931457,77.558557
12.98525,77.569075
12.989749,77.642322
12.95379,77.578009
12.978968,77.647987
12.960057,77.543816
12.93198,77.592314
12.981124,77.628382
12.910212,77.582367
12.945353,77.53976
12.973792,77.592361
12.962208,77.585608
12.97892,77.624013
13.004763,77.557957
12.924444,77.551195
12.944302,77.584332
12.984379,77.579898
12.965592,77.644256
12.988502,77.595141
13.004478,77.5945
12.997107,77.576313
12.931726,77.590187
13.018979,77.538277
12.984787,77.584888
13.008338,77.559337
12.968416,77.596143
12.962748,77.642688
12.953226,77.592089
13.000874,77.565107
12.949267,77.581765
13.016322,77.576166
13.003457,77.570077
12.991349,77.634638
12.910026,77.577226
12.954387,77.558998
12.988814,77.579595
12.964258,77.594176
12.919859,77.605138
13.001967,77.583395
12.955677,77.549884
12.920571,77.57466
12.945726,77.580312
12.953823,77.56787
12.979889,77.594959
12.925338,77.565936
12.967732,77.55494
12.981258,77.646287
12.970232,77.550921
12.962319,77.576143
12.959455,77.57882
12.924894,77.575569
12.92808,77.596563
12.965428,77.572442
12.925109,77.561296
12.974656,77.649651
12.959438,77.577035
12.99556,77.586783
12.961023,77.562071
12.982469,77.555826
12.985468,77.559383
12.957174,77.570084
12.972538,77.564396
12.960943,77.644042
12.97034,77.65553
12.989541,77.563544
12.959283,77.588072
12.980536,77.55906
12.985512,77.573726
12.932663,77.588229
12.962542,77.599145
12.937322,77.60205
12.964844,77.579309
12.979107,77.548301
12.953502,77.576386
12.98232,77.623258
12.9837,77.572226
12.988691,77.650967
12.928116,77.543132
12.940174,77.577934
12.911821,77.580618
12.914256,77.573526
12.977182,77.570883
12.951919,77.588445
12.956235,77.571376
13.005204,77.557011
12.962946,77.606355
12.985407,77.567275
12.966051,77.639064
12.96751,77.569031
12.969774,77.578602
13.017993,77.574027
12.963043,77.569744
12.951859,77.623202
12.91224,77.569123
12.931401,77.553709
12.979895,77.555264
12.979535,77.572322
12.923543,77.576239
12.980816,77.57896
12.976427,77.562648
12.969727,77.659926
12.963406,77.588988
12.968948,77.560202
12.959732,77.626973
12.95555,77.552079
12.982496,77.588155
12.944108,77.628835
12.961506,77.585396
12.97629,77.65834
13.01885,77.559834
13.026653,77.565267
12.974308,77.597585
12.967168,77.575576
12.962341,77.599624
12.92701,77.599955
12.912658,77.556512
12.959529,77.59878
12.976197,77.583889
12.995542,77.584704
12.936367,77.564275
12.969708,77.57324
12.929619,77.588976
13.012973,77.560207
12.954101,77.558134
12.96722,77.674048
12.943659,77.599794
12.962669,77.586486
12.980291,77.591479
12.958144,77.554227
12.959786,77.633598
13.018338,77.583551
12.978553,77.658382
12.962438,77.546638
12.980168,77.622989
12.998329,77.564938
13.002647,77.562999
12.965811,77.594291
12.958605,77.60502
13.018277,77.598896
12.988206,77.582725
12.911692,77.566569
12.997028,77.59601
12.977549,77.574172
12.976301,77.596852
12.925581,77.578669
12.91842,77.592589
13.005645,77.585136
12.940556,77.584467
13.021063,77.581656
13.006656,77.566137
13.011571,77.566288
12.979168,77.577
12.973408,77.58435
12.977642,77.651682
13.024598,77.570952
12.956283,77.632424
12.94717,77.594054
12.993395,77.647902
12.917641,77.583461
12.973535,77.584227
12.969938,77.642645
12.985552,77.545346
12.966333,77.584938
12.92269,77.563906
12.980688,77.568956
12.973467,77.555745
12.922778,77.594304
12.994928,77.621983
12.924529,77.565266
12.979694,77.553534
12.971493,77.595851
12.987636,77.572861
12.918252,77.58672
13.002007,77.572808
13.003469,77.566284
12.948203,77.56967
13.01852,77.572853
12.913382,77.607889
12.935411,77.592693
12.987477,77.566731
12.964288,77.624223
12.956609,77.554389
12.944019,77.591766
12.959117,77.578765
12.962937,77.575603
12.933128,77.565343
13.00034,77.610866
12.994326,77.622385
12.986558,77.56361
12.967172,77.574263
13.017192,77.559328
12.995495,77.571463
12.98943,77.576138
12.976057,77.554104
12.986197,77.559166
12.9955,77.574682
12.991213,77.59106
12.986739,77.549508
12.955296,77.576255
12.937845,77.574358
12.992563,77.57175
12.985145,77.559627
12.989913,77.63266
12.964019,77.583522
12.928158,77.622555
12.965786,77.588713
12.960513,77.567601
12.985459,77.66265
12.910897,77.586659
13.007874,77.56355
12.984953,77.551472
12.992414,77.56694
12.963671,77.566816
12.977839,77.592684
12.96504,77.601185
12.936075,77.630287
12.96168,77.582925
12.962114,77.570763
12.993919,77.581624
12.970006,77.54897
12.937652,77.597104
12.96504,77.566003
12.945638,77.623108
12.968418,77.574172
12.97107,77.56023
12.970058,77.571234
12.946326,77.583167
13.026791,77.534681
13.005907,77.554773
12.959558,77.577867
12.987197,77.570969
12.958537,77.541287
12.980841,77.56071
12.974491,77.608161
12.933742,77.545621
12.979508,77.615844
12.949023,77.588462
12.990212,77.580088
12.970046,77.664612
12.976019,77.640774
12.950251,77.590145
12.974913,77.572911
12.957132,77.587952
12.982056,77.633122
12.966281,77.57323
12.972509,77.63816
12.939565,77.56732
12.928503,77.585656
12.980938,77.570862
12.992387,77.570015
12.941302,77.593063
12.99268,77.550132
12.967707,77.590462
12.98084,77.578484
12.980516,77.578627
12.968029,77.665029
12.958551,77.640357
13.034716,77.543487
12.98825,77.637658
12.969567,77.546907
13.006095,77.567019
12.979234,77.562181
13.00802,77.584772
12.939003,77.589028
12.957606,77.616137
12.980741,77.584509
12.964358,77.577035
12.945699,77.626609
12.984074,77.542748
13.013462,77.565271
12.983623,77.578294
13.010074,77.572804
12.996892,77.546664
12.979189,77.572345
12.930612,77.558196
13.003341,77.576296
12.994814,77.57119
12.965858,77.57323
12.982926,77.620913
12.955531,77.581055
12.983171,77.634389
12.926675,77.560641
12.986816,77.556513
12.970717,77.573157
12.997402,77.677093
12.968636,77.576126
12.986698,77.541215
12.968879,77.57125
12.931769,77.580506
12.957217,77.613505
12.985891,77.631189
12.983722,77.575951
12.988611,77.587344
12.967827,77.572425
13.008994,77.567563
12.997712,77.639688
12.938019,77.579811
13.018189,77.573962
12.975315,77.597318
12.992823,77.627884
12.977136,77.676862
12.965327,77.585879
12.969905,77.563915
12.980057,77.549229
12.959747,77.585351
12.961319,77.589223
12.976646,77.649295
12.980401,77.560294
13.008821,77.556796
12.964236,77.557163
12.932845,77.571793
12.978193,77.568988
12.96777,77.638744
13.013692,77.556051
12.949259,77.543925
12.983004,77.634797
12.98421,77.558138
12.944654,77.566844
12.994091,77.575267
12.997629,77.550336
13.037621,77.573111
12.974019,77.56953
12.978099,77.64579
12.974614,77.583952
12.92937,77.560195
12.95969,77.627842
13.008768,77.567481
12.974228,77.582065
13.003572,77.571113
12.994696,77.56344
12.945924,77.585065
12.954278,77.553576
12.971905,77.613069
12.953569,77.649664
12.960958,77.565337
12.919992,77.581789
12.988199,77.65275
13.010307,77.547853
12.975989,77.560668
12.977874,77.571426
12.969543,77.567486
12.999701,77.5991
12.978128,77.633397
12.974841,77.566924
12.965235,77.565658
12.933751,77.598422
12.94697,77.565668
12.980914,77.569781
12.976268,77.589248
12.938544,77.596516
12.925507,77.573929
12.978271,77.597034
12.936386,77.54529
12.980694,77.63381
12.986671,77.647883
12.979048,77.600998
12.92405,77.592269
12.971036,77.608415
12.95658,77.568622
12.938563,77.570004
12.961342,77.645488
13.012045,77.584883
12.982154,77.57185
12.982948,77.629904
12.992419,77.586269
12.982081,77.554305
13.002355,77.559826
12.977868,77.587651
12.972569,77.589715
13.004354,77.554392
12.994992,77.67472
12.964564,77.555253
12.987986,77.569168
12.992878,77.550571
12.979438,77.557179
12.985251,77.604523
12.976249,77.588357
12.992448,77.560094
12.982424,77.604859
12.935638,77.588721
12.970527,77.624047
12.95238,77.551917
12.987244,77.569948
12.97617,77.669626
12.999524,77.635891
12.912361,77.569176
12.978889,77.632798
12.937389,77.609641
12.95907,77.634504
12.946723,77.562082
12.937044,77.588211
12.93133,77.542097
13.008265,77.60345
13.0079,77.555676
13.022954,77.528931
12.978532,77.561726
12.964061,77.641997
12.974789,77.581386
12.98825,77.592908
12.994764,77.588032
13.02807,77.616651
13.01178,77.577017
12.961399,77.607072
12.957518,77.582879
12.988462,77.570266
13.005412,77.580974
12.967644,77.588235
12.968884,77.578938
12.986279,77.567704
12.978531,77.570586
12.975144,77.628543
12.979071,77.582099
12.982471,77.577321
12.964776,77.639096
13.005151,77.578286
13.013444,77.621112
12.995474,77.571125
12.987566,77.555033
12.952284,77.59232
12.97758,77.562774
12.964252,77.600334
12.968111,77.584449
12.978583,77.564295
12.973219,77.614537
12.980097,77.663847
12.985093,77.594523
12.927945,77.618608
12.946357,77.588566
12.988291,77.56722
12.982909,77.634538
12.985712,77.589943
12.970728,77.626277
12.955942,77.633691
12.988142,77.632172
12.96037,77.572172
12.957176,77.654986
12.969519,77.600027
12.953041,77.566363
12.915944,77.562778
12.964278,77.644718
12.940643,77.552742
12.972592,77.637604
12.983664,77.641481
12.972877,77.565456
12.979077,77.575525
12.959437,77.568513
12.987637,77.566605
13.011303,77.565307
12.974266,77.583107
12.954878,77.620146
12.93365,77.544958
12.958294,77.584723
12.970227,77.561586
12.988856,77.605271
12.972649,77.575331
12.967542,77.602279
12.968886,77.614633
12.998095,77.62161
12.989202,77.579505
12.983914,77.659273
12.960145,77.578145
12.995403,77.560446
12.976549,77.543908
12.974589,77.653891
12.98639,77.636218
12.9427,77.55992
12.956448,77.567459
12.996241,77.563341
12.984572,77.576314
12.991268,77.632933
12.977628,77.588596
12.986874,77.552742
12.9609,77.566625
12.926919,77.579529
12.952796,77.551568
12.93051,77.550255
13.004384,77.645414
12.983212,77.653722
12.971381,77.622352
13.000236,77.583951
12.963759,77.569555
12.952987,77.573265
12.995808,77.661174
12.984459,77.56594
12.9898,77.56871
12.980398,77.579846
12.963071,77.581892
12.95922,77.570011
12.938586,77.592251
12.999985,77.584701
12.932891,77.579249
12.984667,77.661432
12.953712,77.570828
12.9404,77.565049
13.006269,77.581914
12.965816,77.624475
12.982001,77.582046
12.936006,77.539224
13.005191,77.565339
12.988118,77.585471
12.958565,77.587073
12.911436,77.609091
12.98542,77.582846
13.010215,77.583917
12.953555,77.590949
12.994928,77.621983
12.989166,77.567237
13.016447,77.572652
12.958181,77.572295
12.911346,77.617882
12.924891,77.547909
12.969101,77.613488
12.971281,77.618476
12.918724,77.588479
12.934361,77.577196
13.016949,77.582873
13.00118,77.550227
12.997711,77.552697
12.943833,77.578836
12.925199,77.602847
12.925849,77.548862
12.964507,77.588753
12.989437,77.562932
12.969747,77.640359
12.978499,77.578579
12.972819,77.564428
13.004928,77.586627
13.003811,77.647554
12.969734,77.584758
12.964539,77.60901
13.031542,77.558165
12.992552,77.619615
12.94779,77.587558
12.961303,77.580763
12.961413,77.659304
13.015601,77.532872
13.005123,77.559771
12.918101,77.605176
12.977453,77.557536
13.013615,77.573596
13.013274,77.562648
12.983997,77.646049
12.941371,77.608575
12.976072,77.651919
12.960417,77.579422
12.952373,77.553512
12.984504,77.554897
12.992417,77.600463
12.948782,77.596025
12.981277,77.546418
12.9867,77.609441
12.983687,77.564998
12.997354,77.544338
12.985005,77.56909
13.018669,77.576535
12.980977,77.56955
12.930063,77.551647
12.988805,77.582402
12.97442,77.564892
13.000463,77.581686
12.968202,77.565063
12.985925,77.605818
12.977034,77.636992
12.926668,77.576689
12.988934,77.58534
12.912713,77.60514
12.982399,77.65126
13.037051,77.563198
13.015601,77.578566
12.964876,77.636065
12.993773,77.599251
12.968716,77.581913
12.957684,77.652743
12.985212,77.572294
12.971137,77.636183
12.958927,77.586364
12.953555,77.590949
12.961856,77.583514
12.950849,77.579305
13.002291,77.579852
12.950903,77.656361
12.977754,77.653181
12.954553,77.579048
12.975527,77.571366
12.96912,77.635211
12.988122,77.641547
12.96946,77.622475
12.988294,77.577639
12.973037,77.573119
12.91452,77.543583
12.983553,77.559519
12.980612,77.636463
12.97322,77.646022
12.98584,77.65114
13.009972,77.579236
13.002302,77.633239
13.022372,77.658645
12.972364,77.640613
12.980485,77.549774
12.944508,77.564525
12.98466,77.578423
12.997723,77.561902
12.991744,77.579309
12.993917,77.615597
12.977894,77.666442
12.988821,77.576621
12.971009,77.642755
12.957287,77.596651
12.966687,77.552852
12.99041,77.645702
12.983682,77.654942
12.984408,77.58807
12.940228,77.595074
12.980417,77.629718
12.979511,77.636669
13.015215,77.632649
12.969972,77.56316
12.979654,77.580675
13.023149,77.584501
13.017707,77.59269
12.979647,77.654711
12.966519,77.66849
12.984149,77.582313
12.954479,77.645821
12.966836,77.586608
12.962208,77.582822
12.93481,77.586964
12.98264,77.573653
12.992018,77.578244
12.979754,77.635935
12.970558,77.592767
12.970807,77.568084
12.985093,77.607049
13.006209,77.586711
12.945296,77.569549
12.971321,77.564002
12.962749,77.568824
13.011251,77.661089
12.959376,77.631252
12.983507,77.636623
12.99002,77.655639
12.991343,77.590126
12.918252,77.588
12.977117,77.568976
13.004507,77.570067
12.987014,77.65677
12.9403,77.59343
12.987981,77.650452
12.970122,77.577268
12.992569,77.637794
12.969585,77.581923
12.978262,77.574266
13.000597,77.618632
12.991485,77.580072
13.002395,77.560746
12.925641,77.587329
13.023709,77.577641
12.984244,77.568806
12.925303,77.569446
12.99458,77.622831
12.983487,77.664134
12.968605,77.641692
12.931862,77.602724
13.017021,77.555471
12.954714,77.598596
12.993272,77.644164
12.960077,77.635101
12.982745,77.568494
12.961149,77.576281
12.994676,77.598111
12.983731,77.585155
13.000172,77.636082
12.987023,77.570518
12.920589,77.570578
12.967494,77.570391
12.918641,77.580354
12.96309,77.579114
12.947115,77.57158
12.990666,77.564121
12.993657,77.569961
12.968043,77.654888
12.960729,77.552008
13.011794,77.581326
12.93993,77.56353
12.949504,77.590599
12.992375,77.646229
12.974214,77.591088
12.983325,77.624203
12.960197,77.570644
13.012739,77.553599
12.992674,77.569057
12.931996,77.581732
12.942155,77.576784
12.911694,77.604931
12.966582,77.647961
12.965055,77.562082
12.991432,77.562256
12.935465,77.570656
12.964368,77.646919
12.915772,77.553191
12.991137,77.632166
12.987888,77.592671
12.986297,77.578798
12.986348,77.567827
13.02389,77.579486
12.967858,77.599174
12.973046,77.660882
12.998651,77.562888
12.991218,77.660757
12.945262,77.564035
12.956554,77.577038
13.00388,77.584489
12.964529,77.569837
12.983937,77.588723
12.993917,77.615597
13.015672,77.553283
12.964236,77.557163
12.968733,77.586852
13.006011,77.562251
12.971137,77.64697
12.966327,77.563298
12.990176,77.596242
12.979305,77.589067
12.969304,77.564751
12.997068,77.543147
12.966477,77.592923
12.995283,77.574419
12.982829,77.628889
12.971005,77.598004
12.924047,77.578657
12.950125,77.602942
12.98487,77.562331
12.944256,77.585296
12.963421,77.584694
12.972427,77.58724
12.99946,77.556412
12.965788,77.651583
12.997868,77.580775
12.958971,77.56261
12.959482,77.5675
13.013768,77.570991
12.992623,77.583367
12.965375,77.62248
12.957703,77.592013
12.933973,77.590485
12.953364,77.587417
12.979116,77.57165
12.957415,77.581447
12.946313,77.5713
12.993743,77.598624
12.982286,77.580402
12.968605,77.641692
12.944061,77.553535
12.967081,77.613111
12.934838,77.582733
12.96228,77.651041
12.971028,77.584248
13.012546,77.575432
12.924787,77.574968
12.954454,77.585796
12.985112,77.605686
12.990626,77.57756
12.975518,77.640806
12.928714,77.58114
12.97644,77.624692
12.989297,77.5561
12.968625,77.582902
13.005233,77.554925
12.995645,77.564036
13.011752,77.589293
12.923706,77.614655
12.942286,77.559451
12.966488,77.590378
12.972946,77.564163
13.000605,77.610177
12.975666,77.58119
12.965263,77.567756
12.941993,77.588369
13.012754,77.560069
12.981274,77.61835
12.944768,77.600443
12.962288,77.589505
12.921446,77.587459
12.996593,77.661755
12.976521,77.65617
12.980979,77.599139
12.974227,77.633903
12.967238,77.566079
13.004188,77.581023
12.977558,77.565774
12.972739,77.577638
12.978219,77.657943
12.974214,77.572054
12.927491,77.555265
12.993648,77.57862
12.97747,77.5974
12.974589,77.653891
12.975019,77.582496
12.990285,77.576482
12.991973,77.556078
12.979009,77.598711
12.972687,77.568483
12.979728,77.580316
12.978646,77.606951
12.982789,77.567273
12.975869,77.557533
12.959339,77.638788
12.989629,77.635062
12.97253,77.576608
12.993155,77.560518
12.971423,77.63683
13.006861,77.573243
13.002299,77.579897
12.965553,77.575583
12.950715,77.641453
12.987166,77.556162
12.961252,77.576074
12.923028,77.575274
12.996049,77.62725
12.999638,77.598019
12.941864,77.576858
12.957431,77.585627
12.964458,77.648676
12.976271,77.558736
12.93961,77.566042
12.984733,77.551101
12.950825,77.554874
12.961157,77.631883
12.95711,77.576758
12.951984,77.589131
12.937637,77.596527
12.983553,77.571771
12.981786,77.614285
12.963621,77.537388
12.992466,77.535314
12.986248,77.665603
12.955232,77.631366
12.978067,77.617837
12.941539,77.568826
13.009498,77.585496
12.975513,77.642093
12.968169,77.584561
12.928872,77.600378
12.966967,77.571781
12.929643,77.607686
12.969541,77.600631
12.982844,77.580372
13.000771,77.562205
12.983017,77.571469
12.961256,77.574204
12.916526,77.585173
12.976116,77.549278
12.998101,77.556699
12.965249,77.636638
13.022651,77.593112
12.95489,77.557904
13.022653,77.555488
12.961361,77.575082
12.99925,77.644999
12.966132,77.570348
12.945031,77.617301
12.997462,77.604123
12.999357,77.657162
12.98681,77.623964
12.959962,77.576187
12.946707,77.60392
12.974191,77.621245
12.967615,77.561871
13.013263,77.56312
12.960602,77.573797
12.967699,77.594984
12.986245,77.56739
13.009427,77.635241
12.996077,77.586803
12.923543,77.576239
12.969052,77.647891
12.926582,77.600394
12.976582,77.564376
12.975949,77.572523
12.968507,77.660482
12.971365,77.57575
12.985384,77.558894
12.932166,77.582197
12.955029,77.646022
12.955711,77.595584
12.967787,77.566172
12.991135,77.593408
12.979966,77.566385
13.003078,77.567866
12.996905,77.589383
12.956998,77.65931
12.94197,77.562546
12.943811,77.558276
12.990968,77.635515
13.023548,77.587153
12.994157,77.586543
12.97835,77.550993
12.932208,77.55233
12.944606,77.587281
12.965138,77.630351
12.915438,77.621848
12.938796,77.573056
13.000383,77.571931
12.98562,77.57202
12.977123,77.554221
13.007483,77.563838
12.927074,77.575369
12.983632,77.584281
12.983406,77.571323
12.981332,77.571835
12.988507,77.635537
12.981308,77.626482
12.941864,77.576858
12.928464,77.593549
12.949608,77.602855
13.008617,77.564639
13.005395,77.572422
12.925507,77.573929
12.915089,77.616422
12.917115,77.594318
12.941931,77.600607
12.968047,77.587023
12.979273,77.547534
12.944724,77.575488
12.991223,77.603011
12.977881,77.568635
12.967247,77.553486
12.992907,77.590534
13.011133,77.588246
12.993944,77.542395
12.925315,77.583029
13.00821,77.56035
12.958966,77.581004
12.978416,77.59049
12.993697,77.585849
12.999498,77.556474
12.972496,77.575195
12.99287,77.649285
12.992059,77.629168
12.978583,77.564295
12.961575,77.565777
12.990787,77.569016
12.960136,77.65479
12.974849,77.602012
12.969749,77.640866
12.969712,77.575305
12.970011,77.568153
12.982233,77.590822
12.992954,77.549516
12.978788,77.559417
12.967412,77.589794
12.985333,77.675786
12.956434,77.567031
12.98781,77.649054
12.991616,77.638225
12.917644,77.560377
12.972308,77.555008
12.984984,77.661159
13.000682,77.580994
12.997069,77.609591
12.910264,77.573875
12.97992,77.596124
12.987272,77.651344
13.022174,77.551579
12.96866,77.549061
13.013346,77.588063
12.998025,77.607295
12.970951,77.575046
12.965647,77.554306
12.966812,77.550403
12.934557,77.59309
12.922782,77.557744
12.976833,77.592115
12.967804,77.594646
12.94862,77.600116
12.942052,77.588957
13.002603,77.549066
12.978157,77.58035
12.954571,77.599371
12.985919,77.555016
12.918359,77.573053
12.958399,77.570688
12.983507,77.565598
12.922308,77.546921
12.949786,77.632688
12.920153,77.579197
12.984449,77.639499
12.996435,77.53416
12.981998,77.565403
12.981328,77.645956
12.986177,77.584385
12.987708,77.61499
13.001756,77.65449
12.984897,77.563951
12.975117,77.643083
12.989495,77.574332
12.9115,77.604637
12.998025,77.607295
12.953851,77.632197
12.976445,77.576352
12.97659,77.555965
12.987643,77.655855
12.972674,77.638207
12.975471,77.560741
12.941207,77.565233
12.948891,77.587633
12.94655,77.566997
13.011679,77.568422
12.923284,77.606893
13.007705,77.559234
12.972977,77.652878
12.993987,77.587427
12.982563,77.574231
12.983159,77.568226
12.96019,77.573086
12.977414,77.626657
12.990727,77.598021
12.980887,77.581814
12.94124,77.587647
12.972567,77.568294
12.993754,77.58382
12.961013,77.584074
12.96868,77.563325
12.999562,77.574537
12.958883,77.616849
12.963341,77.598062
12.98435,77.646238
12.969278,77.586484
12.932022,77.583352
12.959503,77.57353
12.976191,77.655833
12.989465,77.625702
12.975492,77.648072
12.961914,77.544791
12.969358,77.618593
12.965333,77.586187
12.951451,77.605211
12.975654,77.577844
13.010546,77.564318
12.962344,77.576516
12.963043,77.561419
12.968367,77.62187
12.953605,77.588209
12.967114,77.646396
12.97413,77.57204
12.957202,77.588291
13.012499,77.544717
12.935987,77.557612
12.984733,77.551101
12.989,77.646606
12.933475,77.562265
13.013255,77.547654
12.966777,77.553672
12.933358,77.586662
12.986281,77.638114
13.0102,77.582257
12.971177,77.568784
12.930246,77.589687
12.921371,77.586834
12.971709,77.64905
13.011693,77.564821
12.974646,77.555048
12.974695,77.582327
12.949267,77.592697
12.920417,77.566467
12.99976,77.597075
12.94181,77.564279
12.932829,77.598774
12.985133,77.588117
12.959764,77.5849
12.968884,77.561715
12.977537,77.604935
12.991902,77.574974
12.9706,77.671813
12.949449,77.646425
12.991371,77.581203
12.998709,77.575642
12.954771,77.569357
12.930994,77.596625
12.979673,77.576163
12.985823,77.559358
12.965187,77.620915
12.96012,77.669552
12.929233,77.590573
12.95844,77.588671
12.983119,77.640232
12.942884,77.534242
12.975441,77.557532
12.93958,77.543055
12.976954,77.570099
12.958111,77.572214
12.994981,77.56112
12.944109,77.593662
12.994614,77.545147
13.01977,77.609939
12.974756,77.655897
12.985558,77.564719
12.98294,77.678708
12.990917,77.635592
12.972349,77.574948
12.995805,77.588914
12.974343,77.567318
12.970242,77.550136
12.981912,77.593612
13.021427,77.550512
12.958432,77.589133
12.925617,77.577681
12.982755,77.605299
12.973774,77.568865
12.97526,77.640592
12.966849,77.587622
12.932747,77.583133
12.969919,77.598101
12.94578,77.564958
12.988766,77.587052
12.97073,77.640591
12.997336,77.629445
12.931428,77.573373
12.949497,77.571511
12.945153,77.584804
12.929177,77.572884
12.992655,77.650192
12.998049,77.572864
12.943966,77.589292
12.978648,77.576497
12.990159,77.653297
12.987735,77.58266
12.95878,77.563537
12.951409,77.586826
13.010315,77.542834
12.984971,77.565997
12.969246,77.577665
12.993115,77.645741
12.981599,77.571938
12.999957,77.561345
12.940133,77.58162
12.98137,77.545842
12.968495,77.594295
12.965446,77.567991
12.973948,77.65607
12.993719,77.58207
12.994306,77.557593
12.930066,77.534774
12.96371,77.580273
12.97573,77.579255
12.964445,77.670195
12.916763,77.560498
12.979992,77.634564
13.00164,77.608593
12.959958,77.553107
12.945029,77.599783
12.939664,77.583401
13.002802,77.575762
12.983511,77.56938
12.97384,77.619261
12.997511,77.558926
12.948459,77.553721
12.995253,77.650185
12.993835,77.565736
12.942136,77.595468
12.975981,77.629843
12.953283,77.599819
12.917682,77.61804
12.963931,77.58215
12.987885,77.574836
12.986968,77.588129
12.961725,77.57388
13.003589,77.59954
12.984506,77.576097
12.928415,77.581175
12.999082,77.551399
13.006267,77.579232
12.954439,77.603293
12.98543,77.591837
12.94848,77.596173
12.977837,77.578418
12.942082,77.584061
12.916921,77.595297
12.91496,77.548928
12.959603,77.570116
12.991868,77.626642
12.987601,77.55976
12.97768,77.587062
12.933358,77.586662
12.976243,77.566161
12.961925,77.580806
13.010466,77.592662
12.913483,77.558923
12.989017,77.617191
12.964739,77.573907
12.920975,77.613106
12.997267,77.56562
12.937471,77.617055
12.925724,77.590529
13.037334,77.585041
12.953158,77.579769
12.995176,77.580125
12.987535,77.577351
13.00148,77.573448
13.027006,77.603515
12.967304,77.577469
12.942321,77.578938
12.918701,77.560327
12.992676,77.522939
12.956239,77.578312
13.017701,77.596914
13.006818,77.635649
12.958554,77.612076
12.936006,77.539224
12.919854,77.578738
12.976044,77.588271
12.979654,77.63228
12.994487,77.563083
12.984943,77.571781
12.986398,77.6468
12.967547,77.550174
12.987528,77.564061
12.930303,77.589715
12.973012,77.584933
13.023282,77.540024
12.958421,77.581183
13.0168,77.577681
12.984341,77.609768
12.972141,77.645238
13.005848,77.571374
12.980828,77.546666
12.970779,77.574743
12.93386,77.593218
12.978571,77.559535
12.97983,77.581708
12.980638,77.579594
12.95958,77.572827
12.979529,77.568645
12.982185,77.588711
12.943752,77.605346
12.989491,77.638134
12.964172,77.575378
12.96865,77.620142
12.956242,77.589176
12.979653,77.629112
12.954708,77.639358
12.91208,77.563934
12.986682,77.580292
12.980085,77.567652
12.947327,77.589699
12.940362,77.590337
12.983673,77.56806
12.991073,77.601257
12.980484,77.624777
12.933975,77.566134
12.969155,77.558558
12.947063,77.593277
12.910386,77.60429
12.962679,77.567417
13.007046,77.570229
13.009276,77.560002
12.98137,77.572744
12.997209,77.563065
13.013798,77.554504
12.949515,77.587654
12.94042,77.539267
12.947924,77.614159
12.981096,77.558004
12.996892,77.557455
12.994694,77.629429
12.966965,77.587101
12.990958,77.588723
12.997383,77.551539
12.955486,77.593603
12.951967,77.59071
12.973822,77.628119
12.982066,77.583013
12.949091,77.565912
12.990061,77.578915
12.993838,77.63672
12.975867,77.571135
12.948831,77.599061
13.022315,77.587135
12.937245,77.582601
12.996826,77.539568
12.966978,77.58114
12.964971,77.630996
12.98644,77.649435
12.921979,77.620089
12.964923,77.638074
12.97939,77.5658
12.995252,77.568485
12.988684,77.546254
12.940128,77.580389
13.020673,77.582985
12.962042,77.565785
12.991165,77.596269
12.97577,77.6592
12.921908,77.557608
12.984709,77.581298
12.961872,77.572221
12.970694,77.649841
12.935091,77.601879
12.99983,77.583146
12.980498,77.575343
12.989818,77.656116
12.914209,77.596368
12.963085,77.567504
12.94479,77.590134
12.959102,77.615908
12.91598,77.546246
12.997035,77.568481
12.955907,77.63241
12.918622,77.560309
12.934162,77.561236
12.967286,77.64116
13.01763,77.582459
12.993613,77.65316
12.973321,77.557239
13.002617,77.562683
12.976524,77.576479
12.9423,77.561192
13.009585,77.563798
12.949771,77.568841
12.932861,77.560329
12.914245,77.590444
12.991188,77.641309
12.940972,77.560237
12.971745,77.559147
12.954024,77.567805
12.962918,77.640069
12.996525,77.644144
12.991919,77.546453
12.957539,77.575537
12.940067,77.585488
12.96633,77.665455
12.936462,77.568958
12.943843,77.63017
12.969435,77.617026
12.974347,77.574907
12.986221,77.63033
12.959121,77.596086
12.912848,77.58164
12.993335,77.555461
12.965024,77.648147
12.983334,77.657924
12.974044,77.572841
13.002665,77.564416
12.988595,77.565154
12.972115,77.640443
12.981079,77.585594
12.98952,77.606975
12.977409,77.585255
12.922937,77.573391
12.936237,77.603262
12.958256,77.588135
12.988957,77.583008
12.994928,77.621983
12.983227,77.652002
12.982174,77.634092
12.961584,77.67566
13.007129,77.621596
12.976441,77.576672
12.92745,77.587737
12.973695,77.569785
13.003029,77.551409
12.962835,77.621115
12.975879,77.578992
13.002865,77.5872
12.967142,77.614873
12.973035,77.651608
12.994891,77.579413
12.981385,77.587589
13.017844,77.534468
12.975931,77.581231
13.006421,77.651766
12.96265,77.635063
12.938922,77.577247
12.963663,77.597549
12.988792,77.570055
12.982094,77.603145
12.962625,77.569162
13.005136,77.576506
13.010118,77.584439
12.966969,77.576349
12.982168,77.550697
12.910214,77.545862
12.983586,77.640926
12.970611,77.573828
12.964922,77.584649
13.009774,77.56777
12.973571,77.570593
13.001031,77.635876
12.938272,77.618033
12.976445,77.579891
12.972585,77.556794
12.946309,77.571486
12.98892,77.647621
12.958061,77.566404
12.914815,77.600535
12.997973,77.585062
12.954238,77.592671
13.012846,77.570915
12.961327,77.671534
12.975577,77.644364
12.971281,77.63722
12.999223,77.559325
12.975213,77.59957
13.001065,77.569015
12.986308,77.578057
13.001307,77.632657
12.990634,77.658969
12.963657,77.589274
12.990535,77.557528
12.930855,77.584682
12.996979,77.548361
12.913985,77.565406
12.934148,77.56205
12.969365,77.60578
13.000072,77.606816
12.985278,77.591824
12.989932,77.586738
12.963079,77.58474
12.975623,77.579304
12.974255,77.680621
12.958134,77.615881
12.975853,77.569732
12.986328,77.625693
12.977746,77.646818
13.004588,77.561492
12.991983,77.565551
12.975175,77.579876
12.932742,77.553513
12.993952,77.551453
12.986658,77.545462
12.927334,77.544365
12.93576,77.622075
12.977341,77.57113
12.994718,77.568221
12.997251,77.580117
12.911694,77.60906
12.981587,77.564807
12.982914,77.635206
12.967507,77.571941
12.970273,77.579493
12.916135,77.584952
12.972789,77.593024
12.977515,77.575636
12.955598,77.566864
12.932538,77.562596
13.003405,77.572039
12.973607,77.563454
12.912842,77.582799
13.004341,77.555239
13.011588,77.584826
12.973981,77.575866
12.964681,77.588252
12.977941,77.572692
12.975657,77.549305
12.966522,77.65194
12.937232,77.606138
12.965317,77.590494
12.927019,77.571988
12.944743,77.636349
12.942712,77.58688
12.966095,77.64292
12.987997,77.639226
12.977483,77.585701
12.996849,77.555355
12.999488,77.613776
12.99743,77.535662
12.926568,77.590447
12.939627,77.623707
12.955732,77.574215
13.017133,77.594954
13.000091,77.584259
12.914663,77.58348
12.980168,77.622989
12.974114,77.564283
12.935036,77.57284
12.970742,77.635733
12.938066,77.574135
13.009427,77.548056
12.973422,77.582164
12.956065,77.580042
12.963069,77.600287
12.954626,77.580888
12.989583,77.649392
12.953761,77.593143
12.996426,77.579755
12.92434,77.543606
12.991617,77.566242
12.936876,77.604811
13.013401,77.590796
12.953263,77.557904
12.955166,77.634691
12.979143,77.63812
12.943935,77.567428
12.995497,77.59478
12.93272,77.585605
12.996564,77.661399
12.977854,77.576982
12.917543,77.584047
12.934505,77.53218
13.019312,77.578193
12.996198,77.588259
12.98244,77.644157
12.969625,77.620908
12.993545,77.660976
12.928241,77.570979
13.004254,77.57112
12.970522,77.563188
12.97986,77.56915
12.947131,77.569823
12.985302,77.62976
12.985845,77.593243
12.972438,77.655599
12.961084,77.544104
12.967693,77.657536
12.985233,77.556611
12.972194,77.561157
12.985297,77.635053
13.014305,77.578813
12.97222,77.562332
12.987955,77.579214
12.943858,77.557377
12.989302,77.631532
12.994947,77.55536
12.985457,77.567263
12.971574,77.568934
12.998125,77.579736
12.95562,77.650445
12.972839,77.563411
12.974888,77.624807
12.99548,77.571612
12.979105,77.59602
12.984493,77.570715
12.966012,77.658621
12.991323,77.65256
12.98819,77.654907
13.007377,77.57109
13.000194,77.637276
12.956402,77.556802
12.973027,77.57293
13.012754,77.560069
12.986012,77.63051
13.009756,77.564368
12.979352,77.593372
12.968919,77.570005
12.948667,77.587408
12.99955,77.627419
12.967552,77.574118
12.97091,77.610395
13.000689,77.578253
12.990433,77.576441
12.995781,77.592463
12.922648,77.55638
12.979574,77.577629
12.953976,77.554805
12.98742,77.570481
12.991577,77.64958
12.990298,77.573719
12.979207,77.640935
12.97179,77.570341
12.914809,77.572854
12.955671,77.564068
12.981719,77.566643
13.008678,77.588579
12.998587,77.636093
12.99673,77.567983
12.999829,77.628221
12.971642,77.611252
13.002716,77.581325
12.910863,77.566313
12.953709,77.607945
12.959185,77.576683
12.922271,77.589428
12.959309,77.573383
12.985945,77.559467
12.973961,77.600442
12.969691,77.593307
12.980552,77.581091
13.000311,77.572792
12.98572,77.639766
12.962793,77.639643
12.972122,77.578883
13.00043,77.576667
12.916493,77.586992
12.932656,77.56595
12.974184,77.563646
12.979454,77.581252
12.99605,77.543179
12.995316,77.630155
12.988008,77.575244
13.002417,77.579764
12.994403,77.577403
12.914272,77.626479
12.913814,77.591623
12.991349,77.571552
12.97232,77.555241
12.995005,77.580076
12.96293,77.649703
13.001719,77.577114
12.975986,77.660603
12.972296,77.663046
12.931434,77.55481
12.998418,77.556067
12.962124,77.635875
12.974723,77.575547
13.012951,77.56584
12.993231,77.5589
12.951392,77.575018
12.993371,77.576422
12.972329,77.560168
12.976817,77.586362
12.975387,77.655621
12.98258,77.573019
13.003961,77.628937
12.98539,77.637207
12.973731,77.560664
12.99611,77.623026
12.978117,77.650207
12.958182,77.57226
13.013049,77.585497
12.978468,77.575387
12.994255,77.571232
12.982192,77.638293
12.956968,77.629042
13.01093,77.568598
12.979845,77.631542
12.931768,77.566933
12.971037,77.608733
12.962046,77.558451
12.957316,77.593645
12.922764,77.622273
12.953559,77.572752
12.983205,77.579109
12.976355,77.629434
12.981891,77.657508
13.003789,77.581008
12.95557,77.591919
12.913689,77.564647
12.971779,77.585229
12.931495,77.563797
12.981405,77.548851
12.961376,77.595091
12.972031,77.559741
12.999942,77.558834
12.970067,77.591787
12.99224,77.569614
12.975964,77.573631
13.012314,77.654764
12.978056,77.573133
12.97635,77.575433
12.965036,77.573595
12.997639,77.565833
12.991044,77.600141
12.973175,77.567843
13.006444,77.58504
13.007575,77.617807
12.994607,77.655837
12.969285,77.560322
13.014104,77.567085
12.974295,77.590797
12.993994,77.572993
13.007473,77.563503
12.93185,77.543482
12.966899,77.584696
12.985514,77.563482
12.958587,77.573324
12.961717,77.526862
12.999333,77.576432
12.945871,77.576616
12.980028,77.578578
13.003405,77.572039
12.989442,77.559181
12.991931,77.594728
12.937483,77.578115
12.979611,77.633358
13.012016,77.595461
13.019287,77.591095
12.956325,77.549239
12.985747,77.638533
12.992571,77.570779
12.943991,77.611985
12.966989,77.573373
12.984287,77.56778
12.97284,77.568813
12.970661,77.636098
12.977394,77.586275
12.991826,77.588607
12.970978,77.586583
13.003205,77.576042
12.965784,77.58891
12.99598,77.580996
12.915665,77.585325
12.987172,77.574447
13.027342,77.573501
12.968024,77.638953
12.988176,77.580305
12.958277,77.579786
12.997138,77.637957
12.935335,77.578977
12.983286,77.565884
12.965126,77.64228
12.963427,77.577051
12.97934,77.574864
12.97939,77.5658
12.953305,77.557233
12.982552,77.571765
12.947536,77.557567
12.986587,77.642458
12.971861,77.629245
12.988175,77.638509
12.990159,77.653297
12.977067,77.564559
12.996265,77.633616
12.945314,77.567297
12.964467,77.627778
12.99624,77.556063
12.944371,77.636108
12.967071,77.657715
13.003449,77.539849
12.966158,77.580551
12.992616,77.546458
12.960833,77.572083
13.001516,77.557571
12.966146,77.578611
12.951467,77.554031
12.976564,77.64156
12.986092,77.576476
12.925153,77.57461
13.011588,77.584826
12.966541,77.557052
12.933767,77.596757
12.980883,77.635412
12.977624,77.572985
12.966869,77.575096
12.984153,77.569251
12.994542,77.574988
12.978558,77.626732
12.991457,77.576154
12.927909,77.54873
12.99605,77.570722
12.934767,77.606105
12.978961,77.560641
12.979035,77.576781
12.974736,77.596939
13.009898,77.562988
12.923027,77.561426
13.028096,77.578274
12.970608,77.549618
13.002961,77.572613
12.967765,77.587631
12.979744,77.568633
12.918816,77.59082
12.980734,77.58183
12.969659,77.563391
12.992843,77.66534
13.002633,77.568194
12.98471,77.639834
13.020398,77.552789
12.981127,77.628486
12.917742,77.575873
12.972253,77.584151
12.975227,77.56547
12.976968,77.656159
12.950015,77.566044
12.971611,77.593985
12.966537,77.638683
12.978562,77.669876
12.986453,77.553486
12.996634,77.631549
12.947443,77.579202
12.979585,77.571311
12.985005,77.6189
12.981903,77.571128
12.944572,77.572022
12.98826,77.574373
12.945316,77.570654
12.977508,77.555604
12.934099,77.573816
12.983372,77.578576
12.984558,77.617236
12.985807,77.554932
12.982617,77.618942
12.990527,77.564078
13.010994,77.619804
13.004334,77.619636
12.970375,77.584053
12.955048,77.563623
12.911515,77.595752
12.975253,77.575126
12.992597,77.558283
12.949074,77.56317
12.974526,77.598337
12.975957,77.587534
12.977694,77.595954
12.968714,77.583411
12.970823,77.572766
13.001735,77.561099
12.969829,77.586481
12.971552,77.632284
12.956605,77.601662
12.941062,77.597127
12.960708,77.568389
12.968648,77.586787
12.93395,77.546284
12.972396,77.582018
12.918298,77.586277
12.990046,77.562095
12.923702,77.54972
12.983588,77.56413
12.980798,77.631605
12.923706,77.589023
12.960765,77.541072
13.019656,77.569821
12.975843,77.574169
12.970124,77.569481
12.970273,77.562796
12.998542,77.662597
12.930157,77.59736
12.970687,77.635114
12.998464,77.575899
12.981049,77.583535
12.951568,77.572148
12.996605,77.588814
12.978488,77.578983
12.951941,77.577878
12.997323,77.562297
12.974772,77.579405
12.966441,77.59212
12.992511,77.582479
12.983094,77.617535
12.916899,77.590198
12.919583,77.549045
12.97997,77.576406
12.988087,77.596794
12.976815,77.635354
12.930525,77.61144
12.994542,77.574988
12.939565,77.613091
12.990777,77.566118
12.91681,77.585806
12.96774,77.577567
13.002329,77.568926
12.936163,77.586592
13.009129,77.576243
12.997044,77.563752
13.017563,77.581266
12.991678,77.644778
12.997604,77.581161
12.942607,77.607691
12.926549,77.585452
12.992279,77.546669
12.994062,77.602111
12.951139,77.574508
12.935607,77.572591
12.968296,77.581415
13.029511,77.564101
12.989376,77.573619
12.984739,77.58523
12.944753,77.56871
12.962749,77.568824
13.011419,77.596875
12.964798,77.550814
12.961,77.564241
13.02361,77.572165
12.988514,77.588622
12.947781,77.58374
12.918806,77.603575
13.002396,77.561648
12.966171,77.663975
12.940657,77.587235
12.931247,77.576169
12.951508,77.601995
13.012407,77.555451
12.998501,77.56375
12.96851,77.53244
12.918491,77.578186
12.944722,77.572123
13.00816,77.581819
12.961687,77.582741
12.936892,77.607756
12.99458,77.622831
12.957515,77.560863
12.994555,77.641709
12.96292,77.626274
12.918355,77.600864
13.005957,77.585223
13.024937,77.571978
12.986574,77.620064
12.963909,77.59554
12.99315,77.602573
13.011814,77.551287
13.005491,77.657704
12.964868,77.574113
12.935948,77.580706
12.937887,77.557068
12.953347,77.610468
12.955114,77.633264
12.978533,77.56909
12.990627,77.631862
13.002449,77.540968
12.969413,77.582251
12.955528,77.600642
13.003431,77.580053
12.910282,77.577511
12.963032,77.615139
12.993555,77.578084
13.026332,77.578951
12.926244,77.564497
12.991646,77.58166
12.981998,77.632864
12.920268,77.568148
13.002781,77.597509
13.0128,77.572277
12.966539,77.566563
12.977695,77.635305
12.915176,77.594199
12.953768,77.541611
12.97564,77.629005
12.952947,77.571153
12.939246,77.590874
12.977373,77.575898
13.03505,77.558347
12.938749,77.576988
13.007325,77.584054
12.949826,77.583043
12.975045,77.596138
13.00052,77.573654
13.003299,77.552282
13.006547,77.577402
13.001587,77.59838
12.963556,77.635657
12.921539,77.59425
12.923547,77.590293
12.965191,77.56231
12.99731,77.645219
12.946455,77.620537
12.983768,77.642942
12.960347,77.570651
12.917753,77.575444
12.976973,77.580548
12.911056,77.58199
12.954937,77.653236
13.008443,77.573402
12.929613,77.565845
13.033759,77.563472
12.973585,77.632751
12.990776,77.580048
13.014973,77.552603
13.024037,77.549491
12.940012,77.603229
13.001767,77.633217
12.970575,77.574552
12.991288,77.664032
12.971164,77.638034
12.924648,77.579064
12.978655,77.638835
12.973557,77.575793
12.972939,77.637188
12.987197,77.570969
12.987611,77.649472
12.970837,77.570296
12.938333,77.526063
12.967768,77.577575
12.913111,77.580628
13.009146,77.560393
12.980599,77.59234
12.931996,77.569007
12.953569,77.649664
12.963814,77.560189
13.005814,77.644831
12.980655,77.592226
12.979843,77.597964
12.942644,77.564383
12.952477,77.659306
12.970044,77.682291
12.979516,77.579782
12.944326,77.608071
12.965641,77.642058
12.95338,77.551256
12.930441,77.563273
12.9625,77.657425
12.984436,77.568451
12.963181,77.581267
12.933166,77.554547
12.917702,77.598776
12.966012,77.658621
12.954224,77.578035
12.917698,77.615508
13.008034,77.592707
12.979434,77.656356
12.97925,77.589208
12.988137,77.570223
12.945891,77.562591
12.992428,77.633821
12.982869,77.584828
12.973465,77.580218
12.980599,77.565826
12.992118,77.59298
12.969449,77.649066
13.017875,77.581128
12.975192,77.556837
12.958519,77.596052
12.997146,77.574577
12.985933,77.570346
12.951553,77.581438
12.997277,77.549806
12.976213,77.566664
12.98776,77.546139
12.936984,77.541086
12.996062,77.56368
12.947246,77.585318
12.934571,77.555821
12.984929,77.656881
12.987784,77.575791
13.002832,77.550566
12.953356,77.570551
12.982099,77.599278
12.934126,77.596064
12.96493,77.593497
12.974358,77.639737
12.97548,77.580319
12.944325,77.560673
12.937515,77.580655
12.970281,77.598431
12.997418,77.571761
12.994016,77.664734
12.993498,77.652978
13.010042,77.550449
12.984266,77.546803
12.973471,77.563444
12.950849,77.579305
12.979318,77.636447
12.970624,77.565471
13.01052,77.55066
12.988583,77.639655
13.00721,77.566096
13.025652,77.656331
12.97483,77.643502
12.916582,77.60955
12.98855,77.583424
12.968901,77.555533
12.92038,77.600482
13.006323,77.662806
12.987458,77.554197
12.998714,77.590894
12.920659,77.60054
12.947467,77.58193
12.959485,77.576804
12.95624,77.576989
13.011211,77.542874
12.986321,77.570777
12.967139,77.618911
12.924908,77.536038
12.941609,77.584932
12.985044,77.578599
12.991582,77.656951
13.022388,77.586267
12.980791,77.588715
13.024848,77.56059
12.973977,77.642453
12.962447,77.590053
12.995827,77.551585
12.910448,77.570746
12.975826,77.549119
12.991147,77.57523
12.962242,77.591126
12.962827,77.578179
13.006963,77.573775
12.990256,77.648607
12.931355,77.638168
12.974489,77.575808
12.937842,77.558785
13.001851,77.588169
12.971166,77.576504
13.016448,77.589155
12.963164,77.558784
12.925767,77.60495
12.96262,77.573769
12.973505,77.634076
13.012295,77.553262
12.959085,77.637489
12.983842,77.58025
12.927324,77.569655
12.926312,77.58799
12.968576,77.571527
12.947138,77.603947
12.958838,77.569119
13.009463,77.593745
12.940244,77.599636
12.9853,77.630325
12.983516,77.563782
12.966477,77.595862
13.011708,77.593721
12.963464,77.604844
12.961954,77.547974
12.971808,77.615806
12.956065,77.643944
12.972347,77.574769
12.986332,77.572353
12.943769,77.594632
12.966738,77.629215
12.928831,77.578199
12.97405,77.591225
12.963069,77.600287
12.931626,77.568864
12.985925,77.605818
12.977109,77.618763
12.978833,77.575289
12.944281,77.563657
12.937138,77.602732
12.921978,77.580084
12.994499,77.58001
12.93272,77.585605
12.96787,77.586936
12.962576,77.653225
12.968032,77.579079
12.961597,77.654004
12.990566,77.569321
12.946357,77.588566
12.926092,77.578077
12.97155,77.662878
12.990619,77.571995
12.961931,77.580671
12.966361,77.605519
12.91338,77.577013
12.974406,77.583725
12.96726,77.551509
13.021229,77.553029
12.975631,77.646484
12.96047,77.565922
13.000451,77.611388
12.991899,77.579951
12.970243,77.573951
13.000438,77.58366
12.987274,77.648123
12.972253,77.581486
12.933477,77.610733
12.995863,77.636105
12.960269,77.598101
12.991213,77.59106
12.974475,77.616903
12.946186,77.586199
13.000677,77.638322
12.960859,77.561963
12.974944,77.585987
12.979025,77.628155
12.958155,77.63001
12.979213,77.557376
12.950022,77.57989
12.988014,77.563324
12.978686,77.672164
12.968268,77.576113
13.014006,77.638102
12.98496,77.591299
12.951003,77.56591
12.973242,77.569929
12.983733,77.64134
12.982178,77.587455
12.917693,77.622678
12.941693,77.598389
12.991861,77.584408
12.972213,77.586484
12.987687,77.557184
12.911352,77.60539
12.978684,77.592681
12.9602,77.563298
13.003038,77.561447
12.982734,77.582769
12.996794,77.601649
12.940147,77.545114
12.997086,77.56965
12.978318,77.556898
12.976106,77.61377
12.928205,77.639646
12.984413,77.5751
12.980495,77.593497
12.983478,77.654033
12.979261,77.566386
12.991824,77.583035
12.969463,77.642138
13.007936,77.570554
12.981665,77.643775
12.961486,77.631358
13.001461,77.662477
12.963665,77.576701
12.91157,77.602123
12.947122,77.603834
12.979115,77.627097
12.947468,77.567631
13.015436,77.547141
12.978489,77.649788
12.980318,77.580792
12.986857,77.662673
12.938984,77.551209
12.946524,77.648984
12.974378,77.592912
12.979374,77.57112
12.982866,77.557811
12.979598,77.579335
12.939038,77.584261
12.918123,77.591123
12.978829,77.590974
12.981961,77.544032
13.008443,77.577428
12.969686,77.632527
13.02536,77.562544
12.960158,77.582819
12.972907,77.552278
13.000207,77.569346
13.015709,77.596749
12.980087,77.618322
13.0003,77.550033
12.939509,77.579229
12.980784,77.642844
12.993178,77.570095
12.974931,77.575942
12.917661,77.588351
12.954257,77.571714
13.00948,77.576907
12.928572,77.599823
12.923197,77.576703
13.009098,77.557463
12.962796,77.559662
13.002389,77.565008
12.972469,77.564817
12.984465,77.555995
12.964436,77.645562
12.991142,77.568401
12.91162,77.619808
12.979535,77.571279
12.982284,77.575818
12.997003,77.572906
12.996888,77.640698
12.970408,77.546454
12.975181,77.625791
13.002854,77.571265
12.972549,77.576489
12.917069,77.568799
12.989617,77.567599
12.912467,77.58398
12.936119,77.585737
12.957159,77.586275
12.927034,77.589971
12.934114,77.58662
12.972526,77.633782
13.009047,77.559639
12.986504,77.605113
12.947278,77.57119
12.954738,77.602088
12.97279,77.549528
12.981414,77.569643
12.981446,77.594275
13.019485,77.622818
12.976518,77.570292
12.966134,77.545736
12.982382,77.615799
12.982708,77.657842
12.990582,77.573371
12.959969,77.564165
12.989818,77.669772
12.968469,77.565566
12.958775,77.576733
12.993276,77.559084
12.983675,77.553407
12.97003,77.591438
12.955911,77.547697
12.994813,77.578825
12.931798,77.580137
12.947057,77.589849
12.911374,77.556416
12.939933,77.630225
12.937231,77.603587
12.917565,77.550122
12.922906,77.592044
13.005255,77.570668
12.960684,77.582909
13.006352,77.598894
12.957026,77.644339
12.975505,77.58422
12.981031,77.563339
13.001807,77.53089
12.92684,77.57887
12.98038,77.572825
12.961284,77.609033
12.983979,77.586879
12.971267,77.571621
12.958856,77.66213
12.965668,77.577566
12.989109,77.654685
12.97957,77.574537
12.97389,77.55811
12.992777,77.654716
13.001496,77.557951
12.967701,77.588639
12.958695,77.647843
12.983699,77.572585
13.009151,77.579052
12.922245,77.575019
12.969132,77.572391
12.944817,77.647643
12.984523,77.58571
12.962983,77.593075
12.987528,77.564061
12.96938,77.582216
12.95253,77.558617
12.978185,77.570313
12.946339,77.630035
12.931751,77.599652
12.9535,77.580357
12.975797,77.558836
12.966702,77.648099
12.990365,77.548679
12.910074,77.575862
12.946858,77.589017
13.002022,77.566226
12.981555,77.5812
12.986983,77.566099
12.984542,77.62466
12.995499,77.617727
13.005458,77.562658
12.971192,77.57377
12.990628,77.626208
12.981467,77.580713
12.978187,77.572774
12.986458,77.583393
13.008205,77.550393
12.967933,77.569503
12.926999,77.541906
12.947711,77.601959
13.000484,77.581907
12.983254,77.59645
12.930513,77.58657
12.995435,77.623177
12.969865,77.638516
12.920789,77.565864
12.992776,77.602582
12.934747,77.535742
12.967618,77.575339
12.989019,77.643717
13.003535,77.565226
12.932283,77.591119
12.987005,77.568555
12.983453,77.572492
12.999786,77.569092
12.942024,77.567223
12.979005,77.585781
12.952752,77.578541
12.968462,77.649321
12.999057,77.6356
12.960989,77.555709
12.971847,77.599248
12.971603,77.542765
12.976463,77.574246
12.977618,77.649814
12.950228,77.589098
12.915456,77.578792
12.986957,77.645922
12.992042,77.544411
12.960429,77.594357
12.974573,77.636675
12.989408,77.6275
12.956356,77.573601
12.957279,77.572307
12.977893,77.616555
12.979789,77.568511
12.95817,77.582106
12.999425,77.669993
12.969043,77.602282
12.994273,77.557214
13.021712,77.561771
12.935688,77.59185
13.011097,77.544279
13.006918,77.59468
12.977835,77.651728
12.985922,77.623346
12.952928,77.573148
12.978965,77.577826
12.921309,77.567746
12.997981,77.593536
12.948914,77.585356
12.980816,77.569806
12.98181,77.640268
12.936412,77.567076
12.923742,77.624384
12.966054,77.566345
12.981331,77.543467
12.988229,77.562117
12.996161,77.566214
12.962581,77.597159
12.982709,77.56688
12.917489,77.623702
12.977716,77.635631
12.966612,77.581398
12.915465,77.591889
12.960999,77.63769
12.959288,77.635643
12.98742,77.566511
12.978957,77.556846
12.939376,77.587786
12.957249,77.569683
12.99464,77.625743
12.940067,77.635
12.914873,77.582654
12.989882,77.578405
12.959918,77.597969
12.962127,77.560067
13.020093,77.588459
12.963985,77.64467
13.026168,77.570133
12.979211,77.561134
12.97807,77.57944
12.937593,77.591794
12.94965,77.59286
12.996488,77.643148
12.969127,77.590541
13.003461,77.578557
12.956307,77.610898
12.961727,77.556806
12.98915,77.567698
12.963557,77.578396
12.969827,77.570554
12.965487,77.559758
12.97976,77.545831
13.000233,77.55885
12.942166,77.581748
12.996413,77.555927
12.950085,77.515915
12.973648,77.569311
12.980283,77.584217
12.956743,77.586403
12.921889,77.543309
12.961698,77.652565
12.954332,77.633064
12.996735,77.627146
13.009027,77.57314
12.993432,77.640778
12.980408,77.634392
13.0003,77.640841
13.001665,77.561619
12.948225,77.544615
12.957606,77.616137
12.948628,77.567956
12.960038,77.582007
12.97737,77.664193
12.915872,77.596023
12.98567,77.544583
12.968726,77.644722
12.993076,77.576265
12.996072,77.578827
12.962122,77.567289
12.984713,77.579719
13.014329,77.56127
13.013245,77.616523
12.93156,77.60337
12.91942,77.567595
12.929025,77.572119
12.977421,77.633749
12.916574,77.59519
12.997368,77.5778
12.93273,77.568328
12.979922,77.645414
12.969581,77.621705
12.997691,77.556544
12.981595,77.594629
12.910138,77.621406
12.98973,77.581845
12.969847,77.572645
12.939098,77.599134
12.965645,77.663452
12.959932,77.609651
13.008491,77.654296
12.984426,77.575904
12.971316,77.569301
12.93187,77.548344
12.944524,77.565451
12.980695,77.575897
12.991932,77.606451
12.986371,77.5588
12.986507,77.640192
12.96792,77.588827
12.94496,77.580657
13.011721,77.571957
12.962907,77.582625
12.992226,77.538582
12.96027,77.585568
12.94296,77.56783
12.968866,77.651939
13.001612,77.566167
13.004215,77.565145
12.957607,77.575504
12.959795,77.635871
12.979039,77.57569
12.962605,77.601218
12.919138,77.555977
12.968735,77.579233
13.030903,77.577915
12.956723,77.655556
13.009714,77.555308
12.934969,77.579052
13.002454,77.583667
12.984956,77.615329
12.963464,77.604844
12.949975,77.573519
12.940001,77.58577
12.983847,77.584135
12.95394,77.550634
12.98411,77.582207
12.969362,77.574791
12.966538,77.543077
12.983596,77.577424
12.940579,77.553301
12.996776,77.597505
12.980644,77.558978
12.976393,77.586155
12.958732,77.621879
12.92767,77.53666
12.994225,77.628764
12.999363,77.646318
13.00849,77.572162
12.994511,77.581934
12.978164,77.592654
12.960929,77.549763
12.959339,77.600802
12.953872,77.570798
12.977201,77.568202
12.965187,77.585213
12.983818,77.587186
13.002466,77.61557
12.958804,77.57976
12.9765,77.574015
12.955144,77.641625
12.979648,77.567205
13.000979,77.637963
12.941758,77.560345
12.987305,77.614881
12.950599,77.583535
13.005091,77.589181
12.968101,77.601068
12.988276,77.591017
12.973351,77.554449
12.957213,77.591123
13.014884,77.582751
12.983552,77.636542
12.98692,77.641161
12.974176,77.61505
12.95349,77.566289
13.012061,77.5641
12.973027,77.634773
12.975762,77.65886
12.990017,77.578017
12.997432,77.651888
12.999001,77.611934
12.94031,77.552231
12.957028,77.597498
12.965964,77.583123
13.024272,77.5698
12.950777,77.645961
13.037586,77.570647
12.910023,77.574355
12.98052,77.655671
12.974275,77.581708
12.997085,77.664375
12.984325,77.591282
12.981293,77.568243
12.98497,77.637362
12.995643,77.553174
12.98947,77.659755
12.947514,77.590801
12.987068,77.590543
12.935491,77.6195
12.946272,77.608297
13.002368,77.636581
12.976723,77.649798
12.942076,77.644411
12.997072,77.560108
12.94981,77.577338
12.986701,77.568813
12.929233,77.590573
13.008044,77.574549
12.978739,77.580446
12.99669,77.66331
12.946878,77.567887
12.950957,77.62976
12.956955,77.599071
12.94805,77.59872
12.985974,77.551005
12.96249,77.549992
12.957376,77.607184
12.965917,77.56095
12.985409,77.581511
12.961687,77.582741
12.97418,77.570586
12.978151,77.633505
12.95464,77.564014
12.97933,77.587739
13.012324,77.557734
12.979069,77.632288
12.939526,77.561015
12.968474,77.636856
12.962591,77.593362
13.018691,77.571667
12.979176,77.650065
12.917873,77.569369
12.991898,77.610343
12.986543,77.534656
12.949445,77.601236
13.003281,77.561697
12.981891,77.657508
12.953909,77.587602
12.997673,77.589158
12.984874,77.574128
12.990671,77.572158
12.947544,77.569762
12.97387,77.571419
12.991265,77.571206
12.972468,77.649413
12.971154,77.671599
12.990036,77.582466
12.967232,77.640919
12.947631,77.554536
13.029255,77.562822
12.988048,77.549165
12.975753,77.545509
12.999514,77.586616
12.966454,77.551253
12.956102,77.57128
12.957655,77.600362
13.01274,77.562449
12.986412,77.645089
12.980103,77.653502
12.927574,77.605699
12.997901,77.559574
13.019731,77.555637
12.981689,77.613019
12.971009,77.642755
12.9514,77.574445
12.999829,77.628221
12.929697,77.59046
12.962278,77.628561
13.003,77.570206
12.976961,77.628235
12.976703,77.583524
12.98208,77.580423
12.993268,77.579363
12.956287,77.559184
12.980524,77.563408
12.998839,77.576101
12.977716,77.648305
12.973216,77.560813
12.969258,77.644698
12.910327,77.564981
12.95871,77.55395
12.979868,77.565123
12.990013,77.638425
12.976944,77.586268
12.950486,77.558563
13.00325,77.585575
12.971079,77.585437
12.984121,77.630926
12.988885,77.579658
12.97591,77.575625
12.979244,77.549429
12.970243,77.576495
12.916514,77.573489
12.924398,77.578263
12.985285,77.538632
12.975064,77.570583
12.996509,77.562459
12.991928,77.627148
13.024907,77.593747
12.969786,77.616408
12.972235,77.557171
13.008821,77.556796
13.010798,77.598848
13.00167,77.660025
12.967366,77.614672
12.985489,77.565529
13.009844,77.551592
12.938877,77.586205
12.961414,77.547349
12.977543,77.584219
12.978463,77.577468
12.971657,77.620409
12.973076,77.656295
12.947035,77.569381
12.973235,77.649091
12.980776,77.642661
12.991148,77.650837
12.980322,77.602795
12.955432,77.580329
12.972376,77.634439
12.989589,77.572895
12.952429,77.573338
12.978013,77.533297
12.95165,77.632814
12.932131,77.566785
12.998518,77.649758
12.962008,77.55059
12.980941,77.583437
12.926254,77.58354
12.990423,77.583903
12.963001,77.557396
12.950753,77.570715
12.974903,77.654153
12.953987,77.567937
12.962734,77.667151
12.931161,77.582536
12.977903,77.659338
12.978889,77.579255
12.986586,77.574277
12.954816,77.562364
12.984288,77.587772
12.921424,77.546585
12.984027,77.588433
12.926258,77.577019
12.992395,77.589199
12.986614,77.629877
12.969933,77.589408
12.957622,77.595251
12.93903,77.560938
12.997095,77.617748
12.928995,77.544631
12.999271,77.563522
12.969386,77.58633
12.995717,77.581844
12.965732,77.583415
12.989953,77.644137
12.980567,77.656573
12.954945,77.629967
12.969606,77.644865
12.948563,77.576397
12.96569,77.626086
12.953168,77.532933
12.936856,77.573954
12.998759,77.601574
12.928198,77.588398
12.92216,77.585441
12.991308,77.580779
12.979072,77.646846
12.958123,77.570058
12.974529,77.567628
12.961909,77.63259
12.949567,77.651336
13.006914,77.577781
12.987357,77.605296
12.92519,77.569251
12.963385,77.587426
12.991826,77.588607
12.979825,77.585835
12.959071,77.646408
12.990079,77.644683
12.917617,77.558949
12.976804,77.563183
12.967893,77.576884
12.998255,77.658204
12.919195,77.56468
12.999751,77.589759
12.994707,77.636966
12.967798,77.575453
12.985687,77.588792
12.960371,77.586368
12.996194,77.562869
12.974716,77.647226
12.973255,77.58825
12.96862,77.571545
12.974818,77.644539
12.955125,77.587129
12.959707,77.574204
12.982383,77.544394
13.007995,77.573249
12.95228,77.590038
12.988724,77.603111
12.919178,77.555344
12.914312,77.570563
12.968227,77.553439
12.986632,77.538205
12.925698,77.584114
12.979011,77.581126
12.98381,77.62
12.984725,77.560238
12.953035,77.576185
12.942056,77.576304
13.00956,77.559444
12.986421,77.674741
12.960577,77.571635
12.992557,77.640329
12.931003,77.583697
12.979973,77.583052
12.988539,77.64805
12.996534,77.572467
12.98453,77.582961
12.921332,77.583223
12.929301,77.567377
12.987221,77.584233
12.950085,77.552989
12.970824,77.651605
12.983737,77.571648
12.985842,77.618032
12.923789,77.585901
12.979339,77.650482
12.972694,77.549279
12.948364,77.580877
12.920539,77.556516
12.965077,77.558729
12.960988,77.603521
12.974347,77.573645
13.003555,77.590687
12.985446,77.546849
12.996401,77.585694
13.000273,77.573612
12.920503,77.562271
12.941769,77.563954
12.980322,77.57828
12.931617,77.582287
12.989071,77.63592
12.919832,77.561287
12.963951,77.5442
13.016013,77.575073
12.960617,77.55286
12.97328,77.576186
13.015915,77.575144
12.992778,77.637266
12.970374,77.549415
12.993475,77.582817
12.991536,77.571717
13.01603,77.552897
12.981423,77.565973
12.98017,77.593132
12.99559,77.585095
13.012016,77.595461
12.983398,77.571915
12.97203,77.659992
13.005128,77.580269
12.965019,77.568766
12.971437,77.676886
12.971786,77.571284
12.980467,77.635053
12.973628,77.563335
12.966887,77.632719
12.938715,77.587542
12.995054,77.566263
12.960456,77.564315
12.962292,77.573582
12.9955,77.574682
13.001292,77.583807
12.960153,77.637195
12.984168,77.568346
12.941302,77.593063
12.936939,77.573124
12.971829,77.56623
12.96225,77.587926
13.011432,77.60402
12.962578,77.550073
12.975985,77.563346
12.974396,77.560251
13.000888,77.574341
12.916574,77.59519
12.964742,77.605287
12.977147,77.642439
12.958647,77.556499
12.996169,77.569447
12.962228,77.635465
13.003577,77.615395
12.96791,77.620335
12.926089,77.594989
13.006344,77.562832
12.94169,77.534172
12.994679,77.558202
13.001774,77.573237
12.945885,77.552553
12.946333,77.620585
12.946267,77.557889
12.976521,77.642821
12.978324,77.588535
12.911692,77.566569
12.977943,77.600887
12.980569,77.6407
12.971881,77.597615
12.950032,77.584797
12.947454,77.567676
12.940563,77.563262
12.97275,77.560784
13.00609,77.560179
12.950665,77.575509
12.935197,77.596839
12.976044,77.63523
12.958636,77.584946
12.960486,77.591338
12.965566,77.625157
12.951059,77.58136
12.962629,77.587274
13.014131,77.591161
12.989008,77.636663
12.991242,77.586122
12.971642,77.588795
12.968425,77.664523
12.962666,77.568141
12.968826,77.590763
12.953845,77.593759
12.954788,77.585153
12.990672,77.541668
12.995377,77.582848
12.988578,77.562839
12.925327,77.559852
12.950557,77.597925
12.927325,77.602033
12.990257,77.559849
12.977327,77.574214
12.953292,77.661795
12.942597,77.585447
12.999906,77.646567
12.955942,77.633691
12.974451,77.554605
12.940345,77.574588
12.985794,77.586411
12.975862,77.599854
12.94038,77.580153
12.99105,77.580192
12.938313,77.587508
12.934142,77.578739
12.976368,77.567142
12.958126,77.624438
12.944106,77.593393
12.923981,77.589796
12.959404,77.580842
12.976963,77.548511
13.0033,77.5478
13.033883,77.580832
12.959133,77.623065
13.012332,77.53471
12.956586,77.576538
12.990917,77.635592
12.959065,77.620108
12.971827,77.661823
12.967923,77.595624
12.948637,77.579631
12.986574,77.581312
12.962752,77.57198
12.937437,77.592153
12.99104,77.57558
12.98469,77.598972
12.924086,77.581736
12.98529,77.587691
12.972817,77.584123
12.973639,77.578757
12.977504,77.642234
12.988537,77.588101
12.951218,77.582461
13.014377,77.547069
12.975986,77.660603
12.912925,77.6163
12.976302,77.586586
12.996147,77.595938
12.995116,77.628489
12.979456,77.633381
12.96349,77.635874
13.00482,77.583117
12.937564,77.592014
12.974931,77.575942
12.92885,77.612523
12.968948,77.587336
12.919783,77.569574
12.969867,77.558338
12.937027,77.614748
12.962901,77.557275
12.972867,77.588723
12.990091,77.652499
12.97605,77.555711
12.976569,77.627167
13.001517,77.570006
12.989688,77.550643
12.9696,77.669952
12.918398,77.55239
12.966815,77.555554
12.97353,77.581404
12.941351,77.557277
12.979865,77.576811
12.958155,77.575373
12.982096,77.584101
12.929977,77.580529
12.935177,77.598975
12.971457,77.557302
12.984885,77.581314
12.934653,77.591953
12.928617,77.576071
12.982419,77.635185
12.991575,77.56071
12.937242,77.58107
12.985568,77.641133
12.965398,77.590586
12.97059,77.580563
12.975294,77.559504
12.940331,77.570082
12.935375,77.585701
12.940195,77.605642
12.9844,77.585382
12.996407,77.62011
12.991485,77.580072
12.964348,77.578868
12.969823,77.596223
12.922993,77.565836
13.001084,77.543114
12.956595,77.579372
12.980091,77.576367
12.923551,77.559607
12.929194,77.590579
12.95998,77.637149
12.976787,77.568896
13.005336,77.558792
12.974726,77.5799
12.970288,77.621696
12.988465,77.587161
12.976867,77.55396
12.967494,77.570391
12.990446,77.583901
13.02133,77.571821
12.98991,77.624289
12.966493,77.572068
12.990349,77.580465
12.955608,77.533816
12.982681,77.634124
12.919968,77.592757
12.922684,77.584075
13.019395,77.568278
12.972951,77.676335
12.983339,77.580963
12.910266,77.588662
12.985142,77.559466
13.000098,77.641732
12.997257,77.587415
12.970389,77.640081
12.917085,77.557258
12.970167,77.579202
12.968324,77.571437
12.920083,77.562791
12.973545,77.580029
13.014455,77.561725
12.977328,77.59082
13.004224,77.568375
12.926392,77.586716
12.962026,77.568511
13.001341,77.562938
12.989134,77.653582
12.930403,77.595995
12.986714,77.57517
12.91912,77.57779
12.948365,77.60045
12.981759,77.564419
12.979419,77.580409
12.9424,77.617316
12.925597,77.575976
12.986048,77.630921
12.95186,77.55593
12.977458,77.55393
12.974304,77.65088
12.942219,77.597096
12.998747,77.563239
12.954642,77.585505
12.993651,77.562084
12.979527,77.598031
13.008609,77.557016
13.013176,77.564689
12.971953,77.596396
12.912589,77.588144
12.92705,77.625063
12.95297,77.575825
12.993901,77.57811
12.961458,77.641708
12.98797,77.571549
12.990732,77.643167
12.993502,77.576224
12.92902,77.602932
12.914586,77.568231
13.018405,77.583992
12.985345,77.590006
12.979467,77.643956
12.997341,77.597049
13.003328,77.626115
12.992685,77.635493
13.028299,77.558874
12.913584,77.567855
12.91977,77.578073
12.937232,77.606138
12.975609,77.58265
13.020569,77.582708
12.992529,77.640589
13.000319,77.636536
12.999616,77.56883
12.966861,77.57157
12.960197,77.570644
12.961333,77.584518
12.996348,77.578305
13.002697,77.574116
12.97149,77.565666
13.003871,77.562643
12.997171,77.622219
12.996054,77.556828
12.951242,77.591079
12.966235,77.634568
12.989592,77.586014
12.976635,77.574601
12.979657,77.603158
12.978257,77.590979
12.967177,77.581712
12.998587,77.560297
12.930872,77.605247
12.940023,77.57529
12.95138,77.595346
12.983547,77.584637
13.015984,77.586853
12.988321,77.588457
12.968201,77.638333
12.962847,77.598245
12.990773,77.656305
12.983624,77.644683
12.982872,77.577896
12.976279,77.570598
12.975177,77.613758
12.910474,77.595494
12.961909,77.63259
12.973058,77.577965
12.989849,77.577547
12.990304,77.577096
12.989927,77.565365
12.971107,77.585701
12.989312,77.575545
12.967032,77.589552
12.978175,77.589358
12.97698,77.628966
12.996068,77.582835
12.995065,77.594668
12.935131,77.571929
12.984421,77.587702
12.957279,77.564936
12.993941,77.573791
12.97401,77.568314
12.984379,77.59212
12.973415,77.622861
12.991701,77.582839
12.922467,77.615787
12.992274,77.561929
12.970541,77.569396
12.971501,77.580073
12.981801,77.594093
12.967406,77.582055
12.994916,77.585604
12.980479,77.559003
12.919386,77.597275
12.980474,77.643566
13.015443,77.62883
12.97337,77.576456
12.952532,77.576735
12.975403,77.58889
13.002413,77.555752
12.994235,77.64094
12.947712,77.583415
12.998282,77.572434
12.995087,77.610205
12.956111,77.586859
12.990539,77.606681
12.917154,77.574036
12.954745,77.567482
12.95803,77.626752
12.943181,77.633108
12.988513,77.567604
12.979949,77.572432
12.983044,77.587847
12.940721,77.584961
12.98362,77.5944
12.97588,77.568015
12.983814,77.636037
12.98417,77.556473
12.972242,77.644356
12.955532,77.557476
12.964514,77.665207
12.917857,77.601381
12.948003,77.608949
12.986363,77.563941
12.952038,77.616063
12.955097,77.570393
12.991448,77.63776
12.971975,77.57628
12.99959,77.651489
12.99257,77.645819
12.97018,77.644062
13.006581,77.580257
12.978918,77.64661
12.968156,77.552864
12.985485,77.559206
13.003029,77.58499
12.955391,77.564474
12.992846,77.574014
12.945884,77.570782
12.966816,77.599859
12.964215,77.558999
12.945202,77.574088
12.995314,77.630038
12.922836,77.574183
12.93918,77.533759
12.934885,77.596893
12.966421,77.629133
12.927827,77.601083
12.931371,77.60309
12.993749,77.564226
12.9147,77.586028
12.986351,77.654202
12.990393,77.601359
12.943779,77.564438
12.970172,77.59422
12.987282,77.56978
12.980163,77.592327
12.961403,77.587649
12.952321,77.542374
13.008662,77.56856
12.957223,77.560477
12.994062,77.602111
13.014902,77.591985
12.97984,77.675794
12.951153,77.56839
13.017995,77.573062
12.957701,77.61223
13.014765,77.570642
12.928209,77.588924
12.919505,77.589115
12.994422,77.571957
12.981277,77.546418
13.031607,77.556773
12.959101,77.568602
12.935942,77.575608
12.997046,77.583969
13.006582,77.539452
13.002928,77.608066
12.974481,77.651636
12.986116,77.656995
12.97528,77.570525
12.948934,77.604889
12.972052,77.576491
13.002727,77.571619
12.966519,77.66849
13.01057,77.581287
12.999459,77.672771
12.980262,77.558818
12.955142,77.577724
12.979926,77.622129
13.014545,77.550185
12.964214,77.585386
12.979168,77.577
13.018508,77.564741
12.977163,77.621217
12.98154,77.548208
12.981269,77.646859
12.978572,77.576959
12.933839,77.598002
13.020628,77.546927
12.969394,77.579332
12.980784,77.642844
12.981985,77.562998
12.930169,77.615515
12.971909,77.56626
12.972641,77.571689
12.957905,77.580181
12.984651,77.627337
12.98676,77.588276
12.972009,77.56739
12.921878,77.584362
12.934725,77.594616
13.011638,77.557779
12.986973,77.57347
12.94962,77.571582
12.950179,77.571814
12.992723,77.639631
12.978911,77.588532
13.000106,77.58123
12.972492,77.629235
12.937545,77.551144
12.956411,77.580402
12.99374,77.647963
12.976793,77.575118
12.961557,77.610684
12.973899,77.547237
12.971822,77.544683
12.988377,77.594167
12.984036,77.565287
12.977723,77.562795
12.941577,77.585165
13.002464,77.555064
12.999415,77.620806
13.010984,77.579778
13.013519,77.579984
12.988857,77.570735
12.951899,77.566722
12.942433,77.576916
12.975247,77.577192
13.021427,77.550512
12.962903,77.599668
12.984031,77.5509
12.996429,77.56503
12.985105,77.5737
12.980173,77.589231
12.922575,77.619029
12.988158,77.606485
12.977408,77.651532
12.986363,77.563941
12.940451,77.587317
12.978382,77.579404
12.970941,77.579223
12.930883,77.585985
12.963033,77.573511
12.979787,77.626121
13.001917,77.556489
12.989067,77.568248
12.964957,77.579235
12.977124,77.598856
12.918298,77.570468
12.994177,77.571158
12.912297,77.595996
12.957396,77.599874
12.961506,77.585396
12.96382,77.569025
12.959112,77.57085
12.988595,77.565154
12.994898,77.57226
12.92454,77.600391
12.981546,77.569159
12.949388,77.567691
12.9439,77.579454
12.937996,77.560813
12.968616,77.577724
12.956141,77.554492
12.974261,77.585736
12.981049,77.637906
12.97695,77.560975
13.024573,77.577907
12.969508,77.563379
12.958318,77.578404
12.963745,77.63757
12.933759,77.5668
13.018997,77.583402
12.974374,77.613602
12.966358,77.555065
12.992103,77.640643
12.959766,77.564069
12.937155,77.608631
12.981684,77.636537
13.003434,77.590056
12.987601,77.574155
12.990176,77.55962
12.954795,77.556737
12.970621,77.616137
12.925252,77.575424
13.010816,77.58469
12.999662,77.579484
12.976503,77.566398
13.017104,77.606208
12.960324,77.552886
12.986333,77.586636
12.974605,77.654898
12.91634,77.575001
12.974704,77.635292
12.951828,77.649
12.985762,77.640682
12.967168,77.568838
13.003291,77.580345
12.98929,77.570949
12.925755,77.594443
12.976442,77.557118
12.981956,77.614202
12.991269,77.646353
12.99344,77.569908
12.954491,77.623241
12.976122,77.612994
12.963235,77.570037
12.96624,77.58271
12.974206,77.58651
12.970166,77.581053
12.919406,77.587465
12.9794,77.618602
12.958575,77.653728
12.953215,77.557921
12.970687,77.584249
12.960132,77.575115
12.919252,77.572343
12.957518,77.567809
12.967767,77.563101
12.997436,77.563565
13.013226,77.554135
12.97439,77.585465
12.974819,77.657075
12.994693,77.573953
12.975192,77.556837
12.98008,77.594795
12.97901,77.648475
12.995741,77.601846
12.940367,77.586168
12.990093,77.5601
12.957379,77.587071
12.987108,77.552419
12.975382,77.557313
12.963119,77.579428
12.98453,77.660322
12.975346,77.586426
12.919914,77.559755
12.971568,77.56323
12.973716,77.59223
13.007377,77.670314
12.965252,77.579568
12.922675,77.56043
12.987457,77.647597
12.964791,77.56546
12.967807,77.568994
12.992571,77.570947
12.93395,77.546284
12.924722,77.580742
13.005707,77.557134
12.954286,77.566806
12.994258,77.554992
12.932844,77.574321
12.936486,77.655723
12.971093,77.569272
12.974214,77.572054
12.986695,77.589176
12.971437,77.580293
12.959185,77.576683
12.957845,77.573452
12.977178,77.56842
12.943843,77.63017
12.988974,77.58017
12.95773,77.59775
12.967331,77.639879
12.971844,77.629482
12.922568,77.57376
12.921513,77.568586
12.962665,77.565496
12.968728,77.551019
12.965881,77.54919
12.969634,77.647799
12.9843,77.585163
12.979627,77.591957
12.931662,77.566832
12.933409,77.605047
12.926031,77.604089
12.993233,77.592657
12.97354,77.585826
12.976804,77.607608
12.944527,77.588156
12.97866,77.590004
12.946901,77.544118
12.99113,77.589915
12.918935,77.564451
12.958294,77.584723
12.982212,77.565322
12.981649,77.584668
13.001304,77.568314
12.990079,77.644683
12.992842,77.567035
12.965304,77.561859
12.9904,77.596214
12.979032,77.548215
12.92311,77.597111
12.914509,77.57516
12.958596,77.573086
12.982135,77.613068
12.993053,77.56743
12.988649,77.574765
13.011611,77.563185
12.923973,77.570948
12.95238,77.566722
12.98084,77.584716
12.950122,77.531244
12.966312,77.582632
12.93634,77.591362
12.968906,77.654115
13.015424,77.563117
12.952651,77.586727
12.980582,77.571578
12.965275,77.597403
12.99748,77.579752
12.971254,77.625208
13.000155,77.593001
12.958234,77.581789
12.975791,77.557099
13.002237,77.568414
12.987645,77.591599
13.008782,77.569716
12.96201,77.566969
12.973677,77.56764
12.993185,77.573377
12.969995,77.586894
12.945617,77.606355
12.987937,77.571427
12.964831,77.590889
12.94686,77.560554
12.956189,77.6044
12.914255,77.600291
12.996413,77.573284
12.977015,77.605734
13.023821,77.566858
12.920777,77.587587
12.994794,77.573382
12.974233,77.557566
12.965236,77.635893
12.984249,77.6414
12.977425,77.630602
12.985364,77.590012
12.976983,77.549786
12.984761,77.548132
12.958897,77.562235
13.006302,77.546754
12.985933,77.58158
13.009607,77.584962
12.953089,77.564788
12.965452,77.562762
12.993297,77.568041
12.966331,77.565542
12.971122,77.655589
12.981149,77.624325
12.922563,77.574073
12.941626,77.559061
13.014824,77.572196
12.990072,77.583962
13.000185,77.624534
12.971424,77.647369
12.952389,77.590761
12.986181,77.569202
12.988098,77.58082
12.986727,77.567132
12.945521,77.598802
12.994012,77.641893
13.000926,77.591241
12.978756,77.633098
12.968705,77.591195
12.939458,77.559143
13.018125,77.548082
12.999213,77.586297
12.977286,77.591651
12.999425,77.577532
12.988499,77.542972
12.994426,77.558849
13.036516,77.560226
12.98049,77.594139
12.946557,77.611948
13.007377,77.58028
12.993309,77.585704
12.964694,77.571835
12.978373,77.570363
12.950192,77.579192
12.961826,77.569042
12.979992,77.556617
12.937094,77.596724
12.962815,77.636866
12.99135,77.574007
12.974083,77.547059
12.969665,77.628071
13.002555,77.566616
12.944609,77.587577
12.99671,77.576625
13.003879,77.570515
12.97837,77.623212
12.933244,77.557265
12.987274,77.560217
12.97329,77.644187
12.959063,77.580447
12.986703,77.583946
12.985999,77.58914
12.980244,77.585501
13.012253,77.643735
12.950358,77.571961
12.989275,77.57743
12.953539,77.558933
12.939925,77.56844
12.983517,77.672668
12.948397,77.579497
12.988226,77.566709
12.988755,77.639906
12.990031,77.580991
12.950693,77.63115
12.964764,77.595173
12.993631,77.563765
12.977244,77.646631
12.993608,77.594617
12.958124,77.588766
12.954634,77.585131
12.932527,77.592251
12.96677,77.624221
12.967923,77.595624
12.956166,77.585895
12.93751,77.60529
12.99451,77.591693
12.958421,77.573439
13.013421,77.584446
12.962777,77.636281
12.998447,77.560385
12.983348,77.554763
12.962009,77.577823
12.925867,77.559483
12.98541,77.564186
12.975207,77.644756
12.937818,77.648073
12.977124,77.630427
12.913045,77.545671
12.939669,77.592284
13.011934,77.560765
12.954896,77.593236
13.023045,77.557681
12.946396,77.567597
12.967051,77.646439
12.962639,77.573725
13.006819,77.554526
12.926931,77.586909
12.993451,77.595178
12.950935,77.662919
12.986866,77.613205
12.980843,77.63672
12.967914,77.580834
13.00043,77.576667
12.968639,77.629452
12.979277,77.564809
12.979432,77.569267
12.988737,77.575769
12.977811,77.637935
13.003127,77.588572
13.010238,77.545478
12.927171,77.605497
13.007873,77.567447
12.980709,77.575281
12.928572,77.599823
12.997955,77.572299
12.978184,77.577551
12.963773,77.586325
12.98942,77.629884
13.000649,77.578789
12.936307,77.568342
13.000797,77.559962
12.930013,77.570629
13.00703,77.583073
12.960756,77.637519
12.914466,77.565175
12.967779,77.626661
12.942902,77.592005
12.976143,77.597625
12.925231,77.579461
13.006235,77.568177
13.007714,77.572321
12.963274,77.632988
12.966945,77.650855
12.984066,77.560527
12.920381,77.581209
12.983452,77.565658
12.967624,77.566414
12.925242,77.589167
12.931067,77.537214
12.958733,77.570281
12.954991,77.597492
12.967844,77.561028
13.009147,77.588821
12.955039,77.59405
12.928409,77.596637
12.983588,77.599949
12.931336,77.560604
12.967254,77.647949
12.969622,77.630627
12.962877,77.582816
12.96366,77.656253
12.977999,77.642909
12.979012,77.583479
12.946137,77.584363
13.000961,77.561645
12.98183,77.569209
12.999999,77.56275
12.977469,77.635165
12.996104,77.567945
12.974635,77.558448
13.015389,77.619015
12.959929,77.607946
12.980959,77.65852
12.9508,77.574679
12.958506,77.549717
12.924512,77.563303
12.957976,77.597544
12.961211,77.571588
13.0282,77.561988
12.99471,77.583005
12.990499,77.572552
12.915495,77.576133
13.008494,77.563063
12.975466,77.664671
12.960466,77.597385
12.988611,77.587344
12.997432,77.570584
13.000446,77.57813
12.99324,77.563701
12.925146,77.590018
13.018002,77.670948
12.926051,77.536098
13.008552,77.642193
12.937821,77.597808
12.931739,77.541236
12.968297,77.641063
12.936275,77.604504
12.964473,77.642421
12.981685,77.563957
12.934848,77.585809
12.95321,77.555248
12.986422,77.646258
13.005143,77.573599
12.978612,77.605289
12.981717,77.564105
12.974847,77.648801
12.987226,77.595288
12.975655,77.588456
12.96841,77.577253
12.973976,77.549485
12.975292,77.578787
12.936821,77.575873
12.91118,77.597
12.976983,77.576826
13.030593,77.580383
12.974238,77.563314
12.95888,77.568729
12.965632,77.568221
12.938588,77.570938
12.991057,77.590306
12.964221,77.634301
12.954056,77.609834
12.961987,77.562468
12.984706,77.641147
12.943135,77.564469
12.971302,77.57881
13.000564,77.549691
12.987919,77.658824
12.929993,77.556981
12.960107,77.63359
12.961886,77.662675
12.97192,77.625318
13.006041,77.57971
12.979083,77.589421
12.981764,77.625665
12.966982,77.642892
12.942762,77.656382
12.971361,77.5524
12.9922,77.627125
12.996488,77.560834
12.964634,77.644308
12.966855,77.590669
12.971788,77.64011
12.919678,77.58168
12.943492,77.575971
12.91749,77.560129
12.97644,77.572095
13.018962,77.574244
12.93982,77.576456
12.915369,77.599357
12.984864,77.588635
12.978015,77.557551
12.94218,77.587185
12.981309,77.59218
12.989861,77.564338
12.962445,77.572969
12.98536,77.646745
12.978879,77.651808
12.975815,77.634365
12.982162,77.57774
12.980171,77.566402
13.001671,77.583066
12.978583,77.564295
12.956012,77.589949
12.948658,77.577037
12.992523,77.567795
12.969101,77.56951
13.016042,77.566222
12.962903,77.599668
12.956165,77.594731
12.978522,77.62667
13.012826,77.57778
12.987618,77.572939
13.014027,77.576429
13.01057,77.581287
12.974578,77.625147
12.993498,77.652978
12.99623,77.652213
12.988461,77.640187
12.998473,77.555054
13.015966,77.587096
12.982902,77.654687
12.974202,77.57411
12.948555,77.579751
12.978299,77.55853
12.953368,77.56006
12.993558,77.572498
12.981562,77.568912
12.97643,77.561986
12.956145,77.577158
12.979333,77.590808
12.994008,77.649995
12.99955,77.627419
12.966505,77.57301
13.030523,77.571206
12.969128,77.61075
12.999085,77.58015
12.983279,77.622838
12.91493,77.596841
12.945257,77.609879
12.927372,77.580127
13.001211,77.602184
12.970344,77.57823
12.970702,77.578154
12.967385,77.546017
12.951135,77.580283
12.984933,77.651043
12.999526,77.553322
12.942758,77.567918
12.98349,77.582459
12.942008,77.583473
12.955763,77.564599
12.948304,77.574757
12.977235,77.657697
12.968925,77.603619
12.976047,77.637231
12.960472,77.571844
13.000658,77.54746
13.006965,77.586065
12.964124,77.572136
12.978732,77.585936
13.018405,77.583992
12.965815,77.632527
12.957164,77.67785
12.960236,77.578583
13.03055,77.57457
12.9232,77.579928
12.912599,77.557053
13.002919,77.557914
12.991514,77.555888
13.003459,77.567261
12.976398,77.645855
12.986179,77.638246
12.929235,77.617509
12.970837,77.647091
12.978489,77.559731
13.017192,77.559328
12.987503,77.582756
12.987229,77.650002
12.933154,77.563925
12.96494,77.557186
13.007882,77.632079
12.984248,77.551642
12.975342,77.583594
12.929989,77.577942
12.98417,77.556473
12.994599,77.578261
12.983946,77.639127
12.963418,77.570752
12.939355,77.581638
12.974727,77.569183
12.930187,77.6159
12.928867,77.571243
12.989204,77.564814
12.964651,77.578164
12.958834,77.587495
12.978288,77.557956
12.93463,77.566323
12.913272,77.602412
12.997707,77.657535
13.015745,77.617323
12.945129,77.634912
12.982038,77.606902
12.972533,77.595102
12.990003,77.546407
12.991782,77.591809
12.939897,77.648694
13.005476,77.582091
13.011099,77.576229
12.983228,77.646049
12.921508,77.568251
12.935056,77.572763
12.955766,77.575542
12.976752,77.588766
12.951532,77.64137
12.954861,77.590174
12.953612,77.569832
12.990563,77.645991
12.997156,77.635242
12.980135,77.627389
12.979303,77.659451
12.941247,77.615272
12.972329,77.560168
12.927897,77.584741
13.031659,77.574838
12.993026,77.552286
13.031633,77.571034
12.914555,77.589142
12.976678,77.586912
13.011764,77.583575
12.988647,77.60669
12.969258,77.644698
12.950615,77.585682
12.95884,77.635278
12.989053,77.633745
13.014614,77.582216
12.998022,77.627466
13.002806,77.638925
12.935804,77.575173
12.960969,77.562856
12.971171,77.656482
12.976996,77.568569
12.981353,77.57549
12.984787,77.584888
12.976425,77.571027
12.958647,77.583325
12.985709,77.636345
12.978553,77.658382
13.006339,77.626309
12.91039,77.578309
12.991341,77.566555
12.955163,77.576436
12.984467,77.570997
12.916762,77.563648
12.980713,77.634191
12.976563,77.611385
12.99828,77.565771
12.958423,77.603576
12.990486,77.5837
12.979908,77.579125
12.946179,77.561475
12.979987,77.568499
12.994441,77.654369
12.969938,77.660442
12.948892,77.612955
12.975799,77.632092
13.019834,77.56838
12.954673,77.576329
12.974959,77.568967
12.916198,77.582082
12.980446,77.610878
12.987992,77.621565
12.97953,77.555553
12.993775,77.593572
12.964469,77.589364
12.990738,77.654829
12.978593,77.686841
12.954466,77.555327
12.982041,77.578324
13.020965,77.56672
12.980996,77.60804
12.965273,77.65099
12.915642,77.55128
12.984652,77.647949
12.958118,77.590011
12.951552,77.544522
12.966738,77.575862
13.008125,77.580799
13.006807,77.576173
12.986594,77.57186
12.980796,77.645106
12.99243,77.576554
12.988354,77.560481
12.987708,77.572563
12.968242,77.563523
12.975306,77.564969
12.921402,77.578895
12.935037,77.538708
12.990919,77.614839
12.961775,77.632408
12.972795,77.560127
12.96998,77.571925
13.00446,77.569997
12.978488,77.578983
12.920623,77.565554
12.944495,77.572361
13.00008,77.561529
12.986693,77.575599
12.979499,77.573421
13.029125,77.637808
12.988393,77.640315
12.924846,77.625217
12.960159,77.574531
12.936439,77.585297
13.030208,77.572175
12.923191,77.573056
12.983921,77.572857
12.992655,77.650192
12.999054,77.667718
12.991835,77.552696
13.028658,77.573756
12.983342,77.570993
12.974874,77.625412
12.967859,77.586019
13.020412,77.577313
12.982711,77.620208
12.991417,77.606191
12.923246,77.579858
12.97725,77.584932
13.030164,77.591479
12.97336,77.641229
12.968324,77.585095
12.976112,77.6534
12.930831,77.574264
12.984978,77.576446
12.913556,77.600428
12.979516,77.568826
12.954018,77.5643
13.001,77.579536
12.982527,77.660318
12.924335,77.599306
12.980329,77.652343
12.995704,77.567575
12.984948,77.641212
12.947812,77.56315
12.988587,77.608531
13.013585,77.551852
12.981886,77.616649
12.943461,77.581659
12.978163,77.552878
12.979002,77.577229
12.976449,77.639301
12.977938,77.582607
13.006469,77.629367
13.011644,77.631383
12.998483,77.605783
12.984029,77.564497
12.982418,77.651143
12.97995,77.591563
12.987845,77.561072
13.000231,77.642785
12.963606,77.587087
12.987821,77.657188
12.977873,77.638034
13.009941,77.578127
12.95361,77.559533
12.96779,77.56812
12.937254,77.551427
12.976175,77.582176
13.008453,77.571923
12.940398,77.522081
12.983821,77.626184
12.965415,77.560752
12.962753,77.568744
12.929926,77.615184
13.004767,77.546023
12.951676,77.588498
12.932564,77.592008
12.991519,77.569598
12.957127,77.583443
12.991818,77.559218
12.983667,77.57438
12.975492,77.634992
12.923156,77.546474
12.972922,77.586977
12.940975,77.594255
12.96767,77.577192
12.918875,77.606305
13.008679,77.552792
12.966668,77.582649
12.968724,77.589804
13.019862,77.603789
12.980586,77.605918
13.025976,77.598021
12.97652,77.573567
13.018178,77.550934
12.989927,77.595734
12.980024,77.590299
12.948958,77.573612
12.992757,77.576392
12.934783,77.572025
12.946576,77.581363
12.982117,77.579732
12.924495,77.560998
13.009861,77.563535
12.971621,77.64986
13.012863,77.561966
12.979594,77.558668
12.912068,77.571723
12.975404,77.543429
12.995493,77.558241
12.965659,77.591248
12.985241,77.567722
12.929983,77.590093
12.987596,77.568005
12.947985,77.606103
12.968311,77.56327
12.956917,77.585983
12.971697,77.626394
12.97168,77.564875
12.968023,77.635603
12.960248,77.585245
12.974209,77.580299
12.964621,77.549208
13.027698,77.562305
12.947655,77.562019
12.977658,77.580775
12.979879,77.550891
12.976436,77.634428
12.941216,77.581221
12.962678,77.61059
12.978585,77.584989
12.948537,77.589381
12.980919,77.563301
12.932781,77.587224
12.98108,77.615637
12.96256,77.574539
12.999153,77.578121
12.990519,77.574908
12.966741,77.589803
12.938501,77.587229
12.99334,77.589675
12.999674,77.59333
12.974226,77.57734
13.005129,77.594697
12.969391,77.581172
12.925085,77.568105
12.989574,77.585194
12.990448,77.600525
12.9675,77.578885
12.974197,77.572938
12.933839,77.598002
12.921324,77.577215
12.993362,77.58077
12.970216,77.616384
12.987339,77.685305
12.95026,77.545616
12.976481,77.567647
12.923405,77.563605
13.014321,77.571507
13.006027,77.562004
12.987185,77.640139
13.002517,77.610511
13.002952,77.560814
12.992101,77.610294
12.915096,77.579733
12.922725,77.579189
12.936307,77.568342
12.981544,77.655965
12.988091,77.559233
13.000157,77.628685
12.934938,77.579591
12.941869,77.580237
13.004597,77.619001
12.973844,77.590899
12.966194,77.567099
12.976392,77.625653
12.948386,77.591465
12.987303,77.594695
12.998188,77.587135
12.978771,77.581032
12.965313,77.587836
12.987638,77.653916
12.992938,77.584996
12.916426,77.618768
12.989863,77.575287
12.968413,77.571708
12.976152,77.554637
12.961237,77.562296
12.986131,77.588865
12.989992,77.582272
12.979188,77.659036
12.924975,77.590151
12.991248,77.551712
12.999846,77.578473
12.972594,77.556693
12.936384,77.5544
12.991122,77.635425
12.943809,77.545905
13.008403,77.586399
12.914275,77.586345
12.989921,77.62748
12.957783,77.582295
12.986867,77.580787
13.015661,77.558822
12.985596,77.633414
12.969946,77.590666
13.021814,77.584243
12.991795,77.571966
12.972948,77.581062
12.989889,77.543791
12.971913,77.639537
13.007115,77.572656
12.9732,77.579919
13.004393,77.558609
12.953951,77.560887
12.965612,77.668883
12.99497,77.578813
12.972337,77.591425
12.92335,77.572046
12.975213,77.59957
12.975425,77.579996
12.982245,77.581299
12.958688,77.648514
12.958458,77.585154
12.992114,77.565519
12.99481,77.579182
12.970367,77.573383
13.017609,77.581194
12.985784,77.674091
12.93272,77.585605
12.95253,77.558617
12.979339,77.650482
13.011741,77.566793
12.998932,77.550613
12.978332,77.581483
12.969281,77.56969
12.97257,77.564057
12.98452,77.644758
12.993712,77.673316
12.975789,77.598069
13.002307,77.540911
12.945423,77.592851
12.959454,77.573476
12.965155,77.58315
12.960717,77.569689
12.941746,77.575323
12.948128,77.569152
12.930564,77.584274
12.980796,77.645106
12.980235,77.568641
12.978857,77.57995
12.991692,77.622346
12.979862,77.643983
12.985813,77.588399
12.96711,77.603932
12.99576,77.566537
12.984058,77.567852
12.96688,77.586422
12.948326,77.576419
12.967255,77.650257
12.985724,77.57726
12.977557,77.64395
12.933715,77.579425
12.95552,77.653437
12.948782,77.572166
12.928865,77.572151
12.94788,77.559895
12.932308,77.597206
13.023203,77.559996
12.968724,77.56875
12.921668,77.573323
12.936834,77.60692
12.921171,77.602941
12.914626,77.589385
12.976506,77.571624
12.94142,77.580935
13.01082,77.582895
13.007374,77.588975
12.997901,77.559574
12.960257,77.608842
12.948194,77.597989
12.99437,77.559929
12.972097,77.576638
12.972932,77.642995
12.960198,77.677339
12.999603,77.639317
13.021992,77.556263
12.966568,77.56304
12.982096,77.602264
12.997805,77.579584
12.97247,77.591536
12.924394,77.62448
13.012863,77.558652
12.939014,77.543656
12.992249,77.574864
12.954571,77.599371
12.978652,77.630881
12.990941,77.659474
12.966594,77.673835
12.912437,77.613841
12.950425,77.53661
12.987823,77.574011
12.965438,77.655767
12.996977,77.568071
12.984421,77.631131
13.00477,77.58219
12.972932,77.642995
13.013513,77.581273
12.968712,77.572335
12.974238,77.563314
12.977041,77.571123
12.996027,77.591881
12.978411,77.617638
12.972429,77.64499
12.997806,77.551153
13.000791,77.573706
12.945866,77.561694
13.00165,77.632842
13.005473,77.589171
12.96265,77.634489
12.951204,77.588236
12.996568,77.585312
12.979259,77.638768
12.945885,77.552553
12.917474,77.591305
13.014518,77.560353
12.985265,77.56454
12.966158,77.660616
12.971722,77.640702
12.984275,77.586573
12.984672,77.567528
13.023759,77.544699
13.006201,77.571617
12.973287,77.601706
13.008955,77.568361
13.005084,77.559982
12.97579,77.579048
12.956287,77.578089
12.988155,77.643607
12.977472,77.549357
13.004276,77.564588
12.9894,77.654801
12.990946,77.631163
12.982678,77.53861
13.001605,77.557099
13.006416,77.588192
13.000507,77.561884
12.948322,77.581139
12.972202,77.577414
12.98466,77.568228
12.950922,77.653172
12.95422,77.577478
13.005225,77.612837
12.962145,77.573603
12.989862,77.574571
13.029584,77.563332
12.986158,77.57909
12.91859,77.581441
12.989546,77.65138
12.986694,77.638078
12.984084,77.570165
12.989529,77.597188
12.94237,77.585581
12.946027,77.60823
12.995323,77.64767
12.962368,77.674141
12.998508,77.560897
12.980581,77.543077
12.942139,77.544839
12.975445,77.647523
12.932683,77.587532
12.979367,77.646437
12.966899,77.58871
12.974599,77.573695
12.965765,77.586606
12.966429,77.588516
12.988535,77.592883
12.990414,77.580014
12.991966,77.573239
12.94708,77.636725
12.925831,77.554445
12.97619,77.586838
12.945305,77.565462
12.968651,77.599976
13.005937,77.563626
12.938388,77.581221
12.995733,77.63072
13.00128,77.599953
13.009365,77.641048
12.959437,77.608817
13.022091,77.565043
12.97403,77.581391
12.961817,77.624232
12.968572,77.657716
12.987716,77.58249
12.97487,77.611308
12.983071,77.562874
12.924908,77.570517
12.990881,77.547244
12.964363,77.566169
13.005202,77.636517
12.987625,77.578887
13.000437,77.580937
12.964204,77.57845
12.964305,77.636492
12.972152,77.649917
12.968866,77.651939
12.979697,77.561024
12.983695,77.628325
12.93881,77.563345
12.977822,77.598207
12.990515,77.584366
12.990013,77.637085
12.954441,77.574821
12.9107,77.579523
12.960532,77.642537
12.976537,77.600702
12.988561,77.550021
12.979322,77.653665
12.956438,77.652536
12.996959,77.55728
12.966184,77.577379
12.992575,77.598856
13.016585,77.548275
12.970662,77.56003
12.941457,77.563023
12.992017,77.659203
12.983276,77.640708
12.99257,77.645819
12.976218,77.6601
12.955075,77.585034
12.991973,77.556078
12.919128,77.58391
12.973593,77.573325
12.941592,77.542491
12.969281,77.56969
12.98608,77.621173
12.988124,77.597928
12.980128,77.617137
12.961234,77.572814
12.983459,77.589768
12.981265,77.570842
12.980059,77.638632
12.936872,77.588844
12.980289,77.561289
12.982085,77.564261
12.94109,77.591147
13.023757,77.560381
12.997304,77.582759
12.974277,77.658406
12.986575,77.57041
12.968384,77.666848
12.969794,77.566201
12.988974,77.565584
12.969508,77.570377
12.978498,77.590005
12.973105,77.579994
13.008998,77.563394
13.02942,77.572236
12.964789,77.562253
13.011638,77.633741
12.962925,77.578797
12.98787,77.591497
12.972045,77.532276
13.002005,77.561728
13.010656,77.565806
12.979334,77.56875
12.992536,77.590158
12.983327,77.647163
12.981492,77.643855
12.973874,77.662134
12.970023,77.581957
12.942346,77.601708
13.006042,77.571902
12.995021,77.643985
12.980073,77.554644
12.97768,77.587062
12.984669,77.558861
12.997527,77.625803
12.971066,77.577217
12.989566,77.576525
12.965364,77.560673
12.984877,77.575907
12.972814,77.645615
12.970234,77.581992
12.977904,77.579695
12.96871,77.575796
12.981213,77.603966
12.986201,77.585324
13.014145,77.583365
12.938714,77.536516
12.978165,77.580113
13.018199,77.559455
13.003601,77.561872
12.912256,77.555281
12.981252,77.599647
12.987672,77.555768
12.949433,77.610524
12.927,77.590901
12.94217,77.580479
12.97354,77.640624
12.958232,77.560427
12.984561,77.573003
12.952947,77.588733
12.966499,77.561279
12.966713,77.553077
13.016861,77.569639
12.971764,77.610102
13.011721,77.571957
12.938629,77.60382
12.986905,77.641186
12.981628,77.573826
12.933256,77.534921
12.98562,77.622379
12.919832,77.561287
13.004517,77.566985
12.984068,77.576838
12.957085,77.574124
13.006243,77.551358
12.959112,77.57085
12.978676,77.573459
12.936354,77.591045
12.957821,77.54965
12.942681,77.531545
12.994568,77.640945
12.961174,77.590158
12.92859,77.59697
12.933519,77.603148
12.966295,77.60509
12.944393,77.59751
12.96731,77.630808
12.96651,77.550724
12.988734,77.58301
12.967968,77.564913
12.96058,77.569145
12.94882,77.644467
12.929764,77.577804
12.913567,77.587346
12.98126,77.569916
12.99026,77.589588
12.995208,77.648145
13.016177,77.596571
12.958025,77.582923
12.969076,77.657222
12.930911,77.60091
12.914824,77.590444
12.966739,77.551234
12.990344,77.585822
12.996661,77.631854
13.010855,77.579654
12.951123,77.574567
12.928068,77.574638
12.990314,77.579548
12.946329,77.597444
12.964011,77.600827
12.969293,77.581462
12.994551,77.635801
12.985353,77.566659
12.9925,77.575962
12.967258,77.628635
12.962321,77.581285
12.953667,77.61112
12.991194,77.556027
12.998992,77.574813
12.954923,77.577286
12.951046,77.579474
12.962473,77.582303
12.994338,77.565904
13.011708,77.574644
12.930132,77.570089
12.97098,77.605076
12.976926,77.580532
12.931108,77.613199
12.967101,77.589249
13.000096,77.560632
12.975582,77.570994
12.934828,77.565306
13.023783,77.565594
12.985322,77.582778
12.978173,77.572204
12.990941,77.648764
12.98374,77.582387
12.937507,77.602176
12.926999,77.541906
12.930791,77.572402
12.986892,77.573808
12.920165,77.566058
12.957853,77.568684
12.979453,77.567509
12.96512,77.60782
12.960996,77.669736
12.963381,77.570645
12.985478,77.595884
12.972373,77.603101
12.962569,77.574463
12.924253,77.559297
12.982928,77.582457
12.928683,77.543779
12.95932,77.651841
12.941295,77.565138
12.966119,77.560542
12.980302,77.644022
12.989401,77.651031
12.978042,77.634695
12.997214,77.574405
12.962558,77.576349
12.994493,77.5827
12.965531,77.637316
12.912996,77.589833
12.942829,77.565574
12.92031,77.595471
12.998757,77.601832
12.984429,77.575837
12.967183,77.606103
13.000852,77.599458
12.986676,77.597797
12.964248,77.622758
12.991843,77.570187
12.931107,77.558828
12.976975,77.580665
12.995004,77.585523
12.939365,77.581857
12.985602,77.578192
12.917298,77.576252
12.968724,77.56875
12.978848,77.627927
12.928503,77.54753
12.971185,77.563168
12.966582,77.647961
12.916351,77.565194
12.993952,77.551453
12.957028,77.597498
12.957355,77.620632
12.997941,77.646526
13.020272,77.558571
13.01022,77.582082
12.9508,77.578524
12.940643,77.552742
12.942242,77.57537
12.982801,77.653345
12.966077,77.622293
13.020399,77.550525
12.99723,77.599203
12.963102,77.606597
12.978366,77.57769
12.916503,77.583803
12.989638,77.551893
12.966887,77.632719
12.946814,77.59662
12.945853,77.572155
12.968162,77.645377
12.955575,77.580773
12.928146,77.55739
12.985262,77.574901
12.994324,77.580959
12.922723,77.552272
12.993835,77.639595
12.983436,77.562621
12.921872,77.596512
13.017699,77.573314
13.008069,77.635147
13.000508,77.559875
12.966822,77.626939
12.975206,77.571938
12.987514,77.582911
12.955558,77.574279
12.943815,77.571997
12.972622,77.589489
13.011655,77.587183
13.015259,77.626567
12.937246,77.561199
12.948589,77.564053
12.99061,77.590359
12.971676,77.631717
12.985341,77.57661
12.992702,77.599871
12.963008,77.578624
12.992719,77.662143
13.002857,77.562293
12.920766,77.582056
12.981478,77.576591
12.970953,77.569312
12.963375,77.553424
12.994938,77.579715
13.010314,77.57801
12.929367,77.609907
13.019149,77.574075
12.952614,77.581137
12.962578,77.550073
12.992869,77.576761
12.958829,77.599309
12.92195,77.608286
12.970917,77.574733
12.988404,77.635987
13.00514,77.56011
12.938582,77.598279
12.976818,77.593974
12.976804,77.586685
12.933843,77.567851
12.98177,77.656394
12.986052,77.571014
13.019925,77.63154
12.955165,77.589656
12.96961,77.564849
12.966098,77.58608
12.940165,77.571761
12.982067,77.597541
12.991822,77.582432
12.970259,77.563548
12.999498,77.556474
12.938895,77.624819
12.968575,77.589889
12.938288,77.566578
12.95829,77.545729
13.010985,77.564737
12.990769,77.576258
12.923296,77.539666
12.930587,77.610279
12.987709,77.596213
12.98668,77.573262
12.976243,77.566161
12.911476,77.581639
12.960033,77.58199
12.988102,77.626885
13.022388,77.571757
13.004879,77.596774
13.021041,77.5599
12.996322,77.571134
12.99071,77.558436
12.985657,77.663319
12.969076,77.657222
12.992276,77.567115
12.970405,77.577697
12.97919,77.59269
12.968496,77.553141
12.950491,77.591635
13.001041,77.646533
12.978038,77.562921
12.979083,77.589421
13.007007,77.592788
12.987977,77.639913
12.995476,77.572929
12.957569,77.595719
12.921857,77.578111
12.993312,77.631328
13.006526,77.572667
12.913149,77.580886
13.005929,77.57189
12.972301,77.59307
12.996193,77.559617
12.979663,77.577379
12.964744,77.637044
12.966813,77.634666
12.967867,77.551803
12.984216,77.583956
12.912225,77.58792
12.997892,77.542159
12.989273,77.598235
12.986355,77.560664
12.964421,77.558668
12.976424,77.564817
12.992889,77.636739
12.991362,77.529389
12.911453,77.599401
12.986153,77.653054
12.989422,77.560428
12.933608,77.565489
12.967537,77.65941
12.930786,77.56823
12.9659,77.600821
13.017699,77.576439
12.957367,77.572649
12.998233,77.649339
12.991631,77.553245
12.948846,77.568496
12.995785,77.613528
12.935972,77.574882
12.916029,77.603657
12.996032,77.583876
12.931635,77.590471
12.95238,77.551917
12.939933,77.630225
12.92007,77.623757
12.977352,77.561489
12.98414,77.575268
12.922954,77.603638
12.974429,77.639626
12.972111,77.632818
12.988427,77.636674
12.989454,77.55516
12.99741,77.548799
12.977192,77.585003
12.979727,77.635616
12.995462,77.625507
13.006191,77.562284
12.930013,77.570629
12.957825,77.593747
12.973223,77.581906
12.937058,77.601292
12.960943,77.644042
12.988087,77.596794
12.996716,77.608721
12.975017,77.578679
12.96193,77.554628
12.929006,77.56948
12.992733,77.640648
12.956546,77.572351
12.968986,77.568749
12.966223,77.653539
12.922633,77.584096
12.978334,77.554205
13.008164,77.60202
12.980086,77.625233
12.992898,77.657772
12.999631,77.57985
12.980178,77.597061
12.992616,77.546458
12.923869,77.56765
12.974101,77.635174
12.997108,77.653515
12.929856,77.552408
13.015156,77.575482
12.97831,77.596245
12.997305,77.553729
12.968001,77.563641
12.984539,77.573959
12.989447,77.57848
12.93411,77.56331
12.983942,77.601143
13.007427,77.56868
12.930002,77.567752
12.962524,77.583537
12.979831,77.570544
12.99608,77.605057
12.98613,77.651051
12.981717,77.564105
12.92085,77.569932
12.990687,77.611057
12.977077,77.645541
12.984801,77.567627
12.98013,77.562658
12.987077,77.566863
12.996302,77.559504
12.977124,77.640408
12.945838,77.553396
13.004737,77.577044
13.001174,77.556147
12.986337,77.599863
12.982601,77.579296
12.996803,77.588984
13.017073,77.569527
13.01178,77.577017
12.937333,77.586827
13.023053,77.573447
12.985811,77.564155
12.914437,77.601719
12.976722,77.5495
13.002353,77.577208
12.976613,77.584481
12.964193,77.612398
12.96358,77.565316
13.001528,77.598196
13.018604,77.56767
12.943987,77.596677
12.98912,77.587174
12.983368,77.585485
13.007681,77.59125
12.953971,77.583052
13.006307,77.59082
12.972276,77.651421
12.982187,77.56359
12.99557,77.576353
12.96902,77.568174
12.974728,77.618419
12.953587,77.588045
12.992802,77.579768
12.974588,77.57231
13.02537,77.583791
13.014712,77.556382
12.949213,77.571889
12.955304,77.567284
12.944124,77.576763
12.941426,77.559794
12.980373,77.613451
12.941418,77.618169
13.023524,77.55492
12.956905,77.585705
12.949311,77.595479
12.973342,77.580629
12.970103,77.551964
12.978628,77.550161
12.944243,77.59132
12.99471,77.572013
12.963595,77.581873
12.936443,77.55463
13.006952,77.565572
12.940272,77.577575
12.932553,77.595681
12.994372,77.579838
13.012888,77.57432
12.972887,77.658895
12.937483,77.55398
12.925421,77.616545
12.995499,77.617727
12.925647,77.564934
12.969086,77.565326
12.981132,77.561424
12.96485,77.591421
12.937593,77.586769
12.992102,77.592737
13.011308,77.557564
13.010432,77.566772
12.982316,77.557596
13.002921,77.55567
12.989528,77.573681
12.983604,77.57237
12.986111,77.572267
13.021283,77.579797
13.027642,77.561003
12.986806,77.617638
12.952452,77.585792
13.013457,77.587119
12.983978,77.660182
12.972978,77.563229
12.956691,77.595819
12.967079,77.569349
12.98078,77.562733
12.988336,77.589965
12.985382,77.555443
12.957106,77.559937
12.96563,77.581769
12.999988,77.586589
13.023228,77.563533
12.995096,77.579166
12.987759,77.63085
12.964231,77.529667
12.937322,77.60205
13.001038,77.591391
12.984476,77.582313
13.008491,77.571395
12.981377,77.581542
12.957072,77.564867
12.938455,77.636315
12.933934,77.587322
12.936093,77.582275
12.947417,77.580292
12.979578,77.554275
12.93589,77.601843
12.918998,77.586599
12.986516,77.614683
12.967198,77.636839
12.957362,77.650549
12.939471,77.593776
12.984218,77.654332
12.939553,77.598323
12.995058,77.590272
13.005524,77.558646
12.976892,77.597598
12.963256,77.573538
12.978658,77.550289
12.953188,77.656864
12.997039,77.577035
12.913385,77.574833
12.994278,77.606779
13.011795,77.576606
12.975628,77.574674
12.994055,77.657352
12.990506,77.573791
12.970336,77.5659
12.980713,77.634191
12.994334,77.613235
12.985948,77.581529
13.005203,77.655182
12.963094,77.615406
12.984803,77.581978
12.994421,77.5877
12.98046,77.66707
13.000766,77.59287
12.981309,77.556777
12.910922,77.610719
12.976405,77.577527
13.002884,77.579105
12.985395,77.615802
12.990462,77.627275
12.984771,77.62766
12.961347,77.575171
12.970074,77.590114
12.953953,77.545335
12.997225,77.588618
12.942118,77.596837
12.938047,77.581565
12.968369,77.62657
12.927278,77.564529
12.942544,77.584218
12.959085,77.637489
12.978288,77.535614
12.942674,77.626374
12.957931,77.603134
12.989917,77.575889
12.99264,77.577592
12.991646,77.58166
12.97644,77.631597
12.92829,77.583826
12.963326,77.571766
13.005111,77.542288
12.991619,77.566233
12.969078,77.596985
12.980171,77.566402
12.976463,77.624939
13.020033,77.555017
12.996129,77.6605
12.97823,77.640418
12.934398,77.581224
12.985211,77.601126
13.01947,77.557482
12.987056,77.678153
12.937417,77.573885
12.931209,77.587661
12.971381,77.613075
12.977255,77.65567
12.980845,77.651981
12.943007,77.535327
12.974636,77.558805
12.987112,77.593329
12.965002,77.621748
12.995909,77.609521
12.974799,77.565592
12.968644,77.634598
13.012066,77.545622
12.963976,77.541559
12.987759,77.643715
12.928,77.578502
12.991172,77.566385
13.011905,77.556905
12.947337,77.580414
12.994177,77.571158
12.9759,77.560758
13.004461,77.56108
13.004917,77.569286
12.990008,77.584497
13.029663,77.59008
12.942429,77.565097
12.940086,77.589887
13.019152,77.576172
12.993096,77.632249
12.991995,77.660877
12.992397,77.661021
12.973696,77.585942
12.998276,77.536587
13.000211,77.569741
12.959646,77.577479
12.975003,77.572554
12.980422,77.591275
12.999461,77.560718
12.967357,77.583357
12.988971,77.582254
12.943175,77.579101
12.951569,77.603463
13.00334,77.557661
12.942895,77.577548
12.992929,77.614733
12.941533,77.566405
12.964761,77.566291
12.989761,77.631815
12.981109,77.67101
12.931957,77.557397
12.996568,77.585312
13.000576,77.584133
13.019179,77.564405
12.983058,77.558506
12.933011,77.590431
12.925447,77.588693
12.97644,77.629242
12.956997,77.5877
12.999137,77.568868
12.981467,77.639211
12.971868,77.644073
12.969011,77.573485
12.9892,77.575982
12.91149,77.578254
12.988216,77.573819
12.952925,77.545623
12.974165,77.597921
12.937137,77.576914
13.025625,77.561058
12.98675,77.594445
12.995325,77.58722
12.958097,77.641233
12.944864,77.549326
12.975878,77.573273
12.996413,77.555927
12.986614,77.629877
12.925921,77.586437
13.020628,77.546927
12.960159,77.574531
12.978209,77.649214
12.975577,77.637313
12.935077,77.589084
13.025034,77.57641
13.011032,77.578635
12.965621,77.611934
13.002531,77.580384
12.987008,77.641854
12.97855,77.564791
12.96843,77.574033
12.986641,77.589488
12.950017,77.557521
12.94454,77.537249
12.942282,77.578959
12.925453,77.605356
12.987066,77.554037
12.97672,77.589245
12.982395,77.555586
12.952917,77.600952
12.95678,77.563203
12.927475,77.575476
12.983866,77.618974
12.991547,77.67427
12.957605,77.610093
12.968733,77.565224
12.960385,77.660926
12.951066,77.612236
12.919022,77.583398
12.967502,77.650292
13.002148,77.570313
12.986115,77.581368
12.973874,77.552545
12.994829,77.567774
12.959895,77.574393
12.969279,77.568681
12.933961,77.595264
12.963504,77.566009
13.012804,77.541981
12.969047,77.581828
12.972851,77.658335
12.958824,77.593449
12.975826,77.635985
12.974853,77.56694
12.982155,77.572629
12.98598,77.592596
12.950032,77.584797
12.995634,77.581131
12.981823,77.621159
12.937138,77.602732
13.000122,77.555414
12.966733,77.600781
12.933843,77.567851
12.933769,77.592647
12.989056,77.642568
12.985568,77.654074
12.953037,77.585712
12.921766,77.590501
12.986453,77.563328
12.943516,77.586964
13.001363,77.664718
12.957207,77.579056
12.973706,77.600022
13.004104,77.561533
12.999965,77.58207
12.970773,77.6505
12.984122,77.576548
12.976484,77.576386
12.936163,77.586592
13.014903,77.55696
12.989021,77.54069
12.943768,77.621892
13.019196,77.595585
12.997094,77.593482
12.918205,77.57252
12.974706,77.573403
12.98551,77.581714
12.927421,77.608563
12.952301,77.564433
12.975818,77.634539
12.986545,77.662899
12.959227,77.573688
12.998605,77.560098
12.951602,77.587683
12.990072,77.567505
12.964141,77.562012
12.924892,77.603816
12.976151,77.569664
12.97337,77.588738
13.015371,77.5678
12.995622,77.581236
12.979234,77.570547
13.017034,77.593628
12.963998,77.593179
13.00261,77.571082
12.911981,77.557025
12.943532,77.553759
12.920135,77.590154
12.945339,77.573442
12.974913,77.596239
12.985876,77.587164
13.004914,77.57922
12.956822,77.569135
13.001441,77.576905
12.998206,77.594972
12.941416,77.564947
12.944673,77.578562
12.975952,77.546004
12.968904,77.649772
12.923439,77.579517
12.956066,77.59114
12.942567,77.550959
12.979654,77.63228
12.989314,77.565533
12.973609,77.564824
12.986849,77.580499
12.979545,77.563965
12.966484,77.582061
12.918697,77.604828
12.944313,77.597402
12.998635,77.582352
12.946142,77.62462
12.957569,77.595719
12.972262,77.554889
12.987623,77.665387
12.929204,77.571925
12.993159,77.572565
12.967514,77.565884
12.981766,77.549015
12.992791,77.59244
12.977862,77.639457
12.99876,77.578901
13.016638,77.579405
13.025252,77.647032
12.963241,77.666651
13.002654,77.654729
13.024576,77.579188
12.944245,77.564911
12.957546,77.634354
12.990678,77.575319
12.969939,77.622648
12.959967,77.566303
12.981178,77.561874
12.985255,77.567455
12.985292,77.645053
12.970364,77.618208
12.987643,77.55346
12.932474,77.589203
12.993153,77.560935
12.913831,77.565505
12.992413,77.557811
12.987952,77.63312
13.012418,77.647608
12.931072,77.583011
12.953283,77.599819
12.982611,77.653079
13.016047,77.547916
12.958944,77.620468
12.966197,77.656845
13.000728,77.59509
12.962777,77.628435
12.979116,77.580776
12.969637,77.560949
13.012621,77.562057
12.949209,77.566929
12.968298,77.573246
12.953224,77.54571
12.935533,77.561712
13.017183,77.565479
12.984861,77.598205
12.964563,77.579897
12.947776,77.557046
12.958445,77.588595
12.923158,77.611283
12.999915,77.573177
12.954644,77.581407
13.011071,77.571314
12.966787,77.644235
12.918839,77.577936
12.972213,77.578422
12.93512,77.601557
12.919481,77.609673
12.975864,77.629718
12.991471,77.663936
12.925127,77.552554
13.000207,77.569346
12.971431,77.600442
13.019389,77.590717
12.949796,77.536319
12.980442,77.580471
12.932173,77.552427
13.000814,77.546869
13.01137,77.646063
12.982968,77.582333
12.956571,77.580968
13.016066,77.557198
12.965631,77.562098
12.992534,77.58323
12.98197,77.631031
13.004426,77.582226
12.977991,77.581716
12.940968,77.590961
12.988684,77.651058
12.996356,77.580656
12.958934,77.544789
12.973255,77.574683
12.983734,77.567536
12.99499,77.587243
13.015804,77.597774
12.919326,77.57623
12.971182,77.563955
12.994301,77.608801
12.947807,77.581744
12.991115,77.660451
13.004177,77.602482
12.99009,77.575108
12.973479,77.651804
12.962794,77.58291
12.975894,77.645203
12.919279,77.551276
12.968128,77.57932
12.981151,77.567528
12.932798,77.542387
12.988348,77.570023
12.979269,77.645186
12.916842,77.622638
12.969869,77.602986
12.997877,77.597943
12.942383,77.580575
12.994515,77.643033
12.951315,77.580044
12.946882,77.564107
12.930858,77.594873
13.00093,77.561384
12.987404,77.592022
12.994208,77.581372
12.987259,77.649025
12.95577,77.586638
12.96535,77.573165
12.979776,77.595074
12.980569,77.639992
12.965294,77.571023
12.96137,77.590271
12.986043,77.569121
12.946077,77.607722
12.977449,77.574632
12.983664,77.641481
13.007377,77.58028
12.988103,77.576976
12.98137,77.545842
12.971066,77.540827
12.954983,77.596091
12.992229,77.572137
13.007048,77.609523
12.961268,77.560211
12.988803,77.639475
12.993027,77.643022
12.92053,77.58229
12.94197,77.562546
12.990475,77.58022
12.977287,77.651653
12.96951,77.586958
12.984666,77.588042
12.91742,77.595747
12.990492,77.573154
12.985414,77.656733
12.99801,77.572988
12.976258,77.573351
13.004175,77.560965
12.988356,77.654799
12.990156,77.619681
12.980412,77.650655
12.922417,77.562141
12.964891,77.577666
12.984919,77.575814
12.992488,77.617291
12.982772,77.554011
12.987342,77.617799
12.950989,77.584965
12.990579,77.57966
12.993971,77.57935
12.97432,77.575516
12.9772,77.547709
12.964353,77.557676
12.956874,77.585778
12.991448,77.63776
12.975896,77.597805
13.002782,77.575146
12.926999,77.541906
12.964254,77.574906
12.975155,77.57366
12.962664,77.647441
12.934272,77.587259
12.930744,77.594199
12.974966,77.549941
12.961399,77.607072
12.987587,77.565809
12.991569,77.545775
12.934642,77.619242
12.978238,77.581838
12.992195,77.652522
12.94833,77.566892
12.983898,77.587219
12.981513,77.629673
12.945887,77.589431
12.974019,77.566969
12.965772,77.591972
12.955178,77.551686
12.915782,77.567382
12.984932,77.642919
12.979011,77.573309
12.953324,77.564693
13.013759,77.542121
12.989434,77.572032
12.981049,77.622283
12.979487,77.597893
12.998677,77.585862
12.95517,77.542366
12.981401,77.565406
12.983832,77.574386
12.952234,77.573177
12.991963,77.585664
12.933966,77.589091
12.979875,77.619886
12.98835,77.572834
12.9262,77.556506
12.994873,77.563884
12.933048,77.562886
12.939384,77.616162
12.920882,77.562305
12.998314,77.574375
12.955452,77.593851
12.944707,77.572111
12.970374,77.549415
12.973607,77.563454
12.936998,77.56662
12.937556,77.555849
12.925826,77.544738
12.981595,77.594629
13.010889,77.587212
13.000775,77.567064
13.024085,77.55216
12.946747,77.55118
12.988175,77.649568
12.942166,77.581748
12.966103,77.627546
12.970914,77.654842
12.917435,77.586029
12.975613,77.65416
12.972152,77.656891
12.983941,77.563849
12.941976,77.57196
12.968793,77.539358
12.973273,77.550689
12.919138,77.555977
12.965776,77.663528
12.993297,77.568041
13.00618,77.574369
13.023036,77.586826
12.933214,77.593832
12.987716,77.65531
12.985887,77.639893
12.979984,77.604244
12.971016,77.586816
13.008999,77.559171
12.997848,77.573579
12.942268,77.545394
12.971753,77.575354
12.971712,77.618751
12.990588,77.57463
12.98804,77.556849
12.959311,77.567991
12.94645,77.600552
12.965816,77.624475
12.943485,77.596793
12.998946,77.562518
12.981423,77.565973
12.964979,77.565784
12.984421,77.661393
13.009276,77.560002
12.968058,77.584601
12.910329,77.582934
13.007951,77.565815
12.961612,77.573998
12.958995,77.561948
12.998478,77.539289
12.97425,77.574298
12.969635,77.645863
12.970176,77.597991
12.995179,77.563864
12.993311,77.559239
13.004351,77.643041
13.000924,77.549935
12.966882,77.656242
12.975759,77.637212
13.005592,77.573054
12.977428,77.655576
12.963486,77.637986
12.98148,77.583575
12.972119,77.631098
12.977224,77.561547
12.973107,77.574676
12.98644,77.649435
12.951771,77.57171
12.963201,77.632807
12.965788,77.651583
12.922239,77.592072
12.974516,77.56641
12.986922,77.601004
12.968854,77.568484
12.919205,77.585251
12.940779,77.613664
12.964254,77.574906
13.018041,77.565349
12.967768,77.572423
12.929194,77.590579
12.997985,77.575389
13.005667,77.592002
12.931798,77.580137
12.963495,77.598646
13.012793,77.585465
12.950751,77.658453
12.982209,77.576429
12.952789,77.553316
12.969286,77.57983
12.974794,77.65348
12.943354,77.566544
13.000395,77.603483
12.969334,77.571402
12.953402,77.594901
12.969756,77.596485
12.941086,77.568255
12.990266,77.668254
13.017059,77.536957
13.016489,77.57422
12.95427,77.584104
12.975603,77.586327
12.941587,77.576477
12.989929,77.542766
13.000768,77.564626
12.981834,77.576093
12.980428,77.546828
12.973469,77.587256
12.955258,77.584967
12.984443,77.624009
13.006781,77.573308
12.920427,77.529674
12.991919,77.546453
12.959748,77.552044
12.993263,77.59712
12.955911,77.581546
12.926254,77.58354
12.956341,77.652444
12.944864,77.549326
12.943443,77.566656
12.974848,77.57885
12.950997,77.637399
12.964134,77.633573
12.995651,77.542523
12.947762,77.583174
12.968805,77.559427
13.017665,77.571618
12.959462,77.568384
12.963864,77.648821
12.989539,77.612354
12.977512,77.640764
12.993512,77.574581
12.994516,77.645661
12.980373,77.613451
12.989605,77.572213
12.969294,77.582788
12.911526,77.559848
12.953622,77.537176
13.011328,77.665585
12.940565,77.611297
12.972946,77.656054
12.946027,77.60823
12.977091,77.636767
12.936075,77.630287
12.942975,77.598097
12.988116,77.641984
12.976708,77.561252
12.990697,77.58993
12.971228,77.654639
12.97687,77.573876
12.980825,77.636751
12.947119,77.57072
12.961414,77.585042
12.988176,77.580305
12.989083,77.558343
13.002266,77.573233
12.97492,77.657914
12.980667,77.544935
12.993768,77.575747
12.991717,77.550463
12.991525,77.648118
12.967302,77.59163
12.979718,77.582834
12.968102,77.579056
12.9236,77.582249
12.989913,77.63266
12.994591,77.647061
12.974922,77.576398
12.979971,77.61462
12.983108,77.630952
12.964635,77.583137
12.926182,77.605876
12.952558,77.573456
12.945818,77.600762
12.980154,77.577544
13.030501,77.546181
13.008432,77.647341
12.914626,77.566016
13.017203,77.56296
12.973423,77.58228
12.975315,77.597318
12.97397,77.583676
12.980206,77.580985
12.969069,77.610032
12.985293,77.586199
12.992612,77.579654
13.016322,77.576166
12.972723,77.57846
12.946351,77.550138
12.93952,77.565871
12.989018,77.647422
12.976082,77.575168
12.981223,77.631969
12.980997,77.576677
12.917709,77.601212
12.996586,77.572517
13.001516,77.557571
12.969394,77.579332
12.921648,77.59508
12.979578,77.554275
12.920766,77.582056
12.958316,77.619488
12.978836,77.613764
12.972087,77.557192
12.97048,77.57533
12.956371,77.56795
12.949937,77.630293
12.944707,77.572111
13.025022,77.577607
13.005564,77.571261
12.921514,77.589026
12.989989,77.583572
13.011576,77.559213
12.96935,77.583132
12.966557,77.582092
12.955895,77.580034
12.966197,77.577227
12.987383,77.63744
12.96418,77.571992
12.946908,77.583674
12.970658,77.55632
12.999179,77.575679
12.971032,77.661247
12.952647,77.622215
12.965092,77.649305
12.976596,77.594885
12.993851,77.586846
12.963255,77.611175
13.000266,77.638706
12.960309,77.63708
12.922585,77.587846
12.978718,77.552812
12.978332,77.581483
13.01398,77.575224
12.950805,77.599591
12.963416,77.577876
12.924512,77.576174
12.98065,77.6373
12.968368,77.582267
12.976835,77.60247
12.941758,77.582515
12.976112,77.6534
12.932355,77.557922
12.99671,77.552764
12.962351,77.588866
12.912995,77.548525
12.990035,77.641369
12.964014,77.629688
12.99962,77.57944
12.98494,77.583343
12.92515,77.589613
12.969183,77.595194
12.954634,77.585131
12.973008,77.588017
12.953532,77.575979
12.977983,77.65336
12.995143,77.632317
12.955007,77.582178
12.97954,77.601258
13.008086,77.594402
13.017546,77.589311
12.927736,77.569574
12.986212,77.583617
12.95292,77.641207
12.97729,77.545888
12.981766,77.549015
12.972208,77.583806
12.919739,77.55905
12.985015,77.585427
12.962907,77.639829
12.955643,77.529291
12.997003,77.572906
12.98538,77.589592
12.928809,77.605577
13.009727,77.589309
12.991271,77.572069
13.012032,77.550132
12.972775,77.5718
12.973743,77.596348
12.999845,77.635282
12.993959,77.550599
12.961767,77.578898
12.932065,77.599328
12.919303,77.574573
12.981519,77.557362
12.957837,77.585363
12.965079,77.58079
12.98612,77.583538
12.933697,77.571707
12.919526,77.577066
12.925479,77.545154
12.995246,77.573102
12.926383,77.568825
12.941693,77.598389
12.963561,77.660208
12.992413,77.564342
12.975781,77.662649
13.028403,77.578768
12.93909,77.59066
12.964644,77.65158
12.974272,77.58568
12.948633,77.657296
13.004935,77.58205
12.984183,77.60642
12.926237,77.577577
13.009187,77.57454
12.911304,77.590599
12.930972,77.572816
12.981899,77.59565
12.971324,77.580772
12.982304,77.546302
12.965996,77.572913
12.995116,77.628489
12.987364,77.645539
12.956274,77.594535
12.96741,77.590114
12.994354,77.577485
12.991164,77.589901
12.979727,77.640881
12.984319,77.570142
13.015424,77.563117
12.975771,77.663232
12.927643,77.575401
12.985087,77.566471
12.988723,77.573599
12.981793,77.654432
12.964478,77.541983
12.971526,77.600792
13.008396,77.574879
12.918374,77.566889
13.004272,77.566703
12.9587,77.634259
12.965943,77.666971
12.997749,77.65484
12.997003,77.572906
12.944109,77.593662
12.931246,77.57439
12.969,77.649082
12.981568,77.57964
12.933542,77.595914
12.993706,77.568513
12.980841,77.66088
12.972991,77.585056
12.967168,77.66217
12.989806,77.582432
12.991769,77.584226
12.925329,77.581397
12.918847,77.563617
12.982386,77.575049
13.000432,77.665025
12.977255,77.588193
12.997682,77.582643
12.919613,77.562224
13.017954,77.575828
13.00191,77.573054
12.976772,77.592768
12.923146,77.614983
12.980949,77.57514
12.939384,77.616162
12.942557,77.595385
12.996438,77.644043
12.96881,77.578928
12.948478,77.578951
13.000109,77.559258
12.967686,77.601978
12.991659,77.589255
12.995965,77.549792
12.91712,77.563078
12.928289,77.586886
12.983624,77.644683
12.925229,77.611471
12.921128,77.565402
12.937807,77.58551
12.970635,77.635934
12.938501,77.587229
12.985608,77.584618
12.973865,77.659142
12.961891,77.574175
12.970158,77.64514
12.982178,77.587455
12.987952,77.63312
12.986762,77.654638
13.001492,77.562749
12.984772,77.553599
12.989315,77.638508
12.929613,77.565845
12.98902,77.590982
13.001249,77.646154
12.984962,77.572194
12.930219,77.596719
12.930119,77.528967
12.938923,77.648734
12.963401,77.625494
12.967975,77.635475
12.923566,77.577057
12.969684,77.595423
12.979785,77.642131
12.960912,77.556355
12.991833,77.570721
12.996291,77.564847
12.962459,77.595882
12.972534,77.581873
12.951612,77.5578
12.947256,77.638457
12.973768,77.55542
12.976093,77.580811
12.984965,77.575237
13.029333,77.557635
12.973587,77.5833
13.006429,77.576402
12.998173,77.580419
12.990619,77.571995
13.014669,77.651814
12.974914,77.560895
12.946934,77.573064
12.9908,77.639782
12.979467,77.643956
12.980927,77.603942
12.951381,77.609704
12.996011,77.620087
12.934307,77.585794
12.975972,77.589523
12.972959,77.593431
12.952887,77.575385
12.979567,77.633014
12.986901,77.56149
13.004768,77.579134
13.00387,77.642502
12.986628,77.556956
13.0095,77.568416
12.96982,77.58252
12.980565,77.585231
12.970592,77.57875
12.979535,77.571279
12.951433,77.561929
12.940189,77.587382
12.978943,77.577553
12.959485,77.576804
13.004136,77.572482
12.963344,77.627561
12.988932,77.563737
12.976875,77.681976
12.991029,77.570716
12.968304,77.646843
13.026425,77.582219
12.976104,77.589874
12.925263,77.593441
12.921422,77.547933
12.98075,77.573043
12.995183,77.552947
12.991531,77.640728
12.987537,77.638862
12.993521,77.578913
12.934398,77.581224
13.001239,77.55904
12.984542,77.62466
12.961427,77.570607
12.918589,77.583821
13.000261,77.560273
12.988612,77.643127
12.921962,77.575373
13.004153,77.580292
12.973928,77.620391
13.001098,77.56908
12.993136,77.587785
12.969148,77.583141
12.979184,77.595235
12.95601,77.567227
12.983166,77.57338
12.950172,77.564303
12.951967,77.59071
12.992846,77.574014
12.983211,77.570087
12.954816,77.562364
12.997213,77.631528
13.00809,77.569775
12.978307,77.556848
12.954476,77.590969
12.930387,77.600218
12.979298,77.666514
12.975145,77.618787
12.969427,77.59116
12.960342,77.664367
12.95882,77.562443
12.965322,77.646189
12.992496,77.571064
12.963122,77.554799
12.937471,77.590255
12.965172,77.583928
12.971822,77.544683
12.963696,77.555058
13.003463,77.557689
12.952731,77.602613
12.977118,77.640966
12.977642,77.591055
12.975108,77.576082
13.016623,77.60643
12.989624,77.582016
12.953872,77.565173
12.976729,77.649897
12.998769,77.67195
12.931602,77.575546
12.92366,77.600393
12.997892,77.542159
12.984618,77.623632
12.983406,77.562405
12.940075,77.597168
13.022449,77.556077
12.956672,77.590577
12.992176,77.636794
12.997305,77.553729
12.982639,77.655531
12.942198,77.582063
13.001492,77.573753
12.92353,77.588253
12.961644,77.603696
13.005018,77.587898
12.983071,77.642221
12.97908,77.584732
12.91875,77.580945
12.983601,77.666478
13.022455,77.569533
12.977799,77.567406
12.952884,77.564393
12.978938,77.55671
13.00643,77.655337
12.998926,77.630348
12.936364,77.594885
12.942585,77.592579
13.008443,77.577428
12.952047,77.609423
12.916286,77.588819
12.98281,77.549191
13.003869,77.581662
12.977567,77.582716
12.983249,77.560915
12.927907,77.562791
12.985574,77.574389
12.952818,77.555623
12.999427,77.581136
12.96988,77.599277
12.975124,77.659963
12.974907,77.581738
12.956695,77.649383
12.973954,77.63521
12.974818,77.644539
13.010764,77.659828
12.983441,77.646131
12.971639,77.556638
12.962591,77.655268
12.951244,77.581718
12.987984,77.60373
12.989325,77.648947
12.982881,77.552097
12.964435,77.578927
12.954688,77.640032
12.975286,77.577561
12.983117,77.56351
12.994537,77.58306
12.946705,77.575575
12.969869,77.592653
13.004842,77.582498
12.965338,77.572843
12.987941,77.587857
12.922348,77.59848
12.985861,77.562056
13.011476,77.574297
12.973823,77.574373
12.995054,77.566263
12.982067,77.569604
12.969362,77.574791
12.931076,77.587091
13.018284,77.562111
13.010169,77.588729
12.967346,77.620771
12.968587,77.579219
13.00186,77.567552
12.980431,77.619979
12.967835,77.636119
12.988867,77.581803
12.950617,77.594521
12.986922,77.575565
12.980664,77.562438
12.966407,77.639034
12.970757,77.573912
12.966237,77.639726
12.937809,77.591736
12.919222,77.578527
12.971849,77.578254
12.929522,77.565514
12.911501,77.605333
12.978363,77.589247
12.9969,77.57054
12.98324,77.552875
12.934741,77.616127
12.994499,77.565395
12.99349,77.556892
13.027192,77.566812
13.013309,77.586758
12.981978,77.566415
12.922203,77.570255
12.910519,77.560867
12.990675,77.611217
12.974197,77.615975
12.989716,77.655696
12.920813,77.590373
12.939924,77.593683
12.94684,77.55743
13.003113,77.631796
13.003416,77.53871
12.969962,77.549562
12.999432,77.57764
12.967787,77.566172
12.980938,77.611515
12.985523,77.580317
12.972744,77.583763
12.934547,77.58426
12.931721,77.583447
13.001231,77.589697
12.978298,77.59529
12.977831,77.617937
12.987162,77.604181
12.978411,77.617638
12.957252,77.581042
13.01178,77.577017
12.969196,77.567287
12.91518,77.56756
12.929788,77.580395
12.978474,77.664981
12.985568,77.641133
12.999175,77.62915
12.94905,77.598301
12.988342,77.558038
12.9962,77.614134
12.931996,77.581732
13.011637,77.585077
12.967714,77.569994
13.008801,77.568962
13.005283,77.568704
12.969089,77.637443
12.974999,77.645213
13.008749,77.56046
12.94513,77.555232
12.952429,77.568676
12.949645,77.564187
12.966319,77.573499
12.942986,77.579945
13.012957,77.54863
12.935568,77.565649
12.977822,77.598207
12.946243,77.597317
12.910918,77.602409
12.922997,77.592425
12.923211,77.545781
12.95022,77.647953
12.978839,77.575442
12.957097,77.552218
12.989891,77.649066
13.011399,77.614796
12.996532,77.61601
12.956223,77.558234
12.968629,77.59245
12.944629,77.552251
12.962905,77.589069
12.979709,77.590975
12.984238,77.573661
12.974007,77.64183
12.924006,77.560366
12.937481,77.589829
12.95389,77.628896
12.944281,77.563657
12.989012,77.611419
12.944365,77.575684
12.962536,77.592939
12.988995,77.647052
12.955857,77.582703
12.972899,77.577836
12.981538,77.542109
12.99919,77.625898
12.951308,77.5687
12.918218,77.566212
13.019852,77.565399
12.977092,77.587055
12.951899,77.566722
12.999454,77.581246
12.96125,77.632236
13.005547,77.57119
12.969507,77.563266
12.915836,77.578487
12.95683,77.579973
12.980758,77.576853
12.956145,77.577158
12.976215,77.589651
12.975013,77.572835
13.016981,77.558321
12.987277,77.578096
12.992204,77.640142
12.956874,77.585778
12.951787,77.574656
12.971349,77.628576
13.015586,77.569616
12.984344,77.634823
12.971187,77.647786
12.987937,77.555913
12.956547,77.581233
12.972674,77.555691
12.991396,77.641711
12.994982,77.564001
13.003389,77.579707
12.967296,77.551877
13.002344,77.573483
12.992232,77.553082
12.980945,77.566491
12.981708,77.634532
12.921165,77.573132
12.968835,77.572448
12.98404,77.619016
12.998233,77.644693
12.960854,77.578876
13.01107,77.59043
12.95909,77.569784
12.995415,77.572246
12.970661,77.636098
12.950108,77.602187
12.921934,77.53574
12.994885,77.589088
12.999999,77.56275
12.988164,77.548188
12.966465,77.64336
13.038467,77.559905
12.959372,77.653178
12.983363,77.627678
12.979424,77.592369
12.968271,77.555659
12.947838,77.602176
12.978558,77.584667
12.966488,77.590378
12.972513,77.572528
12.981501,77.642798
12.978615,77.578793
12.986096,77.585212
13.02341,77.576734
12.991553,77.581479
12.927037,77.563561
12.982349,77.630073
12.975246,77.578781
12.998476,77.586564
12.976254,77.562822
12.959428,77.56957
12.919252,77.572343
13.001666,77.590149
12.947627,77.555683
12.998827,77.563832
13.030213,77.567591
12.9651,77.622197
13.023897,77.564007
12.976112,77.631164
12.977526,77.567992
12.94866,77.618056
12.991047,77.645256
12.968209,77.566202
12.980408,77.634392
12.919866,77.592877
12.982728,77.560814
12.972231,77.642591
12.992273,77.568574
13.003241,77.571488
12.978771,77.577366
13.004486,77.572162
12.985909,77.593581
12.920806,77.562553
12.986046,77.564073
12.95373,77.578155
12.924254,77.55977
12.985639,77.560561
13.005826,77.60109
12.912308,77.586804
12.973929,77.558383
12.957442,77.585858
13.006478,77.589942
12.972234,77.554417
12.972763,77.555971
12.972571,77.644036
12.95711,77.546518
12.988962,77.574896
12.979761,77.545998
13.026057,77.555504
12.942237,77.551927
12.988903,77.550408
12.91768,77.582602
12.969301,77.560971
12.981101,77.583487
12.952647,77.622215
13.001911,77.589717
12.967268,77.626231
13.002106,77.588288
12.988535,77.578427
12.998103,77.651738
12.958903,77.631831
12.974479,77.555699
13.007801,77.625283
12.978819,77.61852
12.985465,77.558111
13.004788,77.596405
12.99136,77.579304
12.942623,77.573378
12.955844,77.571342
12.977716,77.534667
13.006963,77.573775
12.989183,77.673139
12.91581,77.570236
12.966644,77.611545
13.009607,77.584962
12.989338,77.54339
12.984219,77.578405
12.99442,77.518559
12.961813,77.591261
12.994586,77.590966
12.951423,77.588882
12.949897,77.544698
12.972539,77.583057
12.974027,77.564968
12.947604,77.61906
12.978191,77.589644
12.967651,77.575017
13.019179,77.564405
12.988895,77.634054
13.003625,77.564694
12.932367,77.566208
12.957013,77.56711
12.987316,77.640147
12.988093,77.544313
12.936759,77.583532
12.934418,77.585097
12.990051,77.574709
12.973381,77.57773
12.929148,77.591707
12.981742,77.564538
12.994647,77.576581
12.970109,77.578821
12.967119,77.568217
12.943772,77.571465
12.990082,77.587292
12.986518,77.577272
13.008012,77.56582
13.006579,77.552692
12.953828,77.566231
12.985098,77.636512
12.957263,77.585387
12.987507,77.577215
12.996865,77.603471
12.943997,77.654085
13.006569,77.535433
12.998088,77.565304
12.986804,77.596318
12.956358,77.643444
12.966441,77.59212
12.97329,77.571034
12.982519,77.574538
13.030417,77.562936
12.971455,77.572416
12.98775,77.560381
12.954553,77.566139
12.998699,77.569811
13.031659,77.574838
12.997097,77.595839
13.003926,77.578574
12.971483,77.589582
12.98166,77.61745
12.99513,77.561118
12.93386,77.593218
13.0282,77.561988
12.910922,77.610719
12.9696,77.589869
12.972068,77.568502
13.027713,77.574441
13.002868,77.583095
12.991631,77.553245
13.007682,77.563437
12.92261,77.585458
12.992733,77.640648
12.93041,77.553546
13.000357,77.647538
12.985649,77.581867
12.991464,77.650685
12.967643,77.577176
12.989279,77.613143
12.977809,77.646496
12.974558,77.581219
12.982615,77.643096
13.002073,77.655128
13.009509,77.644858
12.980525,77.559008
12.99925,77.644999
12.952273,77.59194
12.970391,77.568609
12.970105,77.561125
12.939437,77.573669
13.003543,77.565126
12.935911,77.610842
12.987831,77.587153
12.928883,77.539046
12.999821,77.659093
12.964769,77.586791
12.989393,77.571164
13.003505,77.61359
12.975785,77.569083
12.950813,77.584017
12.970145,77.61022
12.993437,77.545191
13.001648,77.577106
13.014287,77.566501
12.929523,77.578749
12.938019,77.579811
12.921324,77.577215
12.980139,77.618634
12.950598,77.590351
12.962165,77.615463
12.940034,77.594672
12.979865,77.576811
12.988319,77.558217
12.989705,77.592669
12.973619,77.567581
12.998215,77.576695
12.910305,77.607804
12.984899,77.627597
12.9135,77.575682
12.96197,77.567632
12.998282,77.572434
13.009174,77.560957
12.980717,77.569883
12.963606,77.587087
12.928451,77.620657
12.978716,77.628142
12.994117,77.624779
12.97252,77.627061
12.922991,77.590105
12.979183,77.564117
12.97232,77.555241
12.988679,77.574648
12.989436,77.648337
13.010218,77.566347
12.975796,77.59023
12.951448,77.568081
12.981798,77.571289
12.964292,77.585714
12.977516,77.564615
12.978105,77.577088
12.963983,77.600705
12.967434,77.589705
12.988116,77.641984
12.998432,77.612161
12.968998,77.666921
12.93733,77.578544
12.958885,77.579244
12.976424,77.570625
12.945256,77.578672
12.961213,77.562696
13.010777,77.594317
12.919118,77.62143
12.961246,77.557366
12.929037,77.596208
12.991549,77.58077
12.950476,77.576442
13.008535,77.650165
12.938883,77.585787
12.976428,77.583132
12.969615,77.544685
12.973976,77.549485
13.000048,77.570353
12.963948,77.580559
12.978094,77.655994
12.923672,77.632103
12.929483,77.590993
12.954429,77.645708
12.99738,77.565379
12.973583,77.587905
12.968877,77.568512
12.978198,77.650667
12.914968,77.5625
12.99318,77.614062
12.927151,77.576737
12.999406,77.559652
12.997852,77.574987
12.991782,77.591809
12.975697,77.571974
12.989591,77.597913
12.993775,77.593572
12.960729,77.552008
12.932859,77.549438
12.977223,77.575976
13.002581,77.562021
12.97626,77.581719
12.972562,77.59352
12.983604,77.57237
12.96907,77.580881
12.969823,77.596223
12.921247,77.592823
12.952391,77.569627
12.950621,77.565709
12.97048,77.567953
12.982453,77.635071
12.96014,77.558895
13.031181,77.558354
12.937327,77.586664
12.999883,77.579507
12.954734,77.580176
12.977199,77.64232
13.000469,77.609892
12.960954,77.630597
12.985288,77.56528
12.918394,77.590671
12.984233,77.622093
12.943671,77.552568
12.982552,77.571765
13.02497,77.58307
12.963652,77.643794
12.996927,77.560654
13.001854,77.550268
12.964342,77.593731
13.005572,77.555293
12.973192,77.547053
13.003943,77.564759
12.932173,77.552427
12.96922,77.668404
12.977902,77.577854
12.969525,77.570371
12.995918,77.592106
12.987455,77.640137
12.982473,77.559479
12.962725,77.597668
12.989554,77.571086
12.975353,77.574887
13.02536,77.568746
12.997553,77.636579
12.983584,77.653445
12.981238,77.584091
12.974303,77.580088
13.008999,77.562775
12.968102,77.643889
12.972857,77.626633
12.972466,77.630106
13.002251,77.637445
12.950002,77.565943
13.012461,77.562753
12.947812,77.590757
12.988907,77.671944
13.023482,77.560534
12.991944,77.630804
13.020966,77.559296
12.989322,77.606034
12.950752,77.575585
12.98241,77.564117
12.984039,77.550509
12.953517,77.560397
13.006973,77.581315
13.004324,77.574617
13.036548,77.560818
12.986012,77.580991
12.987306,77.571502
13.018291,77.633045
12.982972,77.58015
12.983241,77.576018
13.008032,77.531864
12.999183,77.591025
12.987289,77.558126
12.977865,77.567561
12.996375,77.583627
12.999138,77.553841
12.973853,77.542116
13.019067,77.605378
12.984943,77.571781
12.980563,77.594329
12.925733,77.592934
12.995057,77.607715
12.995391,77.561866
12.973342,77.580629
12.98631,77.559951
12.965499,77.643206
13.015837,77.580379
12.957687,77.59033
12.998158,77.593053
12.954497,77.596781
13.03021,77.559856
12.932367,77.610296
13.019517,77.579212
13.017569,77.56701
12.99816,77.623624
12.9689,77.643472
12.989994,77.625778
12.960707,77.597884
12.985887,77.595987
13.000408,77.557813
12.919516,77.603017
13.002398,77.549702
12.972111,77.58543
12.986198,77.627411
13.000483,77.650918
13.003541,77.566317
12.963656,77.581135
12.991582,77.651615
13.010299,77.567758
12.947263,77.655093
12.983624,77.553345
12.913582,77.588411
13.016648,77.600063
12.920731,77.566003
12.982994,77.569066
12.936191,77.563139
12.955764,77.566348
12.969911,77.626856
12.989907,77.645038
12.987434,77.591534
12.981594,77.669431
12.973641,77.571334
12.910026,77.577226
12.976547,77.569053
12.932639,77.547917
12.967041,77.577945
12.989752,77.639383
12.994894,77.567306
12.911758,77.564853
12.923385,77.603005
12.968358,77.588448
13.001038,77.591391
12.988845,77.554591
12.976937,77.557744
12.967963,77.574957
12.986919,77.578821
12.955052,77.563694
12.94793,77.583831
12.954635,77.568277
12.945255,77.60087
12.939079,77.570709
12.946557,77.611948
12.977778,77.562473
12.958435,77.615995
12.959276,77.551089
12.952256,77.569438
12.943361,77.582398
12.98163,77.593181
12.9854,77.55755
13.003342,77.590605
12.963943,77.582563
13.009203,77.650199
12.933641,77.545867
12.961463,77.569438
12.973346,77.649022
12.918468,77.583021
12.976404,77.551228
12.98846,77.575072
12.948163,77.537215
12.966264,77.643154
12.955445,77.574454
13.010178,77.57431
12.977271,77.645003
12.981589,77.575709
12.966059,77.587853
12.977645,77.556585
12.971448,77.558694
13.00345,77.552592
12.982736,77.635522
12.978492,77.666233
12.995462,77.576612
12.959603,77.570116
12.974342,77.56447
12.960597,77.582526
12.956963,77.614521
12.9356,77.573251
12.961583,77.575204
13.007188,77.561119
12.930061,77.595059
12.979349,77.60334
12.984483,77.63203
12.954886,77.577957
12.999474,77.601053
12.98137,77.568212
12.964384,77.635569
12.972236,77.552561
12.991213,77.59106
12.977023,77.627118
12.976461,77.649691
12.959766,77.569517
12.938543,77.599083
12.955589,77.550992
12.976819,77.574219
12.972159,77.526915
12.983707,77.575149
12.963773,77.586325
12.994245,77.656765
12.97719,77.567297
12.96344,77.628358
12.929612,77.570464
12.916038,77.574191
12.98654,77.574506
12.950324,77.612843
12.987229,77.650002
12.958794,77.563889
12.9867,77.609441
13.00308,77.637312
12.9846,77.582158
12.977371,77.558283
12.992427,77.627124
12.993976,77.581718
12.975233,77.559001
13.009323,77.594607
12.960476,77.573634
12.932256,77.56423
12.9701,77.618878
12.922546,77.602432
12.981051,77.573291
12.985638,77.638587
12.994321,77.572708
12.971357,77.590042
12.974156,77.647109
12.974561,77.566808
12.934883,77.591215
12.959392,77.599952
12.978948,77.588287
12.967131,77.563593
12.973844,77.615209
12.969161,77.630976
12.956021,77.570555
12.979209,77.645143
12.96651,77.592083
12.982644,77.611188
12.966639,77.561217
12.965983,77.596221
13.015127,77.572998
12.978215,77.562431
12.966108,77.567309
12.995871,77.564702
12.962368,77.674141
12.999965,77.58207
12.963742,77.552863
12.975414,77.668932
12.986983,77.575397
12.969109,77.561247
12.981232,77.579617
12.944964,77.600529
12.983898,77.587219
12.957026,77.558792
12.96533,77.548497
12.978287,77.598714
12.953738,77.587033
12.994155,77.55736
13.0126,77.588316
12.992594,77.646265
12.975449,77.611455
12.975851,77.589645
12.938691,77.578791
12.993065,77.552549
12.986896,77.641156
12.91518,77.581409
12.988033,77.655278
12.942427,77.589706
12.966039,77.640165
12.979772,77.647303
12.98958,77.588172
12.983333,77.563664
12.942983,77.543944
12.969385,77.620898
12.961181,77.55734
12.938184,77.606596
12.971609,77.561215
13.001612,77.566167
12.960576,77.539134
12.981196,77.573811
12.990675,77.611217
12.966108,77.611701
12.931603,77.58986
13.005923,77.554168
12.980256,77.560565
12.978699,77.633206
12.98232,77.574146
12.990421,77.582544
12.9694,77.57922
13.003759,77.550584
12.982856,77.638198
12.930057,77.6072
13.008286,77.555415
12.988017,77.664208
12.978545,77.563573
12.998622,77.575389
12.976816,77.592785
12.978198,77.643856
12.963328,77.589932
13.002688,77.63697
12.944117,77.596505
12.931154,77.615932
12.989693,77.630356
12.956536,77.64774
12.977645,77.556585
12.950716,77.566733
13.006599,77.582167
12.968324,77.560784
12.987833,77.6301
12.979613,77.614157
12.983622,77.557441
13.012546,77.575432
12.986912,77.582583
12.967273,77.642502
12.976632,77.634432
12.960412,77.575021
13.011651,77.57412
12.961962,77.612362
12.92775,77.57269
12.937982,77.603918
12.99168,77.568751
13.033448,77.578418
12.976861,77.575456
12.945038,77.618396
12.981242,77.565237
12.916155,77.583415
12.941551,77.603109
12.960433,77.565716
12.937531,77.587822
12.981412,77.581271
12.951232,77.571623
12.953375,77.642336
12.97364,77.576681
12.972726,77.614116
12.921586,77.576508
12.989383,77.58154
12.986708,77.591638
12.991285,77.594345
12.945938,77.580063
13.000593,77.54209
12.970984,77.608809
12.990002,77.567985
12.930516,77.583391
12.992888,77.564863
13.001577,77.581195
12.927873,77.599344
12.992837,77.649907
12.940272,77.584642
12.934778,77.58416
12.97955,77.54972
12.96002,77.56543
13.00166,77.57693
12.929677,77.540007
13.004904,77.574043
12.971461,77.593807
13.011476,77.574297
12.931717,77.584317
12.974291,77.581405
12.989708,77.658452
12.989516,77.669979
12.910599,77.574585
12.99979,77.564935
12.933823,77.567563
12.9115,77.604637
12.996117,77.544294
12.988456,77.555066
12.936747,77.56603
12.970814,77.579793
12.936264,77.595742
12.985885,77.559095
12.94081,77.613766
12.964953,77.563053
12.991701,77.64846
12.965548,77.562362
12.963078,77.661319
12.91517,77.623085
12.98765,77.632591
12.976476,77.661177
13.011317,77.600678
12.964818,77.570109
12.971235,77.595608
12.924262,77.602601
12.987676,77.559083
12.951069,77.573888
12.955052,77.563694
13.017609,77.581194
12.9964,77.591495
12.969699,77.645549
12.987028,77.58698
13.010285,77.603905
12.950995,77.561754
12.996856,77.582318
12.995324,77.536306
12.970673,77.642489
12.973493,77.557757
12.939865,77.569774
12.991595,77.598262
13.002095,77.627227
12.926513,77.609559
12.970397,77.647432
13.016157,77.633792
12.990968,77.635515
12.981322,77.574332
12.979892,77.54184
12.94808,77.602027
12.957567,77.579765
12.987846,77.65886
12.928982,77.596082
12.928427,77.600998
12.957026,77.558792
12.969081,77.594578
12.971191,77.552927
13.000398,77.570094
12.971423,77.571181
12.991885,77.638355
12.950979,77.647294
12.980101,77.644519
12.948299,77.564747
13.017731,77.539191
13.005697,77.596343
12.979813,77.563271
12.974492,77.592929
12.943278,77.613005
12.980087,77.6352
12.957606,77.616137
13.0066,77.558116
12.97202,77.642942
12.971019,77.587931
12.971717,77.619541
12.931784,77.594765
12.949557,77.563848
13.003386,77.579219
12.968162,77.645377
12.990178,77.560922
12.965111,77.551957
12.98549,77.554392
12.967519,77.622827
12.961842,77.559233
12.977384,77.6569
12.914735,77.593821
12.979084,77.579836
12.962722,77.634884
12.91644,77.568597
12.958084,77.554866
12.971691,77.587302
12.962131,77.564337
12.954007,77.542617
12.993175,77.575321
12.977185,77.591559
12.946794,77.572124
12.974951,77.54754
13.000023,77.643322
13.00445,77.569156
12.969621,77.55915
12.994128,77.671592
12.980136,77.567343
12.920542,77.571801
12.99114,77.578536
12.972486,77.658424
12.997251,77.633896
12.980957,77.580998
12.998482,77.577815
12.994459,77.564248
12.990093,77.649057
12.932435,77.620537
12.96434,77.643831
12.988415,77.572734
12.949881,77.555307
12.98229,77.590085
12.932726,77.579774
12.925272,77.567723
12.997257,77.574841
12.997896,77.547337
12.998308,77.648824
12.973036,77.597829
12.982695,77.583352
12.979354,77.570305
13.025976,77.598021
13.01398,77.575224
12.98751,77.567971
12.948731,77.55631
12.952284,77.59232
13.010529,77.596261
13.00377,77.625448
12.986179,77.645904
12.95693,77.604241
12.997162,77.57032
12.97188,77.568073
12.977321,77.575769
12.98298,77.595388
13.002338,77.653154
12.932329,77.569877
12.962998,77.576103
13.005666,77.578372
12.983217,77.600531
12.974471,77.564142
13.008444,77.58121
12.956615,77.572078
12.925026,77.558224
12.991378,77.57799
12.982961,77.639382
12.931107,77.552034
12.984399,77.595926
12.954887,77.572393
13.011113,77.618439
12.949123,77.552921
13.00283,77.559325
12.921876,77.600999
12.937264,77.578323
12.911148,77.571754
12.9703,77.59091
12.972573,77.540191
12.987788,77.56665
12.973756,77.624804
12.99534,77.595645
12.975227,77.539086
13.000714,77.585644
12.974879,77.578579
12.95458,77.571298
12.926923,77.572025
12.98526,77.630409
13.035688,77.601314
12.986536,77.56515
12.915789,77.565627
13.003869,77.623689
13.003312,77.580177
12.983412,77.550489
12.921878,77.584362
12.994353,77.648807
12.959898,77.603405
12.928242,77.555295
12.979536,77.579781
12.998277,77.594155
12.921508,77.568251
12.988588,77.560374
12.959016,77.592224
13.007363,77.574307
12.944836,77.583247
12.974338,77.568852
12.988781,77.573679
12.982084,77.583943
12.987412,77.584731
12.981649,77.584668
13.020681,77.55947
12.951379,77.60604
12.942509,77.605953
12.968496,77.553141
12.974643,77.641604
12.974411,77.578685
12.990864,77.592062
12.978271,77.597034
13.001325,77.640257
13.01802,77.567577
12.98682,77.68148
12.960891,77.653036
12.988465,77.587161
12.979535,77.571279
12.928073,77.583434
12.974811,77.581481
12.989673,77.619829
12.946048,77.596352
12.920882,77.562305
12.910591,77.555841
13.006992,77.589526
12.969295,77.563323
12.966961,77.588875
12.978095,77.574134
12.96533,77.548497
12.963263,77.545024
12.970985,77.584013
12.99007,77.562824
12.966152,77.634466
12.96027,77.657251
13.005434,77.59331
12.979729,77.629814
12.986605,77.572862
12.936159,77.582736
12.923655,77.594815
12.979938,77.6382
12.974065,77.566139
12.962977,77.615221
12.989022,77.618934
12.964234,77.662582
12.969362,77.574791
12.974027,77.564968
12.963122,77.585107
12.939513,77.558815
12.992507,77.626991
12.935092,77.593626
12.987349,77.573379
12.986449,77.568892
13.021041,77.5599
12.984288,77.584896
12.98525,77.569075
12.992205,77.556158
12.999893,77.605159
12.958592,77.579279
12.940331,77.570266
12.97814,77.569344
12.917511,77.586019
12.976715,77.568762
12.957197,77.606599
12.968945,77.589977
13.00175,77.624136
12.965067,77.557026
13.002251,77.539125
12.987434,77.591534
12.915673,77.578209
12.92702,77.605237
12.974852,77.594015
12.948713,77.582925
13.001388,77.556791
12.956961,77.562589
12.935687,77.623169
13.017523,77.574011
12.991116,77.670774
12.942088,77.557314
12.998793,77.594887
13.020398,77.588329
12.910209,77.583046
12.988165,77.626751
12.965807,77.634382
12.98889,77.58943
12.987711,77.5785
12.942238,77.551694
12.932096,77.567583
12.953324,77.564693
12.971839,77.564313
12.986076,77.582872
12.966565,77.572716
13.014202,77.563021
12.960746,77.570009
12.942468,77.591383
12.955837,77.593957
12.937079,77.572169
12.910122,77.584718
12.974894,77.583023
12.993657,77.588164
12.970086,77.588922
12.971593,77.642778
12.976606,77.577892
12.984596,77.566524
13.014455,77.561725
12.933166,77.554547
12.978048,77.647044
12.92936,77.551299
12.932049,77.599816
12.980923,77.638767
12.924312,77.602432
12.95484,77.581796
12.968776,77.578704
12.911264,77.602907
12.94939,77.564199
12.956128,77.578444
12.973599,77.557692
12.974265,77.583783
12.972213,77.578422
12.991988,77.581463
12.947336,77.528315
12.99926,77.575834
13.016721,77.547043
12.989003,77.541824
12.999085,77.58015
12.97174,77.629796
12.987041,77.546258
12.970122,77.577268
12.992634,77.592941
13.003526,77.556504
12.941418,77.618169
13.022397,77.579484
12.967077,77.5375
12.969104,77.646713
12.935668,77.588404
12.967738,77.606649
13.006431,77.560683
13.020821,77.64174
12.981861,77.625589
12.918228,77.570953
13.006222,77.654749
12.961743,77.567279
12.972727,77.631534
12.977208,77.591834
12.987711,77.5785
12.920353,77.57269
12.925367,77.590453
12.985025,77.59199
12.930107,77.592284
12.971089,77.562587
12.957605,77.610093
13.006748,77.57268
12.988427,77.636674
12.996791,77.558011
12.956617,77.578601
12.978997,77.665863
12.984288,77.587772
12.952753,77.587645
13.002192,77.550654
12.988948,77.591178
12.966914,77.552735
12.966491,77.583583
12.957189,77.574444
13.004607,77.583085
12.971695,77.56222
13.016083,77.555744
12.971264,77.561212
12.971679,77.590962
12.961201,77.652332
12.974371,77.607915
12.924648,77.579064
12.927514,77.585826
12.993754,77.548824
13.016151,77.565866
12.966747,77.586896
13.00211,77.616748
12.97091,77.561781
12.913371,77.57488
12.944824,77.591462
13.002617,77.562683
12.993966,77.560027
12.974151,77.569447
12.968131,77.628522
13.000388,77.556235
12.987476,77.573251
12.994564,77.567672
12.966023,77.638489
12.989823,77.553874
13.032714,77.564761
12.934662,77.561116
12.910352,77.572396
12.982139,77.560876
12.956218,77.570562
12.981657,77.571407
12.994648,77.632108
12.91086,77.599405
13.021956,77.565778
12.954463,77.549534
12.947391,77.607967
12.979152,77.574812
12.949562,77.569957
12.917558,77.59135
13.019353,77.573883
12.973595,77.570869
12.944956,77.597812
12.984702,77.662175
12.963662,77.570935
12.961743,77.592589
12.97564,77.629005
12.974731,77.5587
12.973929,77.588743
12.955375,77.536109
12.956034,77.656094
12.991106,77.639689
12.946929,77.553242
12.933367,77.590429
12.930347,77.57057
12.985045,77.564832
12.98929,77.570234
12.977728,77.582728
12.961284,77.587643
12.940174,77.577934
12.989539,77.57453
13.016475,77.623933
12.941831,77.563681
12.965604,77.599487
12.98809,77.577317
12.960765,77.541072
13.011726,77.567709
12.948681,77.585232
12.980145,77.626335
12.936038,77.620267
12.988365,77.646651
12.98892,77.647621
12.971385,77.594279
13.01015,77.555751
12.979783,77.593021
12.956699,77.603105
12.972007,77.579184
13.004099,77.646938
13.000683,77.554242
12.989146,77.652935
12.91212,77.607012
12.94523,77.574034
12.964562,77.637827
12.922774,77.62756
12.925826,77.544738
13.01487,77.585808
12.910995,77.548797
12.996451,77.574226
12.914195,77.571532
12.99863,77.583247
13.00628,77.560528
12.983712,77.544394
12.939526,77.561015
12.937898,77.615761
12.961424,77.604404
12.938659,77.582757
12.970583,77.566775
12.916836,77.546041
12.943845,77.586101
12.995392,77.584946
12.994117,77.624779
13.018548,77.571661
12.970011,77.568153
13.006121,77.569189
12.986042,77.574505
12.987776,77.642305
12.997618,77.60547
12.952755,77.550722
12.978885,77.596483
12.978869,77.637971
12.944573,77.585466
12.974667,77.577713
12.980571,77.651858
13.005454,77.575475
12.963331,77.546015
12.998677,77.585862
12.964483,77.579663
12.970378,77.55729
12.996398,77.562302
12.963444,77.624257
12.934547,77.58426
12.985471,77.572914
12.982361,77.649607
12.97904,77.636307
12.989838,77.603739
12.982589,77.573421
12.956957,77.580374
12.998547,77.572293
12.949269,77.541021
12.979044,77.607715
13.026719,77.575329
12.968975,77.556781
12.968101,77.595035
12.972,77.598234
12.985493,77.581373
12.919195,77.56468
12.977177,77.585981
12.934299,77.566988
12.931092,77.575262
12.984939,77.573202
12.958562,77.650834
12.95003,77.593788
13.006614,77.560913
12.924806,77.573165
12.979678,77.637833
12.928055,77.554568
12.976,77.56153
12.921699,77.578682
12.983255,77.604104
12.960902,77.604836
12.973015,77.625577
12.974068,77.577237
12.973382,77.569384
12.9319,77.572228
12.970166,77.64102
12.992544,77.54529
12.947378,77.563277
12.979087,77.579388
12.917482,77.602849
12.979728,77.643153
12.969469,77.573962
12.943033,77.573963
12.933412,77.595343
12.9758,77.550802
12.97353,77.570538
12.997517,77.578292
12.920465,77.56787
13.011217,77.558418
12.962353,77.575616
12.981328,77.620938
12.952771,77.654118
12.997167,77.591978
13.020978,77.59406
12.95234,77.649239
12.981482,77.563243
12.98692,77.554428
12.977939,77.540886
12.997043,77.579283
12.96274,77.541878
12.982659,77.581672
12.985198,77.563391
12.974181,77.630115
12.966667,77.644849
13.007411,77.553335
12.916681,77.573272
13.023282,77.540024
12.966711,77.596419
12.971867,77.614735
12.974828,77.57055
12.993701,77.621583
12.953241,77.581165
13.028658,77.556966
12.928112,77.581839
12.966604,77.555327
13.00338,77.570458
12.975003,77.572554
12.918308,77.609355
12.979999,77.64199
12.978171,77.579538
12.966579,77.563172
12.910691,77.550314
13.027682,77.568143
12.95726,77.598806
12.972067,77.631898
12.951359,77.548444
12.948571,77.555903
12.999138,77.63319
12.98617,77.566745
12.978714,77.586419
12.991108,77.582756
12.975218,77.564855
12.986972,77.643058
12.988051,77.625485
12.991606,77.592215
13.002591,77.56976
12.969921,77.559186
13.002111,77.570196
12.96909,77.648369
12.974261,77.567097
12.991047,77.656092
12.967224,77.635568
12.962907,77.628009
12.976423,77.631711
13.007004,77.548086
12.964569,77.640434
12.997579,77.57743
12.997316,77.545508
12.984265,77.568999
12.955456,77.580055
12.961475,77.656364
12.918852,77.567864
12.969696,77.593738
12.968296,77.646173
13.004001,77.582804
12.978416,77.59049
12.930765,77.574625
13.002982,77.587365
12.921502,77.585579
12.965371,77.64699
12.931489,77.553713
12.977455,77.562614
12.977642,77.562221
12.957526,77.602695
13.002494,77.552729
12.979673,77.555802
12.982259,77.643852
12.980246,77.628078
12.942242,77.57537
12.93537,77.551655
12.93156,77.60337
12.977881,77.568635
12.929476,77.560577
12.995641,77.562032
12.975762,77.65886
12.927343,77.561629
12.921098,77.5811
12.932533,77.557238
12.974416,77.639994
12.962223,77.657267
13.005986,77.549824
12.973154,77.649644
12.991936,77.650429
12.926201,77.588303
12.980892,77.652505
12.978186,77.574603
13.013534,77.574984
12.912892,77.582428
12.942887,77.581506
12.968756,77.623604
12.912925,77.6163
13.020562,77.574882
12.97322,77.650388
12.95342,77.546143
12.981386,77.578683
12.982848,77.55151
12.925144,77.565449
12.952548,77.655472
12.936493,77.601617
12.977821,77.549621
12.970908,77.623971
12.957362,77.617408
12.983307,77.547904
12.999701,77.5991
13.003587,77.565224
12.970468,77.571192
12.941896,77.573645
12.97255,77.577514
12.973481,77.563061
12.973261,77.581737
12.992576,77.637176
12.949043,77.633932
12.98193,77.571408
12.949437,77.609763
12.996189,77.572328
12.925831,77.554445
12.994264,77.589341
12.980388,77.666433
12.943752,77.605346
12.975387,77.624214
12.999791,77.58753
12.968834,77.632433
12.996803,77.588984
12.998831,77.587382
13.001954,77.581943
12.971642,77.596335
13.014357,77.64553
12.978395,77.552134
13.003348,77.572062
12.973644,77.643163
12.976487,77.565516
12.991064,77.581529
13.002398,77.549702
12.939425,77.59227
12.990378,77.571646
12.995005,77.584426
12.979674,77.584021
12.979613,77.625155
12.987258,77.58629
13.011,77.555079
12.914447,77.580376
12.985006,77.567306
12.977536,77.560273
12.974044,77.665263
12.957151,77.545497
12.959958,77.615065
12.960047,77.566668
12.990792,77.581622
12.946876,77.620392
12.986333,77.575077
12.955812,77.638951
12.984774,77.633286
12.968131,77.628522
12.978195,77.624476
13.02807,77.616651
12.98344,77.579363
13.017862,77.558409
12.937299,77.58811
12.998574,77.555258
12.971119,77.586155
12.976848,77.574077
12.999921,77.587149
12.981844,77.600803
12.968089,77.568677
12.995337,77.645826
13.003844,77.587214
13.005278,77.582132
12.918959,77.590506
12.979728,77.648085
12.927906,77.566439
12.984137,77.663999
12.937593,77.591794
12.953037,77.585712
12.984181,77.578566
12.997973,77.585062
12.985732,77.583457
12.967976,77.629364
13.000899,77.636046
12.951588,77.675254
13.017024,77.549065
12.981134,77.546794
12.983395,77.645169
12.981667,77.587712
12.916181,77.59092
12.936705,77.577804
12.960233,77.556717
12.976983,77.549786
12.992039,77.594711
13.01207,77.571453
12.933274,77.569385
12.981031,77.563339
12.941972,77.582403
13.023952,77.561554
12.957048,77.641108
12.96411,77.56628
12.976498,77.591354
12.963199,77.642144
12.94525,77.563658
12.963876,77.613844
13.00994,77.635971
12.931124,77.581849
12.945974,77.574787
12.975397,77.580039
12.986791,77.571091
12.970322,77.579817
12.983981,77.634616
12.991173,77.603296
13.011083,77.532423
12.934453,77.563717
12.963983,77.600705
12.980292,77.572422
12.945336,77.586274
12.984209,77.573784
12.93665,77.57754
12.992751,77.580526
12.984672,77.567528
12.984325,77.591282
12.996565,77.550404
12.969089,77.637443
12.944723,77.584418
12.986169,77.652583
12.986718,77.56915
12.976513,77.576271
12.917672,77.587665
13.000463,77.581686
12.957222,77.635594
12.939645,77.565333
12.993791,77.665669
12.928482,77.550462
13.005743,77.578754
12.99066,77.5758
12.968175,77.563563
13.006988,77.557884
12.988507,77.635537
12.984966,77.657046
12.999782,77.639794
12.98219,77.576351
12.956554,77.577038
12.994363,77.558223
12.9632,77.568127
12.969,77.649082
12.962114,77.585596
13.005762,77.566169
12.970985,77.584013
12.971632,77.648154
12.987332,77.574846
12.966957,77.59709
12.971402,77.562259
12.974921,77.571473
12.955945,77.565311
12.914965,77.539466
12.981289,77.628687
12.962081,77.585633
12.970045,77.637848
12.969854,77.645851
12.990461,77.555387
12.980348,77.651117
13.004733,77.577538
13.002032,77.585317
12.979236,77.560084
13.001422,77.584461
12.991861,77.584408
12.952067,77.566651
12.941249,77.554475
13.004474,77.571826
12.940571,77.586881
12.952947,77.571153
13.00597,77.626806
12.979033,77.642308
12.915086,77.591442
12.981457,77.58793
12.984444,77.625144
12.967324,77.661976
12.985114,77.583329
12.952422,77.591864
12.993276,77.559084
13.008928,77.573624
12.984772,77.552327
12.992442,77.658396
12.932143,77.577208
13.019829,77.571387
12.962897,77.670563
12.973124,77.568327
12.929213,77.572175
12.991051,77.593464
12.976175,77.582176
12.973896,77.666065
13.012173,77.546703
12.920502,77.563191
12.972749,77.582283
13.036158,77.567924
13.006522,77.611135
12.977286,77.57206
12.946759,77.57345
12.92837,77.594056
12.934899,77.600721
12.97762,77.605204
12.977664,77.55158
12.918892,77.577186
12.942914,77.579537
12.98306,77.59391
12.932355,77.557922
12.949675,77.567453
12.966054,77.566345
12.948569,77.599528
12.998187,77.540407
12.975312,77.657287
13.005836,77.667896
12.974772,77.564715
12.998992,77.574813
13.006382,77.590483
12.98106,77.57753
12.960341,77.603451
12.937371,77.571198
12.923718,77.575936
12.981006,77.656879
13.027465,77.587003
12.975765,77.585722
12.918113,77.599547
12.943868,77.584275
12.996847,77.553382
13.000743,77.664045
12.964932,77.567105
12.981006,77.585559
12.990565,77.582629
12.954767,77.573358
12.981322,77.576267
12.931342,77.579352
12.960643,77.565321
12.918145,77.55674
12.912403,77.593058
12.96962,77.625379
12.983852,77.562447
12.987329,77.648636
12.970318,77.597309
12.920231,77.58145
12.982433,77.590192
12.939046,77.576429
12.979408,77.550882
12.985086,77.573415
12.991971,77.56225
12.918654,77.556676
12.923564,77.594516
12.971938,77.568708
12.978055,77.591853
13.002356,77.568219
12.969206,77.601078
12.95864,77.569687
12.987721,77.562978
12.993108,77.574764
12.944645,77.565623
12.951721,77.575883
12.928427,77.600998
12.981612,77.553814
12.977885,77.632966
12.933082,77.573091
12.96225,77.581764
12.951146,77.537907
12.96974,77.642413
12.973012,77.63789
12.98537,77.585787
12.989931,77.573369
13.00348,77.664135
12.912067,77.578595
12.971287,77.589278
12.920082,77.549001
12.983818,77.633842
12.945041,77.599487
13.008856,77.592288
12.984753,77.580947
12.967125,77.590091
12.961759,77.570824
12.972743,77.625371
12.929593,77.591571
12.943055,77.581554
13.003494,77.573905
12.979365,77.636858
12.957026,77.558792
12.985647,77.568267
12.943258,77.587793
12.936946,77.593858
12.999171,77.570515
12.966311,77.563815
12.986658,77.545462
12.975135,77.583073
12.996849,77.555355
12.974464,77.623629
13.003731,77.59029
12.971503,77.563307
12.980694,77.590558
12.946777,77.584288
12.952215,77.634089
12.982961,77.639382
12.952622,77.645229
12.989827,77.583287
12.985277,77.64416
12.951536,77.550781
13.007464,77.574869
13.030449,77.56234
12.947178,77.586753
12.975791,77.556639
12.912702,77.576194
13.000455,77.567112
12.980803,77.56269
12.987228,77.581474
12.940518,77.601391
12.974173,77.565152
12.991733,77.564369
12.997405,77.584302
12.990224,77.578397
12.999267,77.651787
12.976678,77.597228
12.952748,77.549319
12.911884,77.599846
12.923619,77.566822
12.98042,77.568683
12.992776,77.602582
12.932373,77.582496
12.972054,77.58303
12.985457,77.582102
12.981502,77.59187
12.98892,77.619196
12.993757,77.626755
12.974404,77.586986
12.97665,77.556413
12.929723,77.578964
13.006972,77.574871
12.982709,77.591708
12.993636,77.628534
12.984202,77.647695
12.967286,77.575409
12.975405,77.590082
12.98773,77.581903
12.979572,77.549051
12.993204,77.619933
12.98065,77.5528
12.997336,77.629445
13.000016,77.626103
12.965996,77.572913
12.969081,77.633267
12.978152,77.571056
12.970637,77.595553
12.926775,77.602859
12.912906,77.566494
12.979854,77.650881
12.979422,77.595712
12.958111,77.572214
12.98667,77.638769
12.975199,77.598337
12.919316,77.593017
12.984375,77.597885
12.933052,77.603642
12.972446,77.58211
12.972222,77.56717
12.995696,77.57304
12.976474,77.587305
12.957233,77.654586
12.996448,77.648859
12.967075,77.558369
12.989488,77.62099
12.980473,77.567736
12.956335,77.637483
12.928249,77.576566
12.98048,77.566015
12.96344,77.628358
12.977331,77.603307
13.022471,77.577916
12.983285,77.657881
12.989781,77.562814
12.982095,77.63447
12.969005,77.637715
12.977492,77.630412
12.954937,77.653236
12.97219,77.605969
12.987967,77.573224
12.973077,77.65036
12.991606,77.640618
12.974996,77.560829
12.976872,77.571712
13.00366,77.587202
12.996688,77.581837
12.980197,77.641047
13.004941,77.571593
12.97842,77.57502
13.00738,77.560538
12.981628,77.573826
12.980096,77.567898
13.009863,77.567827
12.966428,77.5824
12.914389,77.591204
12.968616,77.567257
12.928158,77.622555
12.988902,77.577509
12.924216,77.598378
12.911849,77.628707
12.962661,77.595795
12.985359,77.576588
12.918494,77.607472
12.960781,77.601013
12.912366,77.574016
12.994012,77.641893
12.984139,77.649692
12.954527,77.592158
12.976158,77.584387
12.974398,77.577518
12.986614,77.581364
12.97764,77.638563
12.993389,77.590447
12.972218,77.566487
12.977522,77.585435
12.977791,77.633881
12.919708,77.626669
12.924771,77.600391
13.002631,77.623366
12.972135,77.569282
12.992024,77.540902
12.985507,77.636549
13.006191,77.562284
12.968474,77.636431
12.958901,77.566414
13.00676,77.576936
12.930198,77.605677
12.956189,77.6044
12.96884,77.586724
12.999119,77.576018
12.971789,77.634317
12.990226,77.609423
12.973341,77.626544
12.957262,77.581544
12.975799,77.591897
12.957242,77.58585
12.964182,77.574104
13.023492,77.571757
12.95463,77.565139
12.948814,77.563422
12.960121,77.581308
12.979208,77.564631
12.942258,77.596868
12.943505,77.580865
12.977386,77.630372
12.973371,77.645519
13.006402,77.540729
12.924152,77.62091
12.975873,77.555436
12.9888,77.637309
12.982634,77.582258
12.965212,77.586771
13.005257,77.559909
12.971619,77.571299
12.988432,77.636702
12.995232,77.604433
13.008955,77.568361
12.937576,77.548526
12.939797,77.580106
12.979641,77.617768
12.986129,77.594944
12.93365,77.603903
12.976848,77.574077
13.022362,77.579751
12.926252,77.587002
12.965766,77.654064
12.983465,77.581282
12.91987,77.574701
12.969301,77.638135
12.982831,77.56874
12.975716,77.570517
12.984436,77.64135
12.973267,77.572356
13.003745,77.571626
12.967574,77.660177
12.945778,77.607299
12.989225,77.590296
12.972436,77.560191
12.975171,77.572326
12.973795,77.578063
13.003391,77.581712
12.965968,77.57469
12.929697,77.59046
12.982784,77.589509
12.979425,77.592169
12.996586,77.566051
12.970227,77.561586
12.976483,77.557052
12.966349,77.567986
12.949461,77.5617
12.967416,77.63427
12.952478,77.568547
12.986693,77.575599
12.990488,77.63705
12.955491,77.565716
12.977067,77.564559
12.913645,77.616918
12.97233,77.643423
12.965581,77.574652
12.979522,77.572219
12.994657,77.589754
12.961856,77.583514
12.97164,77.62817
12.977338,77.570539
12.969481,77.612666
13.013622,77.581492
12.972097,77.575943
12.955911,77.581546
12.970655,77.633493
12.979189,77.572345
12.979,77.564873
12.927614,77.550997
12.936258,77.553689
12.973997,77.648276
13.01093,77.568598
12.963759,77.584714
12.962667,77.577036
12.986942,77.572315
12.994056,77.649158
12.979419,77.580409
12.982485,77.662856
13.009021,77.594265
12.976312,77.633996
12.982665,77.643256
12.978727,77.650018
12.989986,77.578493
12.986254,77.582654
12.97865,77.652995
12.994605,77.549585
12.926371,77.567378
12.986187,77.572954
12.949625,77.553735
12.968423,77.648135
12.977121,77.650051
12.971746,77.655726
12.934242,77.551955
12.982387,77.618689
12.976311,77.644793
12.983281,77.568095
13.027729,77.595229
12.973345,77.617068
12.910234,77.595245
12.96476,77.635035
12.990146,77.539014
12.979708,77.579102
12.945848,77.561221
12.918639,77.57016
12.997307,77.641364
12.980588,77.596771
12.957223,77.560477
12.960404,77.567074
12.988062,77.568997
12.960357,77.629553
12.97299,77.561181
12.990273,77.654746
12.972493,77.563609
12.975721,77.58837
12.968755,77.550492
13.013585,77.551852
12.969798,77.63852
12.943068,77.576437
12.998524,77.583618
12.97162,77.591074
12.975007,77.541632
12.969519,77.600027
12.99901,77.573679
12.959587,77.585011
12.981921,77.559238
12.950958,77.649
12.933184,77.572127
12.972444,77.569683
12.946511,77.656647
12.974608,77.560808
12.955891,77.584497
12.938433,77.590247
12.952627,77.606014
12.962215,77.615047
12.942249,77.580388
12.992174,77.569066
12.974491,77.564874
12.953622,77.564317
12.986627,77.574682
12.971614,77.570273
12.992297,77.575324
12.980444,77.564448
12.973394,77.598985
12.970417,77.589326
12.940797,77.576479
12.978869,77.587434
12.953685,77.597387
12.927,77.611071
12.992886,77.583442
12.936384,77.5544
12.977508,77.657742
12.975189,77.546784
12.967011,77.60045
13.007439,77.593252
12.911681,77.578358
12.983239,77.557591
12.919259,77.586749
12.977754,77.653181
12.979578,77.566163
13.000367,77.579115
12.977527,77.633303
12.923981,77.589796
12.994212,77.576691
12.982376,77.591212
12.980994,77.587707
12.938922,77.577247
12.918218,77.566212
12.965276,77.576812
12.987984,77.60373
12.967661,77.630764
12.987584,77.556654
12.956569,77.626919
12.958939,77.5885
12.985634,77.565894
12.970412,77.668798
12.991122,77.635425
12.968827,77.559791
12.98476,77.666079
12.94824,77.578831
12.97222,77.562332
12.941581,77.565691
12.958471,77.589214
12.984298,77.543154
12.976044,77.581861
12.921584,77.591657
12.978052,77.607987
12.989227,77.599034
12.991681,77.568977
12.973822,77.662297
12.986166,77.579652
12.974035,77.617915
12.954755,77.590833
12.949901,77.567021
12.962566,77.601359
12.936213,77.578577
12.93228,77.569968
12.995329,77.588088
12.971205,77.580893
12.929025,77.572119
12.985062,77.570809
12.931901,77.556277
12.915217,77.569035
12.987773,77.571379
12.961892,77.640095
12.975402,77.651045
12.936871,77.567641
12.944494,77.580634
12.99939,77.563662
12.969282,77.560791
13.016601,77.567845
12.963593,77.601327
12.953166,77.595158
12.983536,77.573847
12.992369,77.625508
12.948344,77.558955
12.991604,77.643165
12.982066,77.591935
12.956318,77.630505
12.980164,77.612352
12.992891,77.640284
12.975337,77.633811
13.014592,77.58052
12.967643,77.577176
12.915721,77.572468
12.951516,77.635381
12.944463,77.580675
12.983079,77.562764
12.947831,77.584184
12.924786,77.579683
12.981136,77.640576
12.970116,77.667086
13.020403,77.56464
12.969977,77.621423
12.949475,77.594254
12.926007,77.573508
12.918595,77.543199
12.976852,77.573055
13.00445,77.569156
12.990856,77.568336
12.998295,77.586617
12.960648,77.659923
12.958903,77.631831
12.96863,77.593971
12.982987,77.562299
12.970189,77.58412
13.004109,77.652152
12.986017,77.645412
12.990433,77.576441
12.979945,77.666303
12.966731,77.637869
12.962157,77.638725
12.981241,77.571392
12.995733,77.574795
12.995087,77.564397
12.96993,77.623206
12.946871,77.583684
13.00802,77.584772
12.967787,77.605789
12.9767,77.561087
12.985759,77.582895
12.992891,77.574434
12.971987,77.554641
13.005188,77.599339
12.967432,77.573176
12.963548,77.635803
12.984637,77.653357
12.972813,77.579368
13.016393,77.581674
12.98971,77.652654
12.97186,77.65598
12.983614,77.629439
12.988941,77.57308
12.978533,77.56909
12.965494,77.601514
12.973515,77.572128
12.961923,77.58175
12.983235,77.574562
12.976475,77.589634
12.980518,77.671899
12.964676,77.566222
12.997665,77.559008
12.979041,77.626153
12.987201,77.578164
12.985926,77.58332
12.96824,77.567179
12.96868,77.563325
12.985898,77.561748
12.963916,77.567049
12.913134,77.603186
12.987855,77.66312
12.984051,77.582134
12.961366,77.664879
12.934377,77.58457
12.977846,77.646834
12.978915,77.567698
12.998754,77.60074
12.981744,77.566497
12.943756,77.568585
12.990801,77.601518
12.950164,77.600643
12.93112,77.606961
12.960783,77.668899
12.981556,77.573241
12.958515,77.581057
12.978144,77.591831
12.981244,77.591069
12.967713,77.588382
12.992276,77.567115
12.980136,77.587466
12.916508,77.601554
12.959707,77.574204
12.979277,77.564809
13.008057,77.599295
12.946508,77.554897
13.003941,77.591197
12.934702,77.573599
12.953755,77.57274
12.972595,77.626375
12.998555,77.643621
12.969349,77.651742
12.967091,77.583986
12.9618,77.5656
12.990414,77.580014
12.977178,77.65669
12.926034,77.56637
12.963279,77.573955
12.951985,77.593698
12.960617,77.55286
12.980887,77.581814
12.978306,77.565758
12.959211,77.584566
12.971621,77.64986
12.990548,77.62958
12.977755,77.555382
13.001642,77.581987
12.9458,77.545619
12.964817,77.578463
12.968111,77.569762
13.001764,77.641004
12.995036,77.571158
12.978612,77.605289
12.964321,77.631972
12.984379,77.579898
12.98889,77.569268
12.97754,77.574984
12.962818,77.646705
12.924282,77.604983
12.961339,77.648937
12.960297,77.647911
12.916368,77.560791
13.003814,77.572717
12.932736,77.596875
12.969155,77.558558
12.963367,77.56065
12.980989,77.639737
12.967993,77.649238
12.99603,77.557643
13.006669,77.615795
12.917349,77.581419
12.977013,77.595244
12.960057,77.577316
12.975322,77.553353
12.944693,77.55552
12.920679,77.57237
12.984706,77.641147
12.95436,77.593896
12.970189,77.595444
13.003179,77.562095
12.977856,77.574322
12.920338,77.58565
12.952771,77.654118
12.980904,77.57896
12.995701,77.58004
12.913524,77.602852
13.001896,77.573814
13.009242,77.615685
12.964674,77.631326
12.972047,77.642596
12.969176,77.582002
12.912138,77.569577
13.005771,77.564437
12.98361,77.574503
12.994225,77.628764
12.966604,77.555327
12.931721,77.583447
12.985521,77.645488
12.990177,77.635081
13.004449,77.564508
12.958248,77.55862
12.974309,77.641573
12.962879,77.583793
12.979975,77.57424
12.976238,77.575408
12.960055,77.573525
12.977658,77.575401
12.984195,77.644091
12.992249,77.533887
13.001102,77.56338
13.006998,77.576581
13.002279,77.575264
12.967209,77.640182
12.957551,77.592884
12.973347,77.601561
12.978443,77.594154
13.005917,77.636893
12.970103,77.56279
12.951715,77.587707
12.968201,77.638333
12.966982,77.642892
12.987897,77.577943
12.979867,77.584475
12.976558,77.590248
12.952024,77.562924
12.975786,77.640935
12.949729,77.649119
12.992093,77.598958
12.959603,77.570116
12.92575,77.607348
12.970442,77.582277
12.957594,77.574503
12.963451,77.590482
12.972494,77.577041
12.967563,77.592793
12.931923,77.612543
12.923684,77.598614
12.96197,77.61175
12.964251,77.591548
12.983372,77.573757
12.977112,77.571224
13.003077,77.56242
12.965685,77.568682
12.974729,77.585445
12.988987,77.592347
13.002978,77.548511
12.968186,77.588453
12.911148,77.571754
12.981801,77.569735
12.984059,77.579657
12.935322,77.586416
12.9987,77.5892
12.953785,77.626657
12.963689,77.624906
12.953972,77.576712
12.970247,77.585389
12.951727,77.58951
12.9748,77.56834
13.000674,77.541178
12.958962,77.592526
12.972763,77.560774
12.986718,77.62984
12.935701,77.595472
12.962726,77.635084
12.956586,77.576538
12.922481,77.58772
12.985596,77.560423
12.959449,77.550317
12.969411,77.637715
12.981904,77.58232
12.994011,77.548408
13.02537,77.583791
13.00278,77.672573
12.977675,77.624756
12.931493,77.578438
12.943848,77.568149
12.91169,77.598437
12.927055,77.584347
12.986175,77.557448
13.001031,77.585257
12.999111,77.569585
12.921425,77.566044
12.912159,77.571413
12.973288,77.589213
12.935952,77.550143
12.983873,77.642471
12.911319,77.60431
12.993712,77.673316
12.939746,77.584096
12.989331,77.56628
12.993993,77.65276
12.948197,77.564096
12.981269,77.646799
12.958359,77.660953
13.002588,77.586281
12.941986,77.597981
12.993696,77.593007
12.974006,77.560311
13.002919,77.586095
12.991614,77.625708
12.973831,77.562346
12.922308,77.546921
12.983638,77.638233
12.918108,77.58835
12.951469,77.575972
12.975492,77.583128
12.989435,77.599422
13.006926,77.576894
12.982475,77.567966
12.931082,77.579302
12.992631,77.565457
12.971519,77.597789
12.97204,77.585143
12.94945,77.567257
12.961277,77.5641
12.995615,77.542592
13.019845,77.570413
12.980852,77.568609
12.968839,77.582824
12.977115,77.553719
12.931814,77.584891
12.966644,77.566698
12.967462,77.660074
12.984398,77.587081
12.946351,77.550138
12.936246,77.582333
13.009322,77.575928
12.915572,77.552807
13.01435,77.57117
12.92145,77.615021
12.97838,77.622498
12.968897,77.591852
12.9744,77.57314
12.970151,77.570341
12.979058,77.58657
12.989434,77.572032
12.986147,77.5581
12.956444,77.573139
12.990444,77.578676
12.986632,77.542503
12.960307,77.555613
13.029884,77.543193
12.971491,77.646069
12.97566,77.57321
12.950936,77.650563
12.996206,77.566441
12.994535,77.571668
13.011947,77.570641
13.010553,77.60328
12.939384,77.616162
12.95865,77.585956
12.980879,77.586368
12.911412,77.614995
12.986574,77.581312
12.930748,77.573376
12.910023,77.574355
12.966356,77.607368
12.960571,77.580714
12.950557,77.630945
12.989063,77.574527
12.968913,77.587583
12.938217,77.592206
13.0168,77.577681
12.929682,77.579698
13.003816,77.586626
12.92294,77.620244
12.982382,77.615799
12.9937,77.566708
12.913521,77.600309
12.930669,77.589663
12.958838,77.569119
12.991966,77.53986
12.977002,77.634423
12.98317,77.645125
12.99795,77.570808
12.990738,77.654829
12.954136,77.569499
12.972492,77.629235
12.979005,77.582669
12.957244,77.555633
12.966213,77.565073
12.984439,77.588798
12.919852,77.603794
12.987487,77.666874
12.93665,77.57754
12.976695,77.591689
12.971186,77.659264
12.934644,77.578507
12.980196,77.560605
12.959012,77.584958
12.94349,77.587863
12.99051,77.647099
13.000686,77.627218
13.003127,77.588572
12.982801,77.570606
12.985075,77.582206
12.935358,77.619206
12.965045,77.57841
13.016585,77.548275
12.959969,77.557849
12.967867,77.660858
12.939152,77.591906
12.980279,77.576161
12.920003,77.603244
12.931844,77.561002
12.978719,77.556808
12.991717,77.585124
12.966676,77.567156
12.998283,77.636977
12.989222,77.577996
12.96556,77.584961
12.923643,77.579923
12.949907,77.552889
12.948002,77.586131
12.994681,77.569535
13.011194,77.587001
12.956362,77.6134
12.980387,77.648239
12.953153,77.649175
12.954196,77.586579
13.014522,77.549207
13.001409,77.634489
13.000273,77.556998
12.947467,77.58193
12.971811,77.578797
12.919406,77.618443
12.986325,77.558895
12.979252,77.555801
12.99876,77.578901
12.944964,77.600529
12.984454,77.569893
13.001307,77.557565
12.937757,77.58233
12.984976,77.597497
12.957813,77.611503
12.978892,77.596139
12.978513,77.589247
12.956571,77.580968
12.998254,77.576115
12.959889,77.599064
12.989636,77.566068
13.007088,77.572991
12.996226,77.566441
12.983795,77.587285
12.977869,77.565267
12.928805,77.591304
12.98324,77.657601
12.913052,77.573505
12.958186,77.568999
12.952837,77.635156
13.006323,77.662806
12.986802,77.631744
12.977468,77.56613
12.972008,77.601839
12.998079,77.580592
13.001942,77.573184
13.005923,77.551386
12.985636,77.596192
13.00385,77.574077
12.921173,77.57966
12.953417,77.567169
12.963789,77.570979
12.976777,77.677557
12.968662,77.597738
13.018674,77.575707
12.930913,77.580203
12.958076,77.590068
12.978188,77.567076
12.970905,77.672043
12.953161,77.562098
12.976479,77.650128
12.980246,77.628078
12.986234,77.589989
12.971397,77.569685
12.981074,77.553113
12.975783,77.641147
12.965148,77.610855
12.959821,77.594704
12.974304,77.649614
12.981173,77.584273
12.974443,77.655175
12.94521,77.577723
12.968585,77.557188
12.986136,77.56729
12.997532,77.58241
12.983255,77.569448
12.960047,77.577674
12.9847,77.558425
12.927876,77.57054
12.989228,77.597997
13.011279,77.567572
12.9707,77.559802
12.962377,77.574997
12.980025,77.582511
12.965145,77.576623
12.97264,77.555207
12.975143,77.58652
12.980694,77.590558
12.974621,77.556707
12.977438,77.627468
12.948713,77.582925
12.978139,77.577684
12.949019,77.645435
12.976644,77.547488
12.95817,77.562088
12.975711,77.651291
12.937831,77.548763
12.949259,77.543925
12.993236,77.592523
12.973427,77.649804
12.987479,77.578021
12.966448,77.544281
13.019932,77.577716
12.92093,77.580716
12.95885,77.570677
12.991769,77.632738
12.989162,77.573644
12.935773,77.572149
12.996068,77.582835
13.004605,77.568586
12.955751,77.626262
12.998101,77.556699
12.927538,77.566742
12.953075,77.621679
13.004001,77.582804
12.91636,77.563128
12.913524,77.602852
12.995445,77.593896
12.96414,77.550044
12.922549,77.58267
12.988111,77.585991
12.986137,77.604717
12.927397,77.560271
12.970988,77.601209
12.977465,77.641791
12.997232,77.607428
12.954563,77.573704
12.95621,77.588046
12.990486,77.564981
13.011329,77.578906
12.91941,77.594481
12.955055,77.650686
12.992012,77.603827
12.990777,77.568936
12.975132,77.559016
12.996227,77.679423
12.970844,77.561843
12.969106,77.561294
12.992975,77.621596
12.944648,77.591368
12.977502,77.565125
12.914897,77.602036
13.002633,77.551169
12.979923,77.651925
12.986643,77.608248
12.925737,77.587459
12.941823,77.620154
12.914997,77.550058
12.996626,77.593526
13.001438,77.574165
12.963189,77.553848
12.919835,77.574394
12.991268,77.632933
12.999536,77.568736
12.986875,77.56883
13.011225,77.555409
12.972073,77.570813
12.978258,77.569295
12.96434,77.643831
13.014712,77.556382
12.990069,77.583863
12.965079,77.58079
12.976613,77.565972
12.998757,77.601832
12.981532,77.580792
12.977666,77.557072
13.034352,77.580621
12.948468,77.589559
12.971185,77.563168
13.008182,77.592553
12.931295,77.601477
12.978413,77.635024
12.990296,77.590246
12.977442,77.632593
12.923509,77.586002
13.000806,77.570307
12.988957,77.577938
12.975077,77.645794
12.974307,77.551261
12.961016,77.590744
12.960769,77.653874
12.928619,77.541941
12.915147,77.581316
12.957197,77.606599
12.976869,77.5807
13.000542,77.570312
12.992092,77.579551
12.932615,77.585838
12.960137,77.581423
12.937081,77.598323
12.988136,77.578171
12.96348,77.58815
12.96963,77.627936
12.976424,77.570625
12.987287,77.553715
12.982357,77.565811
12.993976,77.567047
12.977873,77.638034
12.972062,77.572621
12.998844,77.570447
12.95478,77.560291
12.925947,77.555827
12.942708,77.577415
13.013993,77.560372
12.927514,77.585826
12.924509,77.574177
12.99532,77.549066
13.006685,77.558028
12.975382,77.642005
12.969918,77.663001
12.969224,77.587215
12.977405,77.575042
12.998273,77.575903
12.975572,77.637443
12.921725,77.591704
12.98912,77.587174
12.982803,77.585864
12.974749,77.661481
12.959732,77.626973
13.01685,77.592709
12.986625,77.57369
12.993491,77.584199
12.982515,77.583774
12.994171,77.578901
12.979602,77.633153
12.989673,77.619829
12.991966,77.53986
13.008126,77.551714
12.9677,77.588517
12.97644,77.572095
13.004262,77.560048
12.970197,77.630338
13.015253,77.658024
12.950528,77.601426
12.912549,77.583825
12.99135,77.574974
12.964448,77.572366
12.972007,77.591129
12.976791,77.628923
13.022564,77.548569
13.014056,77.640757
12.961389,77.5556
12.986413,77.56107
12.978793,77.565348
13.012872,77.559795
12.959587,77.576934
12.943927,77.570122
13.011779,77.594189
12.954002,77.587855
12.989831,77.579392
13.011106,77.5537
12.988814,77.579595
12.982586,77.642879
12.99015,77.616877
12.967027,77.574377
13.03213,77.5476
12.955113,77.570623
12.993178,77.570095
13.012946,77.562353
12.979235,77.636009
12.99976,77.597075
12.95839,77.582778
12.974057,77.599846
12.969413,77.584042
12.993785,77.570389
12.992611,77.563604
12.914407,77.569988
12.959562,77.584869
12.957558,77.574155
13.016728,77.556196
12.921401,77.598146
12.940029,77.589321
12.980288,77.647273
12.958788,77.642755
13.002865,77.57919
12.986955,77.578077
12.915727,77.590252
12.965606,77.542801
12.982756,77.60906
12.970257,77.650857
12.993574,77.523267
12.972229,77.631491
12.971041,77.650834
12.977729,77.56604
12.99449,77.630338
12.924648,77.579064
12.974168,77.569271
13.000113,77.673693
12.973824,77.644885
12.978997,77.582232
12.927766,77.586948
13.000693,77.646964
13.006451,77.583669
12.969879,77.654092
12.986719,77.562878
12.987645,77.642428
12.974257,77.565668
12.977491,77.570772
12.991832,77.544588
12.964674,77.573508
12.972771,77.573853
12.931878,77.578632
12.983816,77.567473
12.984539,77.573959
12.950754,77.641312
12.940499,77.568361
12.999256,77.562571
12.915678,77.562731
12.993453,77.579476
12.986269,77.627824
12.971715,77.629878
12.979789,77.635302
12.981974,77.631907
12.949772,77.592825
12.931988,77.579585
13.014225,77.576084
12.972567,77.56997
12.930246,77.589687
12.966205,77.628858
12.964115,77.565937
12.922103,77.639855
12.972469,77.586148
12.964077,77.554679
12.984899,77.565129
12.986983,77.575397
12.927821,77.569447
12.995592,77.565524
12.971644,77.634129
12.984899,77.543336
12.986729,77.576746
12.971829,77.541913
13.01722,77.547072
12.999101,77.588446
12.977735,77.551179
12.980006,77.567869
12.968559,77.652094
12.999582,77.571277
12.982102,77.64708
12.961928,77.626521
12.91839,77.576139
12.950565,77.638071
12.936233,77.600528
12.917847,77.567664
12.982731,77.644029
12.976019,77.640774
12.985386,77.562172
12.978813,77.576188
12.97824,77.632912
12.9281,77.589458
12.987372,77.593071
12.969301,77.643708
12.996101,77.673241
12.969159,77.657497
12.998851,77.639334
13.016683,77.552847
12.964812,77.546857
12.948614,77.561004
12.987713,77.59385
12.978771,77.577366
12.977842,77.574398
12.965795,77.575649
12.921519,77.576416
12.92349,77.619031
12.996205,77.645375
12.944343,77.572506
12.999112,77.573008
12.976139,77.576728
12.978284,77.558417
12.976014,77.589867
12.992887,77.558016
12.928483,77.557656
12.92876,77.595047
12.968704,77.645327
12.96097,77.575372
12.983679,77.580381
12.974999,77.645213
12.955701,77.617837
12.984421,77.659951
12.949393,77.653335
13.018629,77.529509
12.931092,77.575262
12.942758,77.567918
12.961107,77.642026
12.949901,77.567021
12.963407,77.630825
12.977431,77.589972
12.984155,77.582337
12.973444,77.581107
12.942738,77.579558
12.941676,77.57632
12.990139,77.602406
12.982105,77.561001
12.978299,77.558538
13.00385,77.574077
12.977269,77.561096
12.923647,77.573646
12.966025,77.550257
12.98434,77.56099
12.962545,77.639103
12.940502,77.589894
12.995983,77.563359
12.986472,77.573871
13.002293,77.569347
12.936273,77.56042
12.992413,77.564342
12.946557,77.611948
12.997788,77.560242
13.01604,77.555774
12.934032,77.581821
12.981972,77.577727
12.959171,77.549544
12.920391,77.621828
13.005356,77.627022
12.953263,77.557904
12.999013,77.566146
12.986124,77.612817
12.946562,77.630165
12.972521,77.632939
12.96787,77.647057
12.955502,77.579753
12.985231,77.655399
12.984959,77.648867
13.005746,77.583918
13.015371,77.5678
12.914811,77.572555
12.95429,77.556447
12.954458,77.580839
12.962385,77.629982
12.965909,77.652567
12.985085,77.589509
12.970393,77.660352
12.923457,77.612298
13.002713,77.558268
12.99979,77.564935
13.017719,77.553291
12.936967,77.586878
13.005994,77.569268
13.011038,77.553218
12.979893,77.649908
12.931992,77.566516
12.979982,77.566959
12.978723,77.637439
12.993187,77.594069
13.014357,77.64553
12.912189,77.528297
12.958127,77.590216
12.931831,77.560843
13.01244,77.582266
12.933696,77.616645
12.975367,77.571901
12.966006,77.561112
12.967871,77.576027
12.990378,77.575256
12.968015,77.565308
12.997181,77.577989
12.97977,77.634456
12.92084,77.564351
12.974349,77.57577
12.939821,77.584138
12.952116,77.554485
12.956283,77.632424
12.958568,77.658281
13.003071,77.551998
12.970814,77.587619
12.969922,77.678626
12.968198,77.530744
12.980594,77.582857
12.948821,77.564375
12.964674,77.573508
12.932608,77.574093
12.96357,77.635933
12.99547,77.57187
12.951849,77.605426
12.998752,77.54849
12.987275,77.59226
13.016586,77.559017
12.966391,77.579449
12.997164,77.646626
12.971063,77.671018
12.970378,77.593031
12.961209,77.559607
12.934787,77.579379
12.936789,77.575124
12.979745,77.627601
13.020399,77.550525
12.955733,77.576983
12.968058,77.618614
12.968457,77.641104
12.930018,77.598197
13.014722,77.558528
12.981308,77.626482
12.972609,77.637398
12.978377,77.580028
13.009177,77.577768
12.984194,77.586985
12.973241,77.621375
12.970449,77.622459
12.982772,77.565632
12.998826,77.580951
12.937026,77.551782
12.93273,77.585532
12.991792,77.554233
13.003566,77.571737
12.98356,77.661808
12.995867,77.572817
12.985839,77.593394
12.923706,77.614655
12.967236,77.550798
12.965804,77.556402
12.95037,77.584216
12.983616,77.565154
12.967722,77.625076
12.971082,77.569389
12.990141,77.6075
12.982659,77.583767
12.92165,77.605293
12.96868,77.563325
12.983661,77.551889
12.973925,77.571794
12.972438,77.583172
12.964754,77.635709
12.911466,77.565849
12.975242,77.56068
12.998743,77.55686
12.97146,77.602682
12.995596,77.601814
12.960088,77.604566
12.980664,77.572326
12.93665,77.57754
12.913155,77.593881
12.95871,77.55395
13.009562,77.572359
12.985535,77.65883
12.984961,77.589896
12.960303,77.560667
13.015096,77.592179
13.007267,77.56886
13.011073,77.563294
12.984176,77.646814
12.953801,77.554157
13.019969,77.560534
12.989332,77.591413
13.002393,77.587489
12.979133,77.650078
13.000476,77.555813
12.978575,77.580022
12.982034,77.567906
12.98771,77.642143
12.946544,77.593163
12.992039,77.563734
12.989038,77.604989
12.952332,77.607006
12.988167,77.608351
12.982508,77.567794
12.911645,77.57654
12.964844,77.579309
12.953712,77.570828
12.988188,77.567187
12.985712,77.57248
12.949071,77.591075
12.955586,77.638872
12.979774,77.651315
12.98809,77.578715
13.009146,77.547687
12.93247,77.600224
12.971703,77.659286
12.97116,77.588707
12.945407,77.591465
12.938489,77.602948
12.910264,77.565062
12.983964,77.572543
13.011217,77.558418
12.9821,77.563995
13.011872,77.651404
12.976083,77.593878
12.954772,77.617309
12.973483,77.567192
12.95723,77.584367
13.010129,77.64155
12.915777,77.600048
12.948892,77.612955
13.015614,77.568794
12.969026,77.57501
12.99129,77.56671
13.001824,77.569737
12.970647,77.57719
12.988142,77.632172
12.999922,77.585744
12.968415,77.553676
12.937932,77.617729
12.975021,77.584048
12.987344,77.566365
12.984986,77.628387
12.982305,77.597862
13.000233,77.55885
13.008432,77.647341
12.94657,77.605974
13.019517,77.579212
12.927707,77.567843
12.97191,77.611758
12.928834,77.59755
12.978249,77.646121
12.973295,77.561525
12.982278,77.644852
12.997371,77.548429
12.970242,77.579493
12.976002,77.575363
12.983228,77.646049
12.988398,77.569487
12.950375,77.58337
12.999358,77.598342
12.935814,77.599686
12.986406,77.604181
12.974037,77.58242
12.974679,77.586229
12.990937,77.576776
12.970818,77.601382
13.019153,77.577039
13.027081,77.576694
13.002033,77.62923
12.922549,77.58267
12.947662,77.55
12.986129,77.57352
12.976648,77.571488
12.945452,77.594158
12.931146,77.568939
12.979307,77.572435
12.972305,77.577564
12.983713,77.560972
12.953494,77.599811
12.956235,77.571376
12.977331,77.554975
12.99037,77.586179
12.974588,77.57231
12.928691,77.574172
12.928552,77.57404
12.943359,77.58751
12.993231,77.564918
12.975721,77.580577
12.980279,77.576161
12.981217,77.563514
12.992466,77.535314
12.955193,77.604803
12.963279,77.573955
12.990402,77.59779
12.996063,77.577608
12.974138,77.637597
12.960341,77.66266
12.996367,77.595719
13.009786,77.57156
12.96139,77.582421
12.967677,77.583314
12.973293,77.561773
12.980527,77.559844
12.979267,77.542028
12.925057,77.583991
12.979211,77.587518
12.979087,77.579388
12.997555,77.554865
12.959339,77.600802
12.930219,77.615152
12.993598,77.635313
12.943525,77.597913
12.979615,77.57394
12.910608,77.589029
12.987637,77.653798
12.959803,77.557323
13.007781,77.570618
12.96193,77.554628
12.979015,77.578536
12.978225,77.581624
12.913225,77.616988
12.953628,77.565227
13.023907,77.575454
12.987611,77.649472
12.993184,77.593694
12.91041,77.57039
12.994984,77.642863
13.017964,77.566723
12.994649,77.529728
13.001267,77.648466
13.027223,77.547224
12.983649,77.623023
12.98179,77.592859
12.941188,77.57497
12.959747,77.577433
12.972823,77.55449
12.95758,77.604233
12.977335,77.621146
12.979829,77.56708
12.977194,77.610234
12.940281,77.599108
13.003386,77.579219
12.999095,77.63199
13.007115,77.556315
12.998131,77.615638
12.941865,77.593064
12.975989,77.560668
12.975764,77.581752
12.974469,77.579744
12.929256,77.561022
12.97176,77.592936
12.976787,77.568896
12.967113,77.582853
12.966762,77.589694
12.969375,77.636987
12.965827,77.554232
12.967732,77.55494
12.927328,77.547516
12.957511,77.638101
12.983303,77.576375
12.966487,77.601027
12.951448,77.568081
12.990702,77.652451
12.993694,77.564289
12.981057,77.646898
12.971789,77.634317
12.910856,77.580415
12.991509,77.569565
12.980758,77.541118
12.986281,77.638114
13.003714,77.569704
12.989592,77.628518
12.961296,77.631075
12.933549,77.558304
12.960076,77.580095
12.944545,77.560878
12.970046,77.664612
12.99384,77.590414
12.954996,77.567484
12.956395,77.565921
12.952556,77.597691
12.970595,77.632563
12.993235,77.638476
12.959455,77.57882
12.978976,77.627327
12.96703,77.584579
12.984938,77.559949
12.965589,77.583131
12.96159,77.577171
12.961229,77.61893
13.015533,77.566645
12.948704,77.575835
12.984069,77.63779
12.959812,77.561861
12.962406,77.574029
12.912847,77.600111
12.975308,77.587165
12.963495,77.563359
13.031603,77.552218
13.016816,77.653364
13.00377,77.625448
12.969765,77.554585
12.974591,77.584311
12.978676,77.572164
12.944955,77.601753
12.946185,77.580139
12.9992,77.666254
12.986271,77.56157
12.942905,77.624633
13.030386,77.556372
12.95711,77.546518
13.00616,77.65811
12.967872,77.627215
12.988921,77.636148
12.986466,77.560226
12.957878,77.574766
13.000871,77.639274
12.955288,77.581274
12.999108,77.643849
12.945067,77.580898
12.985423,77.584284
12.984846,77.572632
12.931273,77.557759
12.956693,77.621431
12.972231,77.642591
12.969544,77.577711
12.985746,77.550183
13.00888,77.563766
12.980701,77.648796
12.975082,77.565574
12.956594,77.575797
12.995848,77.570213
12.975108,77.583203
12.983586,77.640926
13.024551,77.594541
12.966688,77.585432
12.966982,77.562987
12.93321,77.575692
12.98617,77.666603
13.018717,77.591282
12.978403,77.580743
12.981915,77.601586
12.940834,77.632191
12.993123,77.591539
12.969126,77.551064
12.977524,77.582754
13.000757,77.56831
12.970266,77.580708
12.993933,77.574428
12.986388,77.592377
12.98917,77.574566
13.011101,77.577176
12.969089,77.563709
12.915975,77.566997
12.949708,77.573635
12.97515,77.570139
12.911038,77.582804
12.971257,77.57296
12.989098,77.570162
12.95652,77.575634
12.979651,77.596314
12.987534,77.649021
12.982811,77.619985
12.995468,77.65481
12.92867,77.580281
12.980601,77.579861
12.957362,77.650549
12.963714,77.658433
12.99852,77.577651
12.977364,77.589461
12.986301,77.665415
12.991859,77.574871
12.960604,77.564817
12.979333,77.571652
12.965039,77.662248
12.991331,77.549628
12.985658,77.633816
12.976892,77.597598
12.998688,77.604423
12.988294,77.557057
12.986258,77.564612
12.973871,77.591417
13.022213,77.587786
13.006302,77.565245
12.974244,77.563801
12.963433,77.565006
12.911032,77.613274
12.960057,77.577316
12.993838,77.63672
13.001312,77.570136
12.939957,77.583115
13.008224,77.569872
12.95342,77.546143
12.93492,77.574224
12.985493,77.569178
12.998258,77.564468
12.976153,77.637774
12.97263,77.650546
12.978809,77.579271
12.990714,77.583486
12.993955,77.588679
12.918427,77.604048
12.984654,77.655249
12.957338,77.645808
12.985015,77.569604
12.910125,77.585189
12.946156,77.572459
12.988981,77.572199
12.966572,77.565839
12.986179,77.638246
12.956261,77.577461
12.912597,77.607481
12.992734,77.561056
12.99101,77.584675
12.972682,77.650223
12.968811,77.647527
12.952978,77.586264
12.964692,77.582638
12.994034,77.577402
12.967803,77.580035
13.012244,77.58955
12.978409,77.56159
12.982045,77.620627
12.997257,77.580509
12.946777,77.584288
12.925295,77.556609
12.97997,77.576406
12.932769,77.574212
12.9823,77.660005
12.964407,77.653496
12.995085,77.569764
12.96689,77.560255
12.927229,77.564781
12.910703,77.629513
12.944864,77.549326
12.972774,77.590587
12.96549,77.647933
13.009811,77.585793
12.912127,77.571797
12.983298,77.556763
12.965039,77.662248
13.006323,77.662806
12.999052,77.556628
12.986025,77.57907
12.952555,77.613923
12.92817,77.592085
12.970261,77.575188
12.931537,77.578398
13.010989,77.56422
12.935221,77.566846
12.961277,77.5641
12.973006,77.599139
12.962145,77.573603
12.995512,77.632337
12.972037,77.569147
12.998946,77.533081
12.964488,77.557742
12.979738,77.578228
12.966876,77.561671
12.962666,77.63902
12.955075,77.583524
13.009293,77.559564
12.913563,77.557267
12.995325,77.58722
12.946468,77.604032
12.976922,77.599171
12.95116,77.587014
12.942905,77.624633
12.970095,77.590504
12.955977,77.625564
12.9708,77.585344
13.015654,77.569078
12.992997,77.566108
12.970541,77.569396
12.956391,77.585582
13.001615,77.594796
12.995615,77.568533
12.95912,77.583767
13.000692,77.577805
12.931208,77.583981
12.991047,77.579307
12.974643,77.641604
12.967379,77.564137
13.01173,77.572485
12.971565,77.634244
12.981334,77.622241
12.957534,77.590766
12.989823,77.572163
13.006476,77.566002
12.97151,77.570909
12.981495,77.57903
12.977485,77.583922
12.996906,77.622933
12.989363,77.598096
12.978204,77.647764
12.947963,77.579295
12.962511,77.569525
12.931905,77.603308
13.003991,77.5553
12.978395,77.657724
12.951298,77.637894
12.990378,77.575256
12.948008,77.57752
12.980891,77.550762
12.984803,77.565185
12.984818,77.654595
12.980081,77.579844
12.961883,77.638274
12.978452,77.566057
12.986524,77.665005
12.944418,77.572277
13.008951,77.583216
12.997354,77.544338
12.954398,77.621997
12.973739,77.594412
12.967804,77.58634
12.977496,77.548919
12.949901,77.567021
13.003447,77.584891
12.988045,77.657549
12.984706,77.641147
13.011214,77.586011
12.993944,77.542395
13.001216,77.586605
12.974563,77.607319
12.915699,77.566809
13.017177,77.557903
12.9386,77.602821
12.983488,77.634034
12.972455,77.569336
12.97966,77.555074
12.914666,77.569422
12.98639,77.582918
12.998314,77.574375
12.975677,77.626072
12.971164,77.567465
12.94296,77.594285
13.015219,77.580808
12.951555,77.560638
12.976073,77.655097
12.932708,77.589314
12.931199,77.566091
12.982043,77.643192
12.953543,77.584309
12.953061,77.58899
12.982786,77.640996
12.984755,77.561907
12.933612,77.566166
12.980969,77.649499
12.942164,77.573987
12.981362,77.581409
12.923124,77.564728
12.957569,77.595719
12.987117,77.578718
12.970273,77.579493
12.968146,77.55055
12.942416,77.566924
12.977314,77.643524
12.986926,77.653668
12.960558,77.571045
12.939152,77.554504
12.997355,77.591154
12.970197,77.630338
12.97448,77.684
12.938616,77.574344
12.985663,77.579616
12.988403,77.591071
12.991829,77.63853
12.962886,77.561356
12.963443,77.576591
12.980012,77.604004
12.974631,77.590597
12.968145,77.581701
12.94347,77.598025
12.930901,77.577983
12.965765,77.586606
12.964491,77.622909
12.975538,77.635439
12.937254,77.551427
12.926327,77.591412
12.979001,77.565616
12.951278,77.583978
12.918323,77.537761
12.926549,77.585452
12.981777,77.577886
13.009041,77.589872
13.012269,77.644442
12.952618,77.541112
13.010402,77.570121
12.928067,77.612382
12.978319,77.582239
12.990996,77.637101
12.983899,77.626076
12.983194,77.567562
12.984444,77.566128
12.918211,77.605644
12.960814,77.655808
12.919534,77.560801
12.921634,77.583794
12.951355,77.631521
12.979987,77.568499
12.985641,77.655071
12.925329,77.56809
12.975113,77.626301
12.97965,77.61589
13.005254,77.593519
12.953541,77.591261
12.991125,77.63759
12.991256,77.5695
13.028356,77.542887
12.976313,77.647326
12.967712,77.636363
12.974364,77.615181
12.946812,77.583636
12.967172,77.574263
13.000971,77.618349
12.982811,77.619985
12.982437,77.657202
12.959246,77.556705
12.956063,77.649838
12.993933,77.574428
12.959585,77.587007
12.987674,77.64777
12.990055,77.641629
12.924509,77.574177
12.955976,77.57869
12.978038,77.562921
12.97345,77.566808
12.961148,77.566337
12.944065,77.59583
13.010553,77.60328
13.005602,77.641464
12.955771,77.590088
12.971419,77.65476
12.956536,77.559516
12.997078,77.551992
12.993401,77.563251
12.964101,77.57151
12.983639,77.576516
12.987235,77.592232
12.99605,77.570722
12.985361,77.581776
12.989225,77.590296
12.979242,77.551377
12.990411,77.57647
12.949843,77.591334
12.957215,77.553536
12.983689,77.561856
12.976009,77.583144
12.951189,77.554922
12.957601,77.574608
12.987274,77.560217
12.983378,77.580555
12.990515,77.584366
12.938706,77.61079
12.966865,77.593507
12.994944,77.57041
13.016304,77.555054
12.989482,77.566144
12.990417,77.553715
12.93587,77.583974
12.967672,77.64047
12.977905,77.63785
13.006844,77.56545
12.995417,77.61396
12.957768,77.58257
12.980171,77.581537
12.992874,77.587253
12.919309,77.597113
12.991941,77.576994
12.997493,77.624171
12.995135,77.620357
12.934802,77.574452
12.972741,77.579899
12.988955,77.550687
12.925541,77.55467
12.98357,77.636039
12.998369,77.578515
12.976525,77.650494
12.991814,77.57956
12.930763,77.561476
12.968019,77.572699
12.921579,77.581338
12.955747,77.620398
12.967571,77.559775
12.99212,77.657568
12.980421,77.54948
12.936592,77.588098
12.972934,77.635018
12.967432,77.573176
13.010998,77.596181
12.973657,77.635238
12.98526,77.584298
12.988144,77.646281
12.977006,77.581639
13.009255,77.59374
12.982525,77.629505
12.952785,77.59768
12.969818,77.659499
12.986552,77.637717
12.957303,77.585173
13.011669,77.543863
12.941768,77.576089
12.963716,77.556751
12.915602,77.574363
12.983192,77.636952
13.007773,77.551718
12.969148,77.583141
12.921662,77.587374
12.96989,77.644172
12.935216,77.575583
12.918283,77.570424
12.954863,77.550088
12.930924,77.577505
12.977093,77.554584
12.99147,77.549304
12.99823,77.677088
12.945472,77.631829
12.975614,77.581283
12.977852,77.644107
12.958421,77.581396
13.001572,77.563391
12.989481,77.562491
12.966568,77.630866
12.976072,77.635258
12.930751,77.588281
12.969875,77.568432
12.987127,77.611768
12.94518,77.571919
12.996696,77.570503
13.003844,77.545114
12.940338,77.585627
13.009171,77.576521
12.969936,77.579842
12.993466,77.551662
12.991505,77.561813
12.9663,77.596957
12.944495,77.572361
12.985437,77.570656
12.972189,77.556748
12.979984,77.604244
12.96462,77.574353
13.005847,77.580925
12.937417,77.573885
12.94391,77.586208
12.928775,77.586936
13.005912,77.580886
13.005298,77.559631
13.001517,77.570006
12.998708,77.589539
12.975708,77.579789
13.000578,77.593796
12.986868,77.542674
12.98231,77.559761
12.954374,77.557236
12.920709,77.577793
12.946299,77.591154
13.019654,77.576995
12.920571,77.57466
12.960706,77.592933
12.951813,77.560293
12.975899,77.579982
12.974405,77.55368
12.959969,77.564165
12.984774,77.633286
13.007183,77.581461
12.937517,77.603816
12.979904,77.571874
12.982457,77.652071
12.972839,77.563411
12.982232,77.640156
12.984659,77.589772
12.950326,77.566867
12.973368,77.633825
12.949122,77.5601
12.970498,77.582078
13.01304,77.56713
13.002781,77.597509
12.976839,77.595607
12.97461,77.65888
12.984812,77.576022
12.973189,77.629988
12.982947,77.568318
12.966914,77.552735
12.971519,77.589407
12.989838,77.586139
12.94866,77.618056
12.97749,77.583773
12.977039,77.575686
12.995968,77.597532
12.962675,77.571772
12.985225,77.563618
12.952742,77.573625
12.987756,77.581925
12.964926,77.569351
12.965843,77.584973
12.974973,77.562525
12.987419,77.631138
12.936798,77.583711
12.918081,77.540265
13.003147,77.629212
12.982175,77.616465
12.973484,77.58055
12.978474,77.664981
12.911304,77.590599
12.923655,77.566019
12.978368,77.621304
12.970056,77.604209
12.941115,77.535112
12.918278,77.575778
12.981535,77.565688
12.964576,77.595597
12.925786,77.591437
12.967819,77.583971
12.980136,77.624278
12.991373,77.582298
13.011098,77.575129
12.972275,77.627494
12.982719,77.656234
12.998541,77.659483
12.916338,77.593585
12.919912,77.59146
12.964431,77.566375
13.001851,77.588169
12.969394,77.64315
12.95388,77.575313
12.999409,77.592413
12.990482,77.661958
12.997295,77.637508
12.986193,77.549221
12.924394,77.62448
12.97156,77.625193
12.988838,77.55906
12.9735,77.654977
12.969709,77.650936
12.989485,77.588769
12.999032,77.566599
12.97643,77.561986
12.931751,77.582141
12.984922,77.57134
12.998101,77.556699
12.918375,77.557488
12.98163,77.631865
12.94279,77.550766
12.924647,77.59727
12.97505,77.645205
12.948811,77.584452
12.978378,77.584764
12.983466,77.55343
12.957933,77.563187
13.003256,77.572228
12.945305,77.565462
12.992115,77.624208
12.97967,77.635528
12.981107,77.582504
13.008565,77.573576
12.995787,77.585439
12.925744,77.562554
12.990496,77.663828
12.935032,77.584371
12.979674,77.585129
12.92776,77.554152
12.98892,77.619196
12.961026,77.564312
12.99263,77.584933
12.977553,77.560612
12.989352,77.616152
13.003869,77.581662
12.969334,77.590843
12.988995,77.647052
12.985,77.597762
12.998276,77.569804
12.951758,77.61836
12.971491,77.588478
12.976024,77.590887
12.915198,77.588131
12.954634,77.578331
12.998971,77.639654
12.960934,77.631839
12.988061,77.579931
12.97271,77.558647
12.924469,77.589381
12.981186,77.561487
13.005886,77.551274
12.934838,77.582733
12.99339,77.571414
12.975802,77.637156
12.980683,77.571609
12.999791,77.58753
12.949011,77.634496
12.916336,77.578668
12.961548,77.645152
12.942691,77.570797
12.960595,77.575292
12.925615,77.57614
12.995982,77.566589
12.975093,77.569623
12.967272,77.577239
12.976145,77.633047
12.95601,77.567227
13.006315,77.574156
12.973144,77.586544
12.980949,77.57514
12.953644,77.591967
12.976804,77.586685
12.933796,77.59728
12.985776,77.580004
13.001417,77.641935
12.950985,77.540554
12.929607,77.579361
12.98527,77.66718
12.973936,77.567885
12.911362,77.538376
13.001834,77.554212
12.96778,77.61969
12.926152,77.573183
13.013306,77.584216
12.964432,77.646624
13.011841,77.544235
12.958728,77.566783
13.009498,77.585496
12.997039,77.536609
12.948831,77.599061
12.969176,77.582504
12.972872,77.583499
12.971523,77.568363
12.910746,77.554383
12.961276,77.562407
12.9514,77.57273
12.985114,77.583329
12.955603,77.541167
13.002251,77.574047
12.965369,77.595869
12.953453,77.580085
12.969573,77.676573
12.982845,77.584787
12.962793,77.573421
12.953744,77.627011
12.913936,77.57178
12.980662,77.586278
12.992791,77.59244
12.978906,77.647751
12.965132,77.619488
12.918252,77.58672
12.960171,77.574844
12.960364,77.563638
13.029333,77.557635
12.91465,77.574818
12.975722,77.632311
12.990058,77.637366
12.929634,77.582335
12.999429,77.5623
12.973669,77.568345
12.979513,77.642686
12.972346,77.524687
12.994658,77.553471
12.963479,77.557036
12.997141,77.592863
12.943227,77.592715
12.976679,77.590261
12.986492,77.656967
13.010668,77.578803
12.978184,77.556947
12.9262,77.556506
12.986449,77.568892
12.977917,77.560222
13.010321,77.569482
12.974523,77.644449
12.935591,77.554668
12.933679,77.570882
12.917291,77.570709
12.978307,77.570127
12.921854,77.587693
12.942371,77.576476
12.912553,77.598221
12.925208,77.560986
12.998801,77.653474
12.977598,77.626275
13.012865,77.569824
13.001775,77.584053
12.970034,77.575715
12.914363,77.581197
12.92462,77.58789
12.949536,77.552797
12.974877,77.570158
12.981179,77.557639
12.984961,77.589896
12.982245,77.593147
12.944181,77.573707
12.963242,77.540914
13.008688,77.584158
13.003312,77.580177
13.017775,77.567337
12.947515,77.630619
12.977484,77.559494
12.986129,77.594944
13.020835,77.553016
12.979772,77.647303
12.939062,77.557892
12.988354,77.560481
13.002317,77.572858
12.98173,77.576607
13.024869,77.59928
12.921783,77.587592
12.966296,77.648883
12.912374,77.55953
12.912631,77.602217
13.002552,77.582573
12.969049,77.575018
12.971691,77.628918
12.940868,77.61101
12.944724,77.575488
12.995458,77.572819
13.02128,77.581113
12.954046,77.59907
13.00794,77.58277
12.962704,77.646036
13.010742,77.59281
12.97217,77.645925
13.009238,77.572143
12.959967,77.563248
13.037993,77.554085
12.982286,77.580402
13.003781,77.568414
12.955626,77.555464
12.970054,77.665679
12.965336,77.559809
12.995421,77.565981
13.006194,77.566374
12.968475,77.567699
12.987,77.626871
12.985044,77.578599
12.971576,77.63794
12.990874,77.585971
12.989441,77.621211
12.997961,77.559489
12.967335,77.584623
12.966978,77.58114
12.959876,77.578533
12.980124,77.651509
13.002318,77.564692
12.972371,77.639568
12.950423,77.562606
12.930228,77.606223
12.95885,77.570677
12.966108,77.632483
12.955618,77.595191
12.949771,77.575054
12.990522,77.591104
12.974977,77.559009
12.945341,77.563396
13.020947,77.573983
12.973324,77.579359
12.972724,77.633789
12.946174,77.569479
12.964907,77.548837
12.983851,77.582408
13.019198,77.558694
13.003996,77.54206
12.981178,77.561874
12.963518,77.559067
12.995482,77.577875
12.976964,77.576227
12.921273,77.548907
12.981464,77.56846
12.929448,77.593239
12.96798,77.666275
12.972658,77.629648
12.932736,77.562472
13.001353,77.569931
12.994917,77.570953
12.957801,77.590291
12.98153,77.58524
13.001845,77.560862
12.968085,77.589855
12.970807,77.640264
12.980235,77.568641
12.962783,77.587886
12.951486,77.599281
12.936077,77.568447
13.01033,77.578442
12.979253,77.580817
13.032435,77.585658
12.969843,77.656947
12.972166,77.637708
12.988794,77.617739
12.985393,77.587253
12.91606,77.569507
12.977762,77.565899
12.972438,77.655599
12.987527,77.59285
12.981102,77.585639
12.979911,77.561624
12.94689,77.57991
12.999295,77.553912
12.95599,77.591159
12.974405,77.55368
12.940975,77.594255
12.93315,77.556953
12.936592,77.588098
12.95574,77.559745
13.024263,77.582434
12.998818,77.59897
12.998632,77.570443
12.971822,77.587684
12.973618,77.57391
12.977695,77.654417
12.969887,77.619553
12.986581,77.555536
12.979802,77.653454
12.972575,77.641417
12.986421,77.597732
12.966306,77.582641
12.983303,77.576375
12.99883,77.561392
12.954747,77.561504
12.967365,77.581436
12.969328,77.558734
12.992251,77.59756
13.005693,77.598471
13.022291,77.561906
12.98362,77.5944
13.007051,77.595563
12.995806,77.562257
12.938745,77.571216
13.024283,77.572812
13.017332,77.587834
12.965488,77.574259
12.966783,77.585004
12.990796,77.544066
12.93484,77.594285
12.91494,77.560336
13.015892,77.573874
12.930706,77.584789
13.005783,77.583561
12.961957,77.642858
12.971103,77.568981
12.969172,77.572104
12.935263,77.587885
12.970202,77.573137
12.980871,77.661919
12.988481,77.55345
12.987919,77.537906
12.98736,77.655032
12.97778,77.568734
12.943028,77.562415
13.011515,77.585635
12.971815,77.577583
12.910023,77.574355
12.957301,77.603122
12.942396,77.580854
12.968358,77.586983
12.964705,77.652844
12.972285,77.551326
12.994387,77.562504
13.014042,77.569113
13.020633,77.555512
12.936986,77.617408
12.968314,77.590872
12.991256,77.5695
12.965284,77.571051
12.966032,77.533128
13.008858,77.578907
12.917022,77.570406
12.965322,77.646189
12.956363,77.642582
12.935302,77.598347
12.918339,77.578308
13.023228,77.563533
12.993171,77.590248
12.96676,77.54934
12.942952,77.570643
12.998607,77.585429
12.981425,77.60675
12.954246,77.568955
12.947386,77.575542
12.99852,77.560596
12.987565,77.571038
12.942774,77.606803
13.006965,77.586065
12.988919,77.568125
12.970662,77.590746
13.006614,77.560913
12.983128,77.607652
12.968151,77.640707
12.963053,77.573283
12.998123,77.553031
12.958938,77.589941
12.988811,77.590156
12.965935,77.62
12.954184,77.58523
12.979213,77.557376
13.016387,77.56804
12.958563,77.584804
12.968655,77.562521
12.932439,77.593682
12.991425,77.580559
12.975554,77.546726
12.971324,77.559121
12.947973,77.580189
12.991688,77.638198
12.955909,77.548964
12.949759,77.579027
13.000949,77.575453
12.955708,77.585102
12.981992,77.586546
12.975044,77.569914
12.983891,77.57342
12.960896,77.585201
13.00524,77.547539
13.000507,77.636146
12.936738,77.588099
12.92242,77.609529
12.958349,77.568777
12.978592,77.555905
12.966433,77.62025
12.967142,77.627176
12.979962,77.63979
12.991624,77.653285
12.954716,77.555799
12.933436,77.568398
12.982796,77.568284
12.98852,77.573999
12.942623,77.542203
12.986137,77.604717
13.001768,77.57362
12.946793,77.58448
13.017157,77.581091
12.933827,77.602288
12.947538,77.57889
12.991147,77.57523
13.027044,77.555618
13.001873,77.598966
12.942013,77.529281
12.991822,77.582432
12.984127,77.573329
12.977966,77.605642
12.950118,77.557081
12.968425,77.575649
12.993389,77.590447
12.960318,77.655326
12.973963,77.586398
12.977618,77.649814
12.987605,77.575562
12.948073,77.586716
12.958821,77.571051
12.973243,77.641098
12.998692,77.581349
13.002122,77.585433
13.013788,77.573924
12.915717,77.549036
12.915789,77.565627
12.980616,77.566964
12.966018,77.595295
12.987815,77.575576
12.966566,77.569768
12.968564,77.581295
12.964786,77.63978
12.997254,77.590532
13.009011,77.569682
12.983934,77.574677
12.961419,77.562154
12.942912,77.564408
12.971345,77.567572
12.954934,77.55737
12.985326,77.580237
12.981112,77.57125
12.952081,77.58319
12.991589,77.558129
12.952952,77.602315
12.944244,77.583385
12.987778,77.599628
12.962777,77.628435
12.960641,77.641288
13.016826,77.582946
12.985202,77.584633
12.983513,77.631018
12.994869,77.648843
12.995062,77.618584
12.917189,77.595947
12.965697,77.606996
13.004785,77.58162
12.973854,77.632804
12.97023,77.562022
12.979673,77.555802
12.92255,77.617912
13.011296,77.651113
12.99169,77.588579
12.983539,77.640031
12.995743,77.564285
12.977473,77.566958
12.974506,77.592148
12.937396,77.605574
12.94135,77.580193
13.007192,77.577072
12.947634,77.569672
12.995311,77.58327
13.00622,77.575465
12.980747,77.635971
13.00113,77.555572
12.935254,77.584331
12.969853,77.56639
12.986262,77.585245
12.974994,77.583239
12.992089,77.575143
12.977713,77.651824
12.975656,77.671748
13.002393,77.579409
12.98307,77.576767
12.927514,77.585826
12.990734,77.574677
13.000676,77.57129
12.979322,77.653665
12.967008,77.585324
12.95278,77.582624
13.006914,77.577781
12.970145,77.61022
12.978295,77.589171
12.98101,77.571585
12.94808,77.602027
12.984408,77.56941
12.953256,77.573884
13.00809,77.569775
12.938451,77.572694
12.969096,77.641994
12.975367,77.584913
12.957929,77.549312
12.997835,77.559294
12.994977,77.598773
12.991454,77.576939
12.93448,77.579053
12.977877,77.653765
12.944581,77.564337
12.947692,77.557213
12.968904,77.649772
13.006305,77.563862
12.975611,77.579006
13.008797,77.567509
12.928229,77.540252
12.9853,77.55664
12.978219,77.657943
13.019896,77.598764
12.991056,77.559338
12.963049,77.570394
12.987124,77.566238
12.925359,77.58425
12.927585,77.563054
13.016004,77.55452
12.92796,77.573187
12.963387,77.605461
12.980204,77.65454
12.965046,77.555184
12.96854,77.634694
12.955976,77.57869
12.953576,77.608529
12.973759,77.580479
13.000878,77.640369
13.003071,77.598588
13.000604,77.588118
13.001419,77.561969
12.931301,77.577068
12.942065,77.565729
12.956874,77.591463
12.975398,77.57957
12.950795,77.593058
12.972873,77.574876
12.974408,77.574608
12.929673,77.571385
12.93136,77.586363
12.958734,77.566913
12.949063,77.63298
12.962661,77.595795
12.994558,77.55066
12.991749,77.576289
13.008497,77.566691
12.970797,77.636458
12.954945,77.592944
12.968399,77.592142
12.992334,77.595078
12.977869,77.582568
13.003293,77.550576
12.924057,77.585953
12.967299,77.64476
12.974084,77.622312
12.929814,77.56811
12.983274,77.600266
12.959226,77.633507
12.91045,77.590751
12.982999,77.640979
13.013842,77.587916
13.019136,77.591705
13.008484,77.53257
12.954578,77.549706
12.965035,77.62248
12.993231,77.564918
12.96742,77.582445
12.92397,77.585242
12.949843,77.591334
12.933798,77.583316
12.960966,77.597993
12.975953,77.567253
12.974929,77.646213
12.986815,77.586211
12.94063,77.566354
12.985363,77.559904
12.995064,77.585208
12.983067,77.651048
12.972687,77.568483
12.97983,77.581708
12.97848,77.570605
12.957519,77.58957
13.011085,77.574377
12.951796,77.560283
12.929186,77.577097
12.967993,77.649238
12.997912,77.601168
12.997225,77.585631
12.921684,77.574007
12.962205,77.554226
12.956727,77.547496
12.981725,77.537186
12.981579,77.57904
12.961766,77.631744
12.999728,77.530585
12.993425,77.568471
13.0099,77.576216
12.993919,77.581624
12.96393,77.572041
12.966051,77.639064
12.919607,77.585271
12.918935,77.625289
12.984858,77.54832
12.931558,77.585183
12.913009,77.588841
12.943831,77.580604
12.962807,77.60121
12.96895,77.595929
12.971166,77.599747
12.938958,77.54757
12.926459,77.58237
12.978255,77.671691
12.961603,77.638978
12.983129,77.561697
12.98422,77.561245
12.981244,77.591069
12.932417,77.588919
12.97904,77.57884
13.004318,77.579902
12.987788,77.606282
12.928368,77.541437
12.997184,77.647843
12.995076,77.560517
13.000073,77.560839
13.00522,77.540249
12.980684,77.644037
13.024471,77.565265
12.983044,77.587847
12.994137,77.573474
12.967651,77.64238
12.979632,77.569343
13.008685,77.569696
12.933535,77.593246
12.978394,77.635407
12.936127,77.56088
12.995085,77.569764
12.967642,77.659277
13.001466,77.554852
12.994097,77.627014
12.967532,77.606804
12.980925,77.576709
12.958551,77.640357
13.016103,77.559728
12.974797,77.65204
12.978993,77.594327
12.991118,77.558624
12.93678,77.536427
12.964895,77.580415
12.942701,77.598067
12.988803,77.639475
12.981326,77.605809
12.96557,77.646259
12.915036,77.576381
12.981983,77.648879
12.917038,77.600348
12.982019,77.567087
13.01482,77.649616
12.9767,77.570244
12.973805,77.570646
12.9469,77.557602
12.980895,77.575442
12.993622,77.567263
12.984956,77.615329
12.998813,77.592406
12.920662,77.604865
12.933138,77.547071
12.973374,77.573257
12.974259,77.560249
13.000172,77.636082
12.996734,77.569115
12.986539,77.672731
12.990879,77.567354
12.989806,77.582432
12.950298,77.5802
12.994887,77.583981
12.999355,77.572786
12.990113,77.557269
12.980949,77.588726
12.982171,77.655438
12.990945,77.643563
12.968677,77.609604
13.001447,77.566213
13.002686,77.561694
12.918049,77.591744
12.97603,77.590628
12.912045,77.598214
12.973873,77.58518
12.946602,77.62594
12.986971,77.544794
12.980576,77.641962
12.978489,77.560424
12.976422,77.557533
12.982138,77.55969
12.981717,77.571829
12.980115,77.645875
12.968234,77.631154
12.969874,77.578011
12.936942,77.589904
12.994804,77.570372
12.975292,77.578787
12.961433,77.65589
12.974568,77.549382
12.984325,77.591446
12.991486,77.541807
12.95285,77.579668
12.987736,77.585773
12.957878,77.645978
12.972324,77.572349
12.928787,77.599198
12.975773,77.580098
12.978793,77.639782
12.972997,77.555005
12.975752,77.579226
12.960686,77.662142
12.942789,77.580818
13.003789,77.581008
12.975728,77.578925
13.009509,77.600119
12.946785,77.594231
12.982884,77.55509
12.940643,77.552742
13.000263,77.587152
12.978864,77.590752
12.954619,77.576198
12.950821,77.581384
12.981247,77.627804
12.979931,77.646281
12.934107,77.593923
12.973311,77.642898
12.993522,77.633948
12.966509,77.59143
12.982086,77.631378
12.911442,77.608227
12.929268,77.572037
13.009049,77.59025
12.915925,77.554389
12.982887,77.589183
12.921205,77.623802
12.98918,77.586032
12.958903,77.629388
13.018723,77.597075
12.944943,77.636848
12.97717,77.56688
12.980427,77.566081
12.983754,77.620921
12.931865,77.581305
12.987372,77.593071
12.944713,77.580583
13.003587,77.565224
12.947422,77.588082
13.002454,77.583667
12.983999,77.583993
12.921617,77.559061
12.975997,77.655929
12.970304,77.584265
12.976933,77.571582
12.997707,77.564625
12.96019,77.593041
12.975069,77.646417
12.977308,77.575822
13.012101,77.592925
12.969568,77.570171
12.981252,77.599647
12.991978,77.56234
12.987343,77.625275
12.969135,77.582965
12.969833,77.56682
